2018-11-24 09:10:11,"b""RT @ADogsWayHome: Upload a photo of your pup and share your own dog's journey using #ADogsWayHome and #ShareMyDogStory for a chance to be f\xe2\x80\xa6"""
2018-11-24 05:46:24,"b""RT @ADogsWayHome: Before Bella's story unfolds on the big screen, share your own dog's journey using #ADogsWayHome and #ShareMyDogStory for\xe2\x80\xa6"""
2018-11-24 05:08:12,"b""RT @ADogsWayHome: Upload a photo of your pup and share your own dog's journey using #ADogsWayHome and #ShareMyDogStory for a chance to be f\xe2\x80\xa6"""
2018-11-24 04:27:07,b'RT @ADogsWayHome: A lot can happen between lost and found. Watch the #ADogsWayHome trailer now \xe2\x80\x93 on the big screen January 11th. https://t.\xe2\x80\xa6'
2018-11-24 03:56:45,"b""RT @ADogsWayHome: Before Bella's story unfolds on the big screen, share your own dog's journey using #ADogsWayHome and #ShareMyDogStory for\xe2\x80\xa6"""
2018-11-24 03:55:12,"b'@ADogsWayHome We rescued Emmett after being dumped in the country to survive in his own; covered in ticks, testing\xe2\x80\xa6 https://t.co/gZAacgJq78'"
2018-11-24 02:33:07,"b""RT @ADogsWayHome: Upload a photo of your pup and share your own dog's journey using #ADogsWayHome and #ShareMyDogStory for a chance to be f\xe2\x80\xa6"""
2018-11-24 02:28:21,"b'#ADogsWayHome our dog gizmo,he was the bastest damn dog you\xe2\x80\x99d ever know. It\xe2\x80\x99s been 2 years since he passed and we\xe2\x80\x99r\xe2\x80\xa6 https://t.co/S40E9r8Loq'"
2018-11-24 02:28:05,"b'RT @ADogsWayHome: This Thanksgiving, we\xe2\x80\x99re thankful for laughs, loyalty, and love. #HappyThanksgiving #ADogsWayHome \xf0\x9f\x90\xb6 https://t.co/cUycgCPy\xe2\x80\xa6'"
2018-11-24 02:00:14,"b""RT @ADogsWayHome: Before Bella's story unfolds on the big screen, share your own dog's journey using #ADogsWayHome and #ShareMyDogStory for\xe2\x80\xa6"""
2018-11-24 01:58:18,"b'@ADogsWayHome Kona, her first vet visit after being adopted and now a year later! A healthy and happy pup, living t\xe2\x80\xa6 https://t.co/fMwRcxGpgj'"
2018-11-24 01:57:02,"b""RT @ADogsWayHome: Before Bella's story unfolds on the big screen, share your own dog's journey using #ADogsWayHome and #ShareMyDogStory for\xe2\x80\xa6"""
2018-11-24 01:23:23,"b""RT @ADogsWayHome: Upload a photo of your pup and share your own dog's journey using #ADogsWayHome and #ShareMyDogStory for a chance to be f\xe2\x80\xa6"""
2018-11-24 00:17:52,"b'RT @ADogsWayHome: Follow along as #ADogsWayHome\xe2\x80\x99s @BryceDHoward shares Shelby\xe2\x80\x99s story - an epic adventure that begins with her rescue, to b\xe2\x80\xa6'"
2018-11-24 00:17:28,"b""RT @ADogsWayHome: Upload a photo of your pup and share your own dog's journey using #ADogsWayHome and #ShareMyDogStory for a chance to be f\xe2\x80\xa6"""
2018-11-23 23:58:51,"b""RT @ADogsWayHome: Before Bella's story unfolds on the big screen, share your own dog's journey using #ADogsWayHome and #ShareMyDogStory for\xe2\x80\xa6"""
2018-11-23 23:50:05,b'RT @jess_nuss: This is Eleanor Roosevelt. She was abused and abandoned in Indiana. When I met her she was scared of everyone except me. Now\xe2\x80\xa6'
2018-11-23 23:49:16,b'This is Eleanor Roosevelt. She was abused and abandoned in Indiana. When I met her she was scared of everyone excep\xe2\x80\xa6 https://t.co/ZwHbquIVek'
2018-11-23 23:47:05,"b""RT @ADogsWayHome: Upload a photo of your pup and share your own dog's journey using #ADogsWayHome and #ShareMyDogStory for a chance to be f\xe2\x80\xa6"""
2018-11-23 22:56:11,"b'RT @TK9582: Our Great Pyrenees, Flurry, was found wandering and pregnant in Ohio. She was malnourished and had other signs of abuse. Two da\xe2\x80\xa6'"
2018-11-23 22:48:35,"b'Our Great Pyrenees, Flurry, was found wandering and pregnant in Ohio. She was malnourished and had other signs of a\xe2\x80\xa6 https://t.co/SyLTGtuREN'"
2018-11-23 22:43:39,"b'@ADogsWayHome I logged onto my computer at work back in 2009, MSNBC featured a video of a dog running around MIA ru\xe2\x80\xa6 https://t.co/4BlM9Q9fQu'"
2018-11-23 22:37:00,"b""RT @ADogsWayHome: Upload a photo of your pup and share your own dog's journey using #ADogsWayHome and #ShareMyDogStory for a chance to be f\xe2\x80\xa6"""
2018-11-23 21:53:04,"b""RT @ADogsWayHome: Upload a photo of your pup and share your own dog's journey using #ADogsWayHome and #ShareMyDogStory for a chance to be f\xe2\x80\xa6"""
2018-11-23 21:49:59,"b'RT @MattWhitmanTMBH: I just sat through the trailer for #adogswayhome at the theatre, and it was literally the entire movie from beginning\xe2\x80\xa6'"
2018-11-23 21:30:59,"b""RT @ADogsWayHome: Before Bella's story unfolds on the big screen, share your own dog's journey using #ADogsWayHome and #ShareMyDogStory for\xe2\x80\xa6"""
2018-11-23 21:13:07,b'i actually don\xe2\x80\x99t know who i\xe2\x80\x99ve wronged to deserve being served #ADogsWayHome ads across all social media platforms'
2018-11-23 18:10:48,"b""RT @ADogsWayHome: Upload a photo of your pup and share your own dog's journey using #ADogsWayHome and #ShareMyDogStory for a chance to be f\xe2\x80\xa6"""
2018-11-23 17:48:25,"b'I just sat through the trailer for #adogswayhome at the theatre, and it was literally the entire movie from beginni\xe2\x80\xa6 https://t.co/Q8GxAyQKn0'"
2018-11-23 17:14:47,"b""RT @ADogsWayHome: Upload a photo of your pup and share your own dog's journey using #ADogsWayHome and #ShareMyDogStory for a chance to be f\xe2\x80\xa6"""
2018-11-23 16:53:51,"b""RT @ADogsWayHome: Upload a photo of your pup and share your own dog's journey using #ADogsWayHome and #ShareMyDogStory for a chance to be f\xe2\x80\xa6"""
2018-11-23 16:51:25,"b'Can\xe2\x80\x99t watch the preview for #adogswayhome without crying, no way I get through that movie'"
2018-11-23 16:40:19,"b'RT @SonyPictures: This Thanksgiving, we\xe2\x80\x99re thankful for laughs, loyalty, and love. #HappyThanksgiving #ADogsWayHome \xf0\x9f\x90\xb6 https://t.co/oGOFrlTn\xe2\x80\xa6'"
2018-11-23 16:34:48,"b""RT @ADogsWayHome: Before Bella's story unfolds on the big screen, share your own dog's journey using #ADogsWayHome and #ShareMyDogStory for\xe2\x80\xa6"""
2018-11-23 15:45:01,"b""RT @ADogsWayHome: Before Bella's story unfolds on the big screen, share your own dog's journey using #ADogsWayHome and #ShareMyDogStory for\xe2\x80\xa6"""
2018-11-23 15:12:26,"b""RT @ADogsWayHome: Upload a photo of your pup and share your own dog's journey using #ADogsWayHome and #ShareMyDogStory for a chance to be f\xe2\x80\xa6"""
2018-11-23 15:09:21,"b""RT @ADogsWayHome: Upload a photo of your pup and share your own dog's journey using #ADogsWayHome and #ShareMyDogStory for a chance to be f\xe2\x80\xa6"""
2018-11-23 14:17:07,b'@ADogsWayHome #ADogsWayHome #ShareMyDogStory This was nutmeg. We lost her to cancer earlier this year. We also adop\xe2\x80\xa6 https://t.co/5rZRz2QSHy'
2018-11-23 12:14:55,"b""RT @ADogsWayHome: Upload a photo of your pup and share your own dog's journey using #ADogsWayHome and #ShareMyDogStory for a chance to be f\xe2\x80\xa6"""
2018-11-23 10:08:44,"b'RT @SonyPictures: This Thanksgiving, we\xe2\x80\x99re thankful for laughs, loyalty, and love. #HappyThanksgiving #ADogsWayHome \xf0\x9f\x90\xb6 https://t.co/oGOFrlTn\xe2\x80\xa6'"
2018-11-23 09:03:15,"b'@ADogsWayHome #Adogswayhome, #ShareMyDogStory \nThis is Graceland (Grace), we got her from our local shelter in Sept\xe2\x80\xa6 https://t.co/erU0P75HrG'"
2018-11-23 08:08:57,b'This is Stella. She was found running around an intersection in San Diego last December. Her owners were tracked do\xe2\x80\xa6 https://t.co/Y7dJKk6rOr'
2018-11-23 06:38:25,"b""This is doggone special!!!!\nShare your dog's story with  @DogsWayHome and...\n\xf0\x9f\x90\xb6\xf0\x9f\x90\xb6\xf0\x9f\x90\xb6\xf0\x9f\x90\xb6\xf0\x9f\x90\xb6\xf0\x9f\x90\xb6\xf0\x9f\x90\xb6\xf0\x9f\x90\xb6\xf0\x9f\x90\xb6\xf0\x9f\x90\xb6\xf0\x9f\x90\xb6\xf0\x9f\x90\xb6\n#DogsRock\n#AdoptDontShop\xe2\x80\xa6 https://t.co/wUN8enAIX0"""
2018-11-23 06:00:31,"b""RT @ADogsWayHome: Upload a photo of your pup and share your own dog's journey using #ADogsWayHome and #ShareMyDogStory for a chance to be f\xe2\x80\xa6"""
2018-11-23 05:23:33,"b'RT @ADogsWayHome: This Thanksgiving, we\xe2\x80\x99re thankful for laughs, loyalty, and love. #HappyThanksgiving #ADogsWayHome \xf0\x9f\x90\xb6 https://t.co/cUycgCPy\xe2\x80\xa6'"
2018-11-23 05:16:05,"b""RT @ADogsWayHome: Upload a photo of your pup and share your own dog's journey using #ADogsWayHome and #ShareMyDogStory for a chance to be f\xe2\x80\xa6"""
2018-11-23 05:03:04,"b""@ADogsWayHome My puppy was rescued from the streets when she 8 months old. When we got her, they told us she didn't\xe2\x80\xa6 https://t.co/G5MuQPuDxQ"""
2018-11-23 04:59:21,"b'RT @SonyPictures: This Thanksgiving, we\xe2\x80\x99re thankful for laughs, loyalty, and love. #HappyThanksgiving #ADogsWayHome \xf0\x9f\x90\xb6 https://t.co/oGOFrlTn\xe2\x80\xa6'"
2018-11-23 03:47:01,"b'RT @ADogsWayHome: This Thanksgiving, we\xe2\x80\x99re thankful for laughs, loyalty, and love. #HappyThanksgiving #ADogsWayHome \xf0\x9f\x90\xb6 https://t.co/cUycgCPy\xe2\x80\xa6'"
2018-11-23 03:46:06,b'RT @ADogsWayHome: Every dog has a story. Upload a photo of your pup using #ADogsWayHome and #ShareMyDogStory and tell us the story of your\xe2\x80\xa6'
2018-11-23 03:02:54,"b'RT @ADogsWayHome: This Thanksgiving, we\xe2\x80\x99re thankful for laughs, loyalty, and love. #HappyThanksgiving #ADogsWayHome \xf0\x9f\x90\xb6 https://t.co/cUycgCPy\xe2\x80\xa6'"
2018-11-23 03:02:30,b'RT @ADogsWayHome: A lot can happen between lost and found. Watch the #ADogsWayHome trailer now \xe2\x80\x93 on the big screen January 11th. https://t.\xe2\x80\xa6'
2018-11-23 02:59:43,"b'RT @ADogsWayHome: Follow along as #ADogsWayHome\xe2\x80\x99s @BryceDHoward shares Shelby\xe2\x80\x99s story - an epic adventure that begins with her rescue, to b\xe2\x80\xa6'"
2018-11-23 02:53:04,b'#ADogsWayHome #ShareMyDogStory Casserole was chained up outdoors year round in the Atlanta summer heat and cold win\xe2\x80\xa6 https://t.co/fOfAsBHy8K'
2018-11-23 02:43:20,"b'@ADogsWayHome The rescue that had her was closing down. We were told that no one would ever want her, and she was g\xe2\x80\xa6 https://t.co/cLRJTtpAin'"
2018-11-23 02:30:12,"b""RT @ADogsWayHome: Upload a photo of your pup and share your own dog's journey using #ADogsWayHome and #ShareMyDogStory for a chance to be f\xe2\x80\xa6"""
2018-11-23 02:26:12,"b'RT @SonyPictures: This Thanksgiving, we\xe2\x80\x99re thankful for laughs, loyalty, and love. #HappyThanksgiving #ADogsWayHome \xf0\x9f\x90\xb6 https://t.co/oGOFrlTn\xe2\x80\xa6'"
2018-11-23 01:16:23,b'@ADogsWayHome This is Lucky. He was 6 y/o when we adopted him from the shelter. He\xe2\x80\x99s 11 y/o now. He loves to nap al\xe2\x80\xa6 https://t.co/gWJjQe6kap'
2018-11-23 01:05:40,b'RT @ADogsWayHome: Every dog has a story. Upload a photo of your pup using #ADogsWayHome and #ShareMyDogStory and tell us the story of your\xe2\x80\xa6'
2018-11-23 00:48:40,b'@ADogsWayHome Got this little one from rescue after he\xe2\x80\x99d been left on the streets. Old dog of 9 got the old man nam\xe2\x80\xa6 https://t.co/0GuffoVvKK'
2018-11-23 00:20:45,"b""RT @ADogsWayHome: Upload a photo of your pup and share your own dog's journey using #ADogsWayHome and #ShareMyDogStory for a chance to be f\xe2\x80\xa6"""
2018-11-23 00:00:08,"b'This Thanksgiving, we\xe2\x80\x99re thankful for laughter, loyalty, and love. #HappyThanksgiving #ADogsWayHome \xf0\x9f\x90\xb6 https://t.co/aCCqel8SNP'"
2018-11-22 23:13:33,"b'RT @SonyPictures: This Thanksgiving, we\xe2\x80\x99re thankful for laughs, loyalty, and love. #HappyThanksgiving #ADogsWayHome \xf0\x9f\x90\xb6 https://t.co/oGOFrlTn\xe2\x80\xa6'"
2018-11-22 22:51:01,"b'RT @ADogsWayHome: This Thanksgiving, we\xe2\x80\x99re thankful for laughs, loyalty, and love. #HappyThanksgiving #ADogsWayHome \xf0\x9f\x90\xb6 https://t.co/cUycgCPy\xe2\x80\xa6'"
2018-11-22 22:04:33,b'RT @jennaguilar7: My brother found my dog abandoned with 1 month of life in the hot sidewalk with no water and a bite on his neck and tons\xe2\x80\xa6'
2018-11-22 21:25:34,"b""RT @ADogsWayHome: Upload a photo of your pup and share your own dog's journey using #ADogsWayHome and #ShareMyDogStory for a chance to be f\xe2\x80\xa6"""
2018-11-22 21:23:39,"b""RT @ADogsWayHome: Upload a photo of your pup and share your own dog's journey using #ADogsWayHome and #ShareMyDogStory for a chance to be f\xe2\x80\xa6"""
2018-11-22 21:13:08,b'#BryceDallasHoward is Bella in #ADogsWayHome - heartwarming adventure of a dog who embarks on an epic 400-mile jour\xe2\x80\xa6 https://t.co/Q3eMYVrN5L'
2018-11-22 21:07:16,b'My brother found my dog abandoned with 1 month of life in the hot sidewalk with no water and a bite on his neck and\xe2\x80\xa6 https://t.co/RGNrakDvr9'
2018-11-22 20:58:20,"b""RT @ADogsWayHome: Upload a photo of your pup and share your own dog's journey using #ADogsWayHome and #ShareMyDogStory for a chance to be f\xe2\x80\xa6"""
2018-11-22 20:57:18,"b'RT @Sassy_Giggle: \xe2\x80\x9cYes! Yes! Cheese is my life!\xe2\x80\x9d Give Bella all the cheese in the world, right now! \xf0\x9f\x98\xad\xf0\x9f\x98\xad\xe2\x9d\xa4\xef\xb8\x8f #ADogsWayHome https://t.co/yes7tAE\xe2\x80\xa6'"
2018-11-22 20:56:49,b'RT @etnow: .@BryceDHoward tells us how a rescue dog became the star of #ADogsWayHome! \xf0\x9f\x90\xb6 https://t.co/RCnIAso4AZ'
2018-11-22 20:56:43,b'RT @ADogsWayHome: Every dog has a story. Upload a photo of your pup using #ADogsWayHome and #ShareMyDogStory and tell us the story of your\xe2\x80\xa6'
2018-11-22 20:55:52,b'I WANT TO WATCH #ADogsWayHome!!! \xf0\x9f\x98\xab'
2018-11-22 20:42:32,"b""RT @ADogsWayHome: Before Bella's story unfolds on the big screen, share your own dog's journey using #ADogsWayHome and #ShareMyDogStory for\xe2\x80\xa6"""
2018-11-22 20:35:34,b'This is Izzy. She was rescued from SD with a litter of puppies. She used to hate going outside because she feared s\xe2\x80\xa6 https://t.co/Ml7qshkY7m'
2018-11-22 20:25:31,b'Bumblebees first staredown.. or stareup should I say!! Good news to hear that he Is alive and well after this encou\xe2\x80\xa6 https://t.co/BEfqveXh25'
2018-11-22 20:16:13,"b""RT @ADogsWayHome: Upload a photo of your pup and share your own dog's journey using #ADogsWayHome and #ShareMyDogStory for a chance to be f\xe2\x80\xa6"""
2018-11-22 19:28:45,"b""RT @ADogsWayHome: Upload a photo of your pup and share your own dog's journey using #ADogsWayHome and #ShareMyDogStory for a chance to be f\xe2\x80\xa6"""
2018-11-22 18:55:24,"b""RT @ADogsWayHome: Upload a photo of your pup and share your own dog's journey using #ADogsWayHome and #ShareMyDogStory for a chance to be f\xe2\x80\xa6"""
2018-11-22 18:50:17,"b'RT @ADogsWayHome: This Thanksgiving, we\xe2\x80\x99re thankful for laughs, loyalty, and love. #HappyThanksgiving #ADogsWayHome \xf0\x9f\x90\xb6 https://t.co/cUycgCPy\xe2\x80\xa6'"
2018-11-22 17:55:52,b'Why didn\xe2\x80\x99t the cameramen help Bella in #adogswayhome ? #nationaldogshow'
2018-11-22 17:33:18,"b'RT @TGatesC: @ADogsWayHome This is Roxy. Rescued from a puppy mill in TN, then adopted by a family in MA. They gave her up saying she was \xe2\x80\x9c\xe2\x80\xa6'"
2018-11-22 17:32:57,b'RT @phillyadopt: @ADogsWayHome #adogswayhome #ShareMyDogStory Adopted my baby after him &amp; his sibling were dumped at high kill shelter 6 ye\xe2\x80\xa6'
2018-11-22 17:32:47,b'RT @Soxfan012: @ADogsWayHome #ADogsWayHome #ShareMyDogStory Molly was born on a puppy mill farm in Nebraska. When she was still too little\xe2\x80\xa6'
2018-11-22 16:56:47,"b""RT @ADogsWayHome: Upload a photo of your pup and share your own dog's journey using #ADogsWayHome and #ShareMyDogStory for a chance to be f\xe2\x80\xa6"""
2018-11-22 16:56:10,"b'RT @SonyPictures: This Thanksgiving, we\xe2\x80\x99re thankful for laughs, loyalty, and love. #HappyThanksgiving #ADogsWayHome \xf0\x9f\x90\xb6 https://t.co/oGOFrlTn\xe2\x80\xa6'"
2018-11-22 16:53:24,"b""RT @ADogsWayHome: Before Bella's story unfolds on the big screen, share your own dog's journey using #ADogsWayHome and #ShareMyDogStory for\xe2\x80\xa6"""
2018-11-22 16:49:17,"b'RT @SonyPictures: This Thanksgiving, we\xe2\x80\x99re thankful for laughs, loyalty, and love. #HappyThanksgiving #ADogsWayHome \xf0\x9f\x90\xb6 https://t.co/oGOFrlTn\xe2\x80\xa6'"
2018-11-22 16:49:08,"b'RT @ADogsWayHome: This Thanksgiving, we\xe2\x80\x99re thankful for laughs, loyalty, and love. #HappyThanksgiving #ADogsWayHome \xf0\x9f\x90\xb6 https://t.co/cUycgCPy\xe2\x80\xa6'"
2018-11-22 16:48:15,"b'RT @SonyPictures: This Thanksgiving, we\xe2\x80\x99re thankful for laughs, loyalty, and love. #HappyThanksgiving #ADogsWayHome \xf0\x9f\x90\xb6 https://t.co/oGOFrlTn\xe2\x80\xa6'"
2018-11-22 16:38:57,"b'RT @ADogsWayHome: This Thanksgiving, we\xe2\x80\x99re thankful for laughs, loyalty, and love. #HappyThanksgiving #ADogsWayHome \xf0\x9f\x90\xb6 https://t.co/cUycgCPy\xe2\x80\xa6'"
2018-11-22 16:22:39,"b""RT @ADogsWayHome: Upload a photo of your pup and share your own dog's journey using #ADogsWayHome and #ShareMyDogStory for a chance to be f\xe2\x80\xa6"""
2018-11-22 16:04:56,"b'RT @ADogsWayHome: This Thanksgiving, we\xe2\x80\x99re thankful for laughs, loyalty, and love. #HappyThanksgiving #ADogsWayHome \xf0\x9f\x90\xb6 https://t.co/cUycgCPy\xe2\x80\xa6'"
2018-11-22 16:02:26,"b'RT @SonyPictures: This Thanksgiving, we\xe2\x80\x99re thankful for laughs, loyalty, and love. #HappyThanksgiving #ADogsWayHome \xf0\x9f\x90\xb6 https://t.co/oGOFrlTn\xe2\x80\xa6'"
2018-11-22 16:01:18,"b'RT @SonyPictures: This Thanksgiving, we\xe2\x80\x99re thankful for laughs, loyalty, and love. #HappyThanksgiving #ADogsWayHome \xf0\x9f\x90\xb6 https://t.co/oGOFrlTn\xe2\x80\xa6'"
2018-11-22 15:57:57,b'@ADogsWayHome I trained my dachshund Nipper to dig for truffels but he only found a dildo my neighbor Corinne burie\xe2\x80\xa6 https://t.co/eLg4I69l3Y'
2018-11-22 15:56:32,"b'RT @SonyPictures: This Thanksgiving, we\xe2\x80\x99re thankful for laughs, loyalty, and love. #HappyThanksgiving #ADogsWayHome \xf0\x9f\x90\xb6 https://t.co/oGOFrlTn\xe2\x80\xa6'"
2018-11-22 15:50:14,"b'This Thanksgiving, we\xe2\x80\x99re thankful for laughter, loyalty, and love. #HappyThanksgiving #ADogsWayHome \xf0\x9f\x90\xb6 https://t.co/ABo1XyZx0I'"
2018-11-22 15:37:56,"b'@ADogsWayHome This is Roxy. Rescued from a puppy mill in TN, then adopted by a family in MA. They gave her up sayin\xe2\x80\xa6 https://t.co/V9L3rAM9MT'"
2018-11-22 15:29:08,b'@ADogsWayHome #ADogsWayHome #ShareMyDogStory Molly was born on a puppy mill farm in Nebraska. When she was still to\xe2\x80\xa6 https://t.co/ozXMi3RxcR'
2018-11-22 15:25:22,b'RT @ADogsWayHome: A lot can happen between lost and found. Watch the #ADogsWayHome trailer now \xe2\x80\x93 on the big screen January 11th. https://t.\xe2\x80\xa6'
2018-11-22 15:21:16,"b""RT @ADogsWayHome: Before Bella's story unfolds on the big screen, share your own dog's journey using #ADogsWayHome and #ShareMyDogStory for\xe2\x80\xa6"""
2018-11-22 15:08:57,"b'@ADogsWayHome Ginger rescued me in December 2013. She is now 8. Literally my Road Dog......got her in NC, moved to\xe2\x80\xa6 https://t.co/3WzN3iJhRf'"
2018-11-22 15:06:48,b'@ADogsWayHome #ADogsWayHome This is Shelby too! She was found wandering in a field before being rescued! She fights\xe2\x80\xa6 https://t.co/ssukdveVRC'
2018-11-22 15:00:05,"b'RT @SonyPictures: This Thanksgiving, we\xe2\x80\x99re thankful for laughs, loyalty, and love. #HappyThanksgiving #ADogsWayHome \xf0\x9f\x90\xb6 https://t.co/oGOFrlTn\xe2\x80\xa6'"
2018-11-22 14:51:20,"b""RT @ADogsWayHome: Upload a photo of your pup and share your own dog's journey using #ADogsWayHome and #ShareMyDogStory for a chance to be f\xe2\x80\xa6"""
2018-11-22 14:48:35,"b'RT @ADogsWayHome: This Thanksgiving, we\xe2\x80\x99re thankful for laughs, loyalty, and love. #HappyThanksgiving #ADogsWayHome \xf0\x9f\x90\xb6 https://t.co/cUycgCPy\xe2\x80\xa6'"
2018-11-22 14:43:44,"b""RT @ADogsWayHome: Upload a photo of your pup and share your own dog's journey using #ADogsWayHome and #ShareMyDogStory for a chance to be f\xe2\x80\xa6"""
2018-11-22 14:22:33,"b'#ADogsWayHome This is Theodore Beauregard, a Cavachon we rescued after he was already rescued\xe2\x80\x94 and returned. :-(. H\xe2\x80\xa6 https://t.co/8GGSA60F1b'"
2018-11-22 14:19:29,"b'RT @SonyPictures: This Thanksgiving, we\xe2\x80\x99re thankful for laughs, loyalty, and love. #HappyThanksgiving #ADogsWayHome \xf0\x9f\x90\xb6 https://t.co/oGOFrlTn\xe2\x80\xa6'"
2018-11-22 14:18:11,"b'RT @ADogsWayHome: This Thanksgiving, we\xe2\x80\x99re thankful for laughs, loyalty, and love. #HappyThanksgiving #ADogsWayHome \xf0\x9f\x90\xb6 https://t.co/cUycgCPy\xe2\x80\xa6'"
2018-11-22 14:17:47,"b'RT @SonyPictures: This Thanksgiving, we\xe2\x80\x99re thankful for laughs, loyalty, and love. #HappyThanksgiving #ADogsWayHome \xf0\x9f\x90\xb6 https://t.co/oGOFrlTn\xe2\x80\xa6'"
2018-11-22 14:12:51,"b'RT @ADogsWayHome: This Thanksgiving, we\xe2\x80\x99re thankful for laughs, loyalty, and love. #HappyThanksgiving #ADogsWayHome \xf0\x9f\x90\xb6 https://t.co/cUycgCPy\xe2\x80\xa6'"
2018-11-22 14:07:58,"b'RT @ADogsWayHome: This Thanksgiving, we\xe2\x80\x99re thankful for laughs, loyalty, and love. #HappyThanksgiving #ADogsWayHome \xf0\x9f\x90\xb6 https://t.co/cUycgCPy\xe2\x80\xa6'"
2018-11-22 14:06:39,"b'RT @ADogsWayHome: This Thanksgiving, we\xe2\x80\x99re thankful for laughs, loyalty, and love. #HappyThanksgiving #ADogsWayHome \xf0\x9f\x90\xb6 https://t.co/cUycgCPy\xe2\x80\xa6'"
2018-11-22 14:03:00,"b'RT @SonyPictures: This Thanksgiving, we\xe2\x80\x99re thankful for laughs, loyalty, and love. #HappyThanksgiving #ADogsWayHome \xf0\x9f\x90\xb6 https://t.co/oGOFrlTn\xe2\x80\xa6'"
2018-11-22 14:02:54,"b'RT @SonyPictures: This Thanksgiving, we\xe2\x80\x99re thankful for laughs, loyalty, and love. #HappyThanksgiving #ADogsWayHome \xf0\x9f\x90\xb6 https://t.co/oGOFrlTn\xe2\x80\xa6'"
2018-11-22 14:02:49,"b'RT @SonyPictures: This Thanksgiving, we\xe2\x80\x99re thankful for laughs, loyalty, and love. #HappyThanksgiving #ADogsWayHome \xf0\x9f\x90\xb6 https://t.co/oGOFrlTn\xe2\x80\xa6'"
2018-11-22 14:00:21,"b'SonyPictures: This Thanksgiving, we\xe2\x80\x99re thankful for laughs, loyalty, and love. #HappyThanksgiving #ADogsWayHome \xf0\x9f\x90\xb6 https://t.co/cmUED6OYur'"
2018-11-22 14:00:01,"b'This Thanksgiving, we\xe2\x80\x99re thankful for laughs, loyalty, and love. #HappyThanksgiving #ADogsWayHome \xf0\x9f\x90\xb6 https://t.co/oGOFrlTnQF'"
2018-11-22 14:00:01,"b'This Thanksgiving, we\xe2\x80\x99re thankful for laughs, loyalty, and love. #HappyThanksgiving #ADogsWayHome \xf0\x9f\x90\xb6 https://t.co/cUycgCPyUr'"
2018-11-22 13:48:51,b'@ADogsWayHome #adogswayhome #ShareMyDogStory Adopted my baby after him &amp; his sibling were dumped at high kill shelt\xe2\x80\xa6 https://t.co/Io9SpaFRoC'
2018-11-22 12:01:20,"b""RT @ADogsWayHome: Upload a photo of your pup and share your own dog's journey using #ADogsWayHome and #ShareMyDogStory for a chance to be f\xe2\x80\xa6"""
2018-11-22 11:20:05,"b""RT @ADogsWayHome: Upload a photo of your pup and share your own dog's journey using #ADogsWayHome and #ShareMyDogStory for a chance to be f\xe2\x80\xa6"""
2018-11-22 11:18:03,"b""RT @ADogsWayHome: Before Bella's story unfolds on the big screen, share your own dog's journey using #ADogsWayHome and #ShareMyDogStory for\xe2\x80\xa6"""
2018-11-22 11:03:17,b'RT @ADogsWayHome: Every dog has a story. Upload a photo of your pup using #ADogsWayHome and #ShareMyDogStory and tell us the story of your\xe2\x80\xa6'
2018-11-22 09:39:32,"b""RT @ADogsWayHome: Before Bella's story unfolds on the big screen, share your own dog's journey using #ADogsWayHome and #ShareMyDogStory for\xe2\x80\xa6"""
2018-11-21 22:42:52,b'RT @SonyPictures: Every dog has a story. Upload a photo of your pup using #ADogsWayHome and #ShareMyDogStory and tell us the story of your\xe2\x80\xa6'
2018-11-21 22:13:02,b'RT @ADogsWayHome: Every dog has a story. Upload a photo of your pup using #ADogsWayHome and #ShareMyDogStory and tell us the story of your\xe2\x80\xa6'
2018-11-21 20:04:31,"b'RT @aaralynanderson: so happy and excited for Auntie Cathryn and Bruce and ""baby girl"" Shelby with @BryceDHoward https://t.co/zfsRTsJn6c ca\xe2\x80\xa6'"
2018-11-21 19:49:11,b'RT @ADogsWayHome: Every dog has a story. Upload a photo of your pup using #ADogsWayHome and #ShareMyDogStory and tell us the story of your\xe2\x80\xa6'
2018-11-21 19:34:08,b'Follow along as #ADogsWayHome\xe2\x80\x99s @BryceDHoward shares Shelby\xe2\x80\x99s story - an epic adventure that begins with her rescue\xe2\x80\xa6 https://t.co/i9CVfLT9s9'
2018-11-21 19:32:32,b'Follow along as #ADogsWayHome\xe2\x80\x99s @BryceDHoward shares Shelby\xe2\x80\x99s story - an epic adventure that begins with her rescue\xe2\x80\xa6 https://t.co/CuZnQeo2VT'
2018-11-21 19:31:22,b'Follow along as #ADogsWayHome\xe2\x80\x99s @BryceDHoward shares Shelby\xe2\x80\x99s story - an epic adventure that begins with her rescue\xe2\x80\xa6 https://t.co/yUXfaubPXC'
2018-11-21 19:30:45,b'Follow along as #ADogsWayHome\xe2\x80\x99s @BryceDHoward shares Shelby\xe2\x80\x99s story - an epic adventure that begins with her rescue\xe2\x80\xa6 https://t.co/phB3YLF54G'
2018-11-21 19:08:46,b'RT @ADogsWayHome: Every dog has a story. Upload a photo of your pup using #ADogsWayHome and #ShareMyDogStory and tell us the story of your\xe2\x80\xa6'
2018-11-21 19:04:27,"b'so happy and excited for Auntie Cathryn and Bruce and ""baby girl"" Shelby with @BryceDHoward https://t.co/zfsRTsJn6c\xe2\x80\xa6 https://t.co/H5j61LFk8H'"
2018-11-21 17:56:04,"b'RT @BowTieCinemas: Follow along as #ADogsWayHome\xe2\x80\x99s @BryceDHoward shares Shelby\xe2\x80\x99s story - an epic adventure that begins with her rescue, to\xe2\x80\xa6'"
2018-11-21 17:40:23,b'RT @ADogsWayHome: A lot can happen between lost and found. Watch the #ADogsWayHome trailer now \xe2\x80\x93 on the big screen January 11th. https://t.\xe2\x80\xa6'
2018-11-21 16:28:33,b'RT @SonyPictures: Every dog has a story. Upload a photo of your pup using #ADogsWayHome and #ShareMyDogStory and tell us the story of your\xe2\x80\xa6'
2018-11-21 16:23:23,b'RT @SonyPictures: Every dog has a story. Upload a photo of your pup using #ADogsWayHome and #ShareMyDogStory and tell us the story of your\xe2\x80\xa6'
2018-11-21 15:19:47,b'RT @SonyPictures: Every dog has a story. Upload a photo of your pup using #ADogsWayHome and #ShareMyDogStory and tell us the story of your\xe2\x80\xa6'
2018-11-21 15:04:48,b'RT @ADogsWayHome: Every dog has a story. Upload a photo of your pup using #ADogsWayHome and #ShareMyDogStory and tell us the story of your\xe2\x80\xa6'
2018-11-21 14:59:19,b'RT @ADogsWayHome: Every dog has a story. Upload a photo of your pup using #ADogsWayHome and #ShareMyDogStory and tell us the story of your\xe2\x80\xa6'
2018-11-21 14:58:35,b'RT @ADogsWayHome: Every dog has a story. Upload a photo of your pup using #ADogsWayHome and #ShareMyDogStory and tell us the story of your\xe2\x80\xa6'
2018-11-21 14:55:20,"b'RT @ADogsWayHome: Follow along as #ADogsWayHome\xe2\x80\x99s @BryceDHoward shares Shelby\xe2\x80\x99s story - an epic adventure that begins with her rescue, to b\xe2\x80\xa6'"
2018-11-21 14:54:08,b'Every dog has a story. Upload a photo of your pup using #ADogsWayHome and #ShareMyDogStory and tell us the story of\xe2\x80\xa6 https://t.co/LaMG5Dlbd4'
2018-11-21 14:53:53,b'RT @ADogsWayHome: Every dog has a story. Upload a photo of your pup using #ADogsWayHome and #ShareMyDogStory and tell us the story of your\xe2\x80\xa6'
2018-11-21 14:53:44,b'Every dog has a story. Upload a photo of your pup using #ADogsWayHome and #ShareMyDogStory and tell us the story of\xe2\x80\xa6 https://t.co/eAu3XTPXAG'
2018-11-21 11:34:15,b'RT @ADogsWayHome: A lot can happen between lost and found. Watch the #ADogsWayHome trailer now \xe2\x80\x93 on the big screen January 11th. https://t.\xe2\x80\xa6'
2018-11-21 10:54:06,"b'RT @SonyPictures: Follow along as #ADogsWayHome\xe2\x80\x99s @BryceDHoward shares Shelby\xe2\x80\x99s story - an epic adventure that begins with her rescue, to b\xe2\x80\xa6'"
2018-11-21 10:54:01,"b'RT @ADogsWayHome: Follow along as #ADogsWayHome\xe2\x80\x99s @BryceDHoward shares Shelby\xe2\x80\x99s story - an epic adventure that begins with her rescue, to b\xe2\x80\xa6'"
2018-11-21 09:39:58,b'RT @etnow: .@BryceDHoward tells us how a rescue dog became the star of #ADogsWayHome! \xf0\x9f\x90\xb6 https://t.co/RCnIAso4AZ'
2018-11-21 09:33:53,"b""RT @GavinPolone: Hey, it would be great if you could share this vignette, which is about the lead actor/dog in our movie A Dog's Way Home a\xe2\x80\xa6"""
2018-11-21 08:48:38,"b'RT @SonyPictures: Follow along as #ADogsWayHome\xe2\x80\x99s @BryceDHoward shares Shelby\xe2\x80\x99s story - an epic adventure that begins with her rescue, to b\xe2\x80\xa6'"
2018-11-21 08:44:11,"b'RT @SonyPictures: Follow along as #ADogsWayHome\xe2\x80\x99s @BryceDHoward shares Shelby\xe2\x80\x99s story - an epic adventure that begins with her rescue, to b\xe2\x80\xa6'"
2018-11-21 08:28:41,"b'RT @ADogsWayHome: Follow along as #ADogsWayHome\xe2\x80\x99s @BryceDHoward shares Shelby\xe2\x80\x99s story - an epic adventure that begins with her rescue, to b\xe2\x80\xa6'"
2018-11-21 08:00:17,"b""RT @GavinPolone: Hey, it would be great if you could share this vignette, which is about the lead actor/dog in our movie A Dog's Way Home a\xe2\x80\xa6"""
2018-11-21 07:11:59,"b'RT @ADogsWayHome: Follow along as #ADogsWayHome\xe2\x80\x99s @BryceDHoward shares Shelby\xe2\x80\x99s story - an epic adventure that begins with her rescue, to b\xe2\x80\xa6'"
2018-11-21 06:57:48,b'RT @ADogsWayHome: A lot can happen between lost and found. Watch the #ADogsWayHome trailer now \xe2\x80\x93 on the big screen January 11th. https://t.\xe2\x80\xa6'
2018-11-21 06:08:09,"b""RT @GavinPolone: Hey, it would be great if you could share this vignette, which is about the lead actor/dog in our movie A Dog's Way Home a\xe2\x80\xa6"""
2018-11-21 05:58:37,"b'RT @SonyPictures: Follow along as #ADogsWayHome\xe2\x80\x99s @BryceDHoward shares Shelby\xe2\x80\x99s story - an epic adventure that begins with her rescue, to b\xe2\x80\xa6'"
2018-11-21 05:58:33,b'RT @etnow: .@BryceDHoward tells us how a rescue dog became the star of #ADogsWayHome! \xf0\x9f\x90\xb6 https://t.co/RCnIAso4AZ'
2018-11-21 05:58:22,"b""RT @BryceDHoward: It's finally here! Meet Bella in all her glory. Seriously, guys -- she is going to Melt. Your. Heart! \nWatch the #ADogsWa\xe2\x80\xa6"""
2018-11-21 05:58:14,"b""RT @BryceDHoward: Calling all animal lovers! Meet Bella and get ready to fall in love. I'm so grateful to be a part of this film. Trailer t\xe2\x80\xa6"""
2018-11-21 05:35:44,"b'RT @SonyPictures: Follow along as #ADogsWayHome\xe2\x80\x99s @BryceDHoward shares Shelby\xe2\x80\x99s story - an epic adventure that begins with her rescue, to b\xe2\x80\xa6'"
2018-11-21 05:35:40,b'RT @etnow: .@BryceDHoward tells us how a rescue dog became the star of #ADogsWayHome! \xf0\x9f\x90\xb6 https://t.co/RCnIAso4AZ'
2018-11-21 05:35:34,"b""RT @BryceDHoward: It's finally here! Meet Bella in all her glory. Seriously, guys -- she is going to Melt. Your. Heart! \nWatch the #ADogsWa\xe2\x80\xa6"""
2018-11-21 05:35:30,"b""RT @BryceDHoward: Calling all animal lovers! Meet Bella and get ready to fall in love. I'm so grateful to be a part of this film. Trailer t\xe2\x80\xa6"""
2018-11-21 05:35:05,"b'RT @ADogsWayHome: Follow along as #ADogsWayHome\xe2\x80\x99s @BryceDHoward shares Shelby\xe2\x80\x99s story - an epic adventure that begins with her rescue, to b\xe2\x80\xa6'"
2018-11-21 05:34:44,b'RT @ADogsWayHome: A lot can happen between lost and found. Watch the #ADogsWayHome trailer now \xe2\x80\x93 on the big screen January 11th. https://t.\xe2\x80\xa6'
2018-11-21 05:17:52,b'CARA/MPAA Film Ratings BULLETIN For 11/21/18; Official MPAA Ratings &amp; Rating Reasons Announced For #SpiderMan\xe2\x80\xa6 https://t.co/nZ6WD5JdpL'
2018-11-21 05:01:09,"b'RT @SonyPictures: Follow along as #ADogsWayHome\xe2\x80\x99s @BryceDHoward shares Shelby\xe2\x80\x99s story - an epic adventure that begins with her rescue, to b\xe2\x80\xa6'"
2018-11-21 05:01:00,b'RT @etnow: .@BryceDHoward tells us how a rescue dog became the star of #ADogsWayHome! \xf0\x9f\x90\xb6 https://t.co/RCnIAso4AZ'
2018-11-21 05:00:49,"b""RT @BryceDHoward: It's finally here! Meet Bella in all her glory. Seriously, guys -- she is going to Melt. Your. Heart! \nWatch the #ADogsWa\xe2\x80\xa6"""
2018-11-21 05:00:45,"b""RT @BryceDHoward: Calling all animal lovers! Meet Bella and get ready to fall in love. I'm so grateful to be a part of this film. Trailer t\xe2\x80\xa6"""
2018-11-21 04:48:18,"b'RT @SonyPictures: Follow along as #ADogsWayHome\xe2\x80\x99s @BryceDHoward shares Shelby\xe2\x80\x99s story - an epic adventure that begins with her rescue, to b\xe2\x80\xa6'"
2018-11-21 04:48:15,b'RT @etnow: .@BryceDHoward tells us how a rescue dog became the star of #ADogsWayHome! \xf0\x9f\x90\xb6 https://t.co/RCnIAso4AZ'
2018-11-21 04:48:10,"b""RT @BryceDHoward: It's finally here! Meet Bella in all her glory. Seriously, guys -- she is going to Melt. Your. Heart! \nWatch the #ADogsWa\xe2\x80\xa6"""
2018-11-21 04:48:07,"b""RT @BryceDHoward: Calling all animal lovers! Meet Bella and get ready to fall in love. I'm so grateful to be a part of this film. Trailer t\xe2\x80\xa6"""
2018-11-21 04:20:41,"b'RT @SonyPictures: Follow along as #ADogsWayHome\xe2\x80\x99s @BryceDHoward shares Shelby\xe2\x80\x99s story - an epic adventure that begins with her rescue, to b\xe2\x80\xa6'"
2018-11-21 04:20:37,b'RT @etnow: .@BryceDHoward tells us how a rescue dog became the star of #ADogsWayHome! \xf0\x9f\x90\xb6 https://t.co/RCnIAso4AZ'
2018-11-21 04:20:30,"b""RT @BryceDHoward: It's finally here! Meet Bella in all her glory. Seriously, guys -- she is going to Melt. Your. Heart! \nWatch the #ADogsWa\xe2\x80\xa6"""
2018-11-21 04:20:27,"b""RT @BryceDHoward: Calling all animal lovers! Meet Bella and get ready to fall in love. I'm so grateful to be a part of this film. Trailer t\xe2\x80\xa6"""
2018-11-21 03:40:10,"b'RT @SonyPictures: Follow along as #ADogsWayHome\xe2\x80\x99s @BryceDHoward shares Shelby\xe2\x80\x99s story - an epic adventure that begins with her rescue, to b\xe2\x80\xa6'"
2018-11-21 03:28:49,"b'RT @SonyPictures: Follow along as #ADogsWayHome\xe2\x80\x99s @BryceDHoward shares Shelby\xe2\x80\x99s story - an epic adventure that begins with her rescue, to b\xe2\x80\xa6'"
2018-11-21 03:25:00,"b""RT @GavinPolone: Hey, it would be great if you could share this vignette, which is about the lead actor/dog in our movie A Dog's Way Home a\xe2\x80\xa6"""
2018-11-21 03:20:46,b'RT @etnow: .@BryceDHoward tells us how a rescue dog became the star of #ADogsWayHome! \xf0\x9f\x90\xb6 https://t.co/RCnIAso4AZ'
2018-11-21 03:16:53,"b'RT @SonyPictures: Follow along as #ADogsWayHome\xe2\x80\x99s @BryceDHoward shares Shelby\xe2\x80\x99s story - an epic adventure that begins with her rescue, to b\xe2\x80\xa6'"
2018-11-21 03:16:50,b'RT @etnow: .@BryceDHoward tells us how a rescue dog became the star of #ADogsWayHome! \xf0\x9f\x90\xb6 https://t.co/RCnIAso4AZ'
2018-11-21 03:15:49,"b""RT @BryceDHoward: It's finally here! Meet Bella in all her glory. Seriously, guys -- she is going to Melt. Your. Heart! \nWatch the #ADogsWa\xe2\x80\xa6"""
2018-11-21 03:15:27,"b""RT @BryceDHoward: Calling all animal lovers! Meet Bella and get ready to fall in love. I'm so grateful to be a part of this film. Trailer t\xe2\x80\xa6"""
2018-11-21 03:05:31,b'RT @etnow: .@BryceDHoward tells us how a rescue dog became the star of #ADogsWayHome! \xf0\x9f\x90\xb6 https://t.co/RCnIAso4AZ'
2018-11-21 02:59:51,"b""RT @GavinPolone: Hey, it would be great if you could share this vignette, which is about the lead actor/dog in our movie A Dog's Way Home a\xe2\x80\xa6"""
2018-11-21 02:50:40,"b""Hey, it would be great if you could share this vignette, which is about the lead actor/dog in our movie A Dog's Way\xe2\x80\xa6 https://t.co/7mohfMrrXE"""
2018-11-21 01:48:26,b'Follow along as #ADogsWayHome\xe2\x80\x99s @BryceDHoward shares Shelby\xe2\x80\x99s story - an epic adventure that begins with her rescue\xe2\x80\xa6 https://t.co/Bk162ORC3E'
2018-11-21 01:43:21,"b'RT @SonyPictures: Follow along as #ADogsWayHome\xe2\x80\x99s @BryceDHoward shares Shelby\xe2\x80\x99s story - an epic adventure that begins with her rescue, to b\xe2\x80\xa6'"
2018-11-21 01:36:20,b'RT @ADogsWayHome: A lot can happen between lost and found. Watch the #ADogsWayHome trailer now \xe2\x80\x93 on the big screen January 11th. https://t.\xe2\x80\xa6'
2018-11-21 01:36:12,"b'RT @ADogsWayHome: Follow along as #ADogsWayHome\xe2\x80\x99s @BryceDHoward shares Shelby\xe2\x80\x99s story - an epic adventure that begins with her rescue, to b\xe2\x80\xa6'"
2018-11-21 00:57:32,b'RT @ADogsWayHome: A lot can happen between lost and found. Watch the #ADogsWayHome trailer now \xe2\x80\x93 on the big screen January 11th. https://t.\xe2\x80\xa6'
2018-11-21 00:51:22,b'RT @ADogsWayHome: A lot can happen between lost and found. Watch the #ADogsWayHome trailer now \xe2\x80\x93 on the big screen January 11th. https://t.\xe2\x80\xa6'
2018-11-21 00:50:35,b'RT @etnow: .@BryceDHoward tells us how a rescue dog became the star of #ADogsWayHome! \xf0\x9f\x90\xb6 https://t.co/RCnIAso4AZ'
2018-11-21 00:48:27,b'RT @ADogsWayHome: A lot can happen between lost and found. Watch the #ADogsWayHome trailer now \xe2\x80\x93 on the big screen January 11th. https://t.\xe2\x80\xa6'
2018-11-21 00:47:00,b'RT @etnow: .@BryceDHoward tells us how a rescue dog became the star of #ADogsWayHome! \xf0\x9f\x90\xb6 https://t.co/RCnIAso4AZ'
2018-11-21 00:23:24,b'RT @etnow: .@BryceDHoward tells us how a rescue dog became the star of #ADogsWayHome! \xf0\x9f\x90\xb6 https://t.co/RCnIAso4AZ'
2018-11-21 00:08:51,"b'RT @ADogsWayHome: Follow along as #ADogsWayHome\xe2\x80\x99s @BryceDHoward shares Shelby\xe2\x80\x99s story - an epic adventure that begins with her rescue, to b\xe2\x80\xa6'"
2018-11-20 23:09:24,"b'RT @SonyPictures: Follow along as #ADogsWayHome\xe2\x80\x99s @BryceDHoward shares Shelby\xe2\x80\x99s story - an epic adventure that begins with her rescue, to b\xe2\x80\xa6'"
2018-11-20 23:06:17,b'RT @etnow: .@BryceDHoward tells us how a rescue dog became the star of #ADogsWayHome! \xf0\x9f\x90\xb6 https://t.co/RCnIAso4AZ'
2018-11-20 22:53:44,b'RT @etnow: .@BryceDHoward tells us how a rescue dog became the star of #ADogsWayHome! \xf0\x9f\x90\xb6 https://t.co/RCnIAso4AZ'
2018-11-20 22:48:20,b'RT @etnow: .@BryceDHoward tells us how a rescue dog became the star of #ADogsWayHome! \xf0\x9f\x90\xb6 https://t.co/RCnIAso4AZ'
2018-11-20 22:27:54,"b'RT @ADogsWayHome: Follow along as #ADogsWayHome\xe2\x80\x99s @BryceDHoward shares Shelby\xe2\x80\x99s story - an epic adventure that begins with her rescue, to b\xe2\x80\xa6'"
2018-11-20 22:13:51,b'RT @etnow: .@BryceDHoward tells us how a rescue dog became the star of #ADogsWayHome! \xf0\x9f\x90\xb6 https://t.co/RCnIAso4AZ'
2018-11-20 21:52:48,"b'RT @SonyPictures: Follow along as #ADogsWayHome\xe2\x80\x99s @BryceDHoward shares Shelby\xe2\x80\x99s story - an epic adventure that begins with her rescue, to b\xe2\x80\xa6'"
2018-11-20 21:50:16,b'RT @etnow: .@BryceDHoward tells us how a rescue dog became the star of #ADogsWayHome! \xf0\x9f\x90\xb6 https://t.co/RCnIAso4AZ'
2018-11-20 21:48:12,"b'RT @ADogsWayHome: Follow along as #ADogsWayHome\xe2\x80\x99s @BryceDHoward shares Shelby\xe2\x80\x99s story - an epic adventure that begins with her rescue, to b\xe2\x80\xa6'"
2018-11-20 21:29:59,b'RT @etnow: .@BryceDHoward tells us how a rescue dog became the star of #ADogsWayHome! \xf0\x9f\x90\xb6 https://t.co/RCnIAso4AZ'
2018-11-20 21:29:44,b'.@BryceDHoward talks about the star of the new film #ADogsWayHome in a new video https://t.co/a9dKHrzPlR'
2018-11-20 21:27:04,"b'Follow along as #ADogsWayHome\xe2\x80\x99s BrycedHoward shares Shelby\xe2\x80\x99s story - an epic adventure that begins with her rescue,\xe2\x80\xa6 https://t.co/Tsoz3zbWOG'"
2018-11-20 21:26:49,b'RT @etnow: .@BryceDHoward tells us how a rescue dog became the star of #ADogsWayHome! \xf0\x9f\x90\xb6 https://t.co/RCnIAso4AZ'
2018-11-20 21:25:01,b'Follow along as #ADogsWayHome\xe2\x80\x99s @BryceDHoward shares Shelby\xe2\x80\x99s story - an epic adventure that begins with her rescue\xe2\x80\xa6 https://t.co/dVsRUQ50f9'
2018-11-20 21:24:19,b'RT @etnow: .@BryceDHoward tells us how a rescue dog became the star of #ADogsWayHome! \xf0\x9f\x90\xb6 https://t.co/RCnIAso4AZ'
2018-11-20 21:18:47,b'RT @etnow: .@BryceDHoward tells us how a rescue dog became the star of #ADogsWayHome! \xf0\x9f\x90\xb6 https://t.co/RCnIAso4AZ'
2018-11-20 21:18:24,"b'RT @ADogsWayHome: Follow along as #ADogsWayHome\xe2\x80\x99s @BryceDHoward shares Shelby\xe2\x80\x99s story - an epic adventure that begins with her rescue, to b\xe2\x80\xa6'"
2018-11-20 21:18:08,b'RT @etnow: .@BryceDHoward tells us how a rescue dog became the star of #ADogsWayHome! \xf0\x9f\x90\xb6 https://t.co/RCnIAso4AZ'
2018-11-20 21:17:02,b'RT @etnow: .@BryceDHoward tells us how a rescue dog became the star of #ADogsWayHome! \xf0\x9f\x90\xb6 https://t.co/RCnIAso4AZ'
2018-11-20 21:16:30,b'RT @etnow: .@BryceDHoward tells us how a rescue dog became the star of #ADogsWayHome! \xf0\x9f\x90\xb6 https://t.co/RCnIAso4AZ'
2018-11-20 21:08:59,"b'RT @ADogsWayHome: Follow along as #ADogsWayHome\xe2\x80\x99s @BryceDHoward shares Shelby\xe2\x80\x99s story - an epic adventure that begins with her rescue, to b\xe2\x80\xa6'"
2018-11-20 20:56:09,"b'RT @SonyPictures: Follow along as #ADogsWayHome\xe2\x80\x99s @BryceDHoward shares Shelby\xe2\x80\x99s story - an epic adventure that begins with her rescue, to b\xe2\x80\xa6'"
2018-11-20 20:41:17,"b'RT @ADogsWayHome: Follow along as #ADogsWayHome\xe2\x80\x99s @BryceDHoward shares Shelby\xe2\x80\x99s story - an epic adventure that begins with her rescue, to b\xe2\x80\xa6'"
2018-11-20 20:34:17,"b'RT @ADogsWayHome: Follow along as #ADogsWayHome\xe2\x80\x99s @BryceDHoward shares Shelby\xe2\x80\x99s story - an epic adventure that begins with her rescue, to b\xe2\x80\xa6'"
2018-11-20 20:29:15,"b'RT @ADogsWayHome: Follow along as #ADogsWayHome\xe2\x80\x99s @BryceDHoward shares Shelby\xe2\x80\x99s story - an epic adventure that begins with her rescue, to b\xe2\x80\xa6'"
2018-11-20 20:28:43,"b'RT @ADogsWayHome: Follow along as #ADogsWayHome\xe2\x80\x99s @BryceDHoward shares Shelby\xe2\x80\x99s story - an epic adventure that begins with her rescue, to b\xe2\x80\xa6'"
2018-11-20 20:27:06,"b'RT @ADogsWayHome: Follow along as #ADogsWayHome\xe2\x80\x99s @BryceDHoward shares Shelby\xe2\x80\x99s story - an epic adventure that begins with her rescue, to b\xe2\x80\xa6'"
2018-11-20 20:26:09,"b'RT @ADogsWayHome: Follow along as #ADogsWayHome\xe2\x80\x99s @BryceDHoward shares Shelby\xe2\x80\x99s story - an epic adventure that begins with her rescue, to b\xe2\x80\xa6'"
2018-11-20 20:04:35,b'RT @etnow: .@BryceDHoward tells us how a rescue dog became the star of #ADogsWayHome! \xf0\x9f\x90\xb6 https://t.co/RCnIAso4AZ'
2018-11-20 19:55:06,"b'RT @ADogsWayHome: Follow along as #ADogsWayHome\xe2\x80\x99s @BryceDHoward shares Shelby\xe2\x80\x99s story - an epic adventure that begins with her rescue, to b\xe2\x80\xa6'"
2018-11-20 19:53:13,"b'RT @ADogsWayHome: Follow along as #ADogsWayHome\xe2\x80\x99s @BryceDHoward shares Shelby\xe2\x80\x99s story - an epic adventure that begins with her rescue, to b\xe2\x80\xa6'"
2018-11-20 19:51:38,"b'RT @ADogsWayHome: Follow along as #ADogsWayHome\xe2\x80\x99s @BryceDHoward shares Shelby\xe2\x80\x99s story - an epic adventure that begins with her rescue, to b\xe2\x80\xa6'"
2018-11-20 19:51:33,b'RT @ADogsWayHome: A lot can happen between lost and found. Watch the #ADogsWayHome trailer now \xe2\x80\x93 on the big screen January 11th. https://t.\xe2\x80\xa6'
2018-11-20 19:45:35,"b'RT @ADogsWayHome: Follow along as #ADogsWayHome\xe2\x80\x99s @BryceDHoward shares Shelby\xe2\x80\x99s story - an epic adventure that begins with her rescue, to b\xe2\x80\xa6'"
2018-11-20 19:40:01,"b'RT @ADogsWayHome: Follow along as #ADogsWayHome\xe2\x80\x99s @BryceDHoward shares Shelby\xe2\x80\x99s story - an epic adventure that begins with her rescue, to b\xe2\x80\xa6'"
2018-11-20 19:37:18,"b'RT @ADogsWayHome: Follow along as #ADogsWayHome\xe2\x80\x99s @BryceDHoward shares Shelby\xe2\x80\x99s story - an epic adventure that begins with her rescue, to b\xe2\x80\xa6'"
2018-11-20 19:36:06,"b'RT @ADogsWayHome: Follow along as #ADogsWayHome\xe2\x80\x99s @BryceDHoward shares Shelby\xe2\x80\x99s story - an epic adventure that begins with her rescue, to b\xe2\x80\xa6'"
2018-11-20 19:35:30,b'RT @etnow: .@BryceDHoward tells us how a rescue dog became the star of #ADogsWayHome! \xf0\x9f\x90\xb6 https://t.co/RCnIAso4AZ'
2018-11-20 19:35:04,"b'RT @ADogsWayHome: Follow along as #ADogsWayHome\xe2\x80\x99s @BryceDHoward shares Shelby\xe2\x80\x99s story - an epic adventure that begins with her rescue, to b\xe2\x80\xa6'"
2018-11-20 19:31:35,"b'RT @ADogsWayHome: Follow along as #ADogsWayHome\xe2\x80\x99s @BryceDHoward shares Shelby\xe2\x80\x99s story - an epic adventure that begins with her rescue, to b\xe2\x80\xa6'"
2018-11-20 19:24:40,"b'RT @ADogsWayHome: Follow along as #ADogsWayHome\xe2\x80\x99s @BryceDHoward shares Shelby\xe2\x80\x99s story - an epic adventure that begins with her rescue, to b\xe2\x80\xa6'"
2018-11-20 19:21:16,"b'RT @ADogsWayHome: Follow along as #ADogsWayHome\xe2\x80\x99s @BryceDHoward shares Shelby\xe2\x80\x99s story - an epic adventure that begins with her rescue, to b\xe2\x80\xa6'"
2018-11-20 19:17:39,"b'RT @SonyPictures: Follow along as #ADogsWayHome\xe2\x80\x99s @BryceDHoward shares Shelby\xe2\x80\x99s story - an epic adventure that begins with her rescue, to b\xe2\x80\xa6'"
2018-11-20 19:11:19,"b'RT @ADogsWayHome: Follow along as #ADogsWayHome\xe2\x80\x99s @BryceDHoward shares Shelby\xe2\x80\x99s story - an epic adventure that begins with her rescue, to b\xe2\x80\xa6'"
2018-11-20 19:06:01,"b'RT @SonyPictures: Follow along as #ADogsWayHome\xe2\x80\x99s @BryceDHoward shares Shelby\xe2\x80\x99s story - an epic adventure that begins with her rescue, to b\xe2\x80\xa6'"
2018-11-20 19:05:48,"b'RT @ADogsWayHome: Follow along as #ADogsWayHome\xe2\x80\x99s @BryceDHoward shares Shelby\xe2\x80\x99s story - an epic adventure that begins with her rescue, to b\xe2\x80\xa6'"
2018-11-20 19:05:09,"b'RT @ADogsWayHome: Follow along as #ADogsWayHome\xe2\x80\x99s @BryceDHoward shares Shelby\xe2\x80\x99s story - an epic adventure that begins with her rescue, to b\xe2\x80\xa6'"
2018-11-20 19:04:58,"b'RT @ADogsWayHome: Follow along as #ADogsWayHome\xe2\x80\x99s @BryceDHoward shares Shelby\xe2\x80\x99s story - an epic adventure that begins with her rescue, to b\xe2\x80\xa6'"
2018-11-20 19:04:46,"b'RT @ADogsWayHome: Follow along as #ADogsWayHome\xe2\x80\x99s @BryceDHoward shares Shelby\xe2\x80\x99s story - an epic adventure that begins with her rescue, to b\xe2\x80\xa6'"
2018-11-20 19:04:38,"b'RT @ADogsWayHome: Follow along as #ADogsWayHome\xe2\x80\x99s @BryceDHoward shares Shelby\xe2\x80\x99s story - an epic adventure that begins with her rescue, to b\xe2\x80\xa6'"
2018-11-20 19:04:29,"b'RT @SonyPictures: Follow along as #ADogsWayHome\xe2\x80\x99s @BryceDHoward shares Shelby\xe2\x80\x99s story - an epic adventure that begins with her rescue, to b\xe2\x80\xa6'"
2018-11-20 19:03:14,"b'RT @ADogsWayHome: Follow along as #ADogsWayHome\xe2\x80\x99s @BryceDHoward shares Shelby\xe2\x80\x99s story - an epic adventure that begins with her rescue, to b\xe2\x80\xa6'"
2018-11-20 19:00:01,b'Follow along as #ADogsWayHome\xe2\x80\x99s @BryceDHoward shares Shelby\xe2\x80\x99s story - an epic adventure that begins with her rescue\xe2\x80\xa6 https://t.co/BkK7FZmt71'
2018-11-20 19:00:00,b'Follow along as #ADogsWayHome\xe2\x80\x99s @BryceDHoward shares Shelby\xe2\x80\x99s story - an epic adventure that begins with her rescue\xe2\x80\xa6 https://t.co/wFFRALw67c'
2018-11-20 18:55:02,b'RT @etnow: .@BryceDHoward tells us how a rescue dog became the star of #ADogsWayHome! \xf0\x9f\x90\xb6 https://t.co/RCnIAso4AZ'
2018-11-20 18:38:56,b'RT @etnow: .@BryceDHoward tells us how a rescue dog became the star of #ADogsWayHome! \xf0\x9f\x90\xb6 https://t.co/RCnIAso4AZ'
2018-11-20 18:31:34,b'RT @etnow: .@BryceDHoward tells us how a rescue dog became the star of #ADogsWayHome! \xf0\x9f\x90\xb6 https://t.co/RCnIAso4AZ'
2018-11-20 18:30:52,b'RT @etnow: .@BryceDHoward tells us how a rescue dog became the star of #ADogsWayHome! \xf0\x9f\x90\xb6 https://t.co/RCnIAso4AZ'
2018-11-20 18:29:44,b'RT @etnow: .@BryceDHoward tells us how a rescue dog became the star of #ADogsWayHome! \xf0\x9f\x90\xb6 https://t.co/RCnIAso4AZ'
2018-11-20 18:28:03,b'.@BryceDHoward tells us how a rescue dog became the star of #ADogsWayHome! \xf0\x9f\x90\xb6 https://t.co/RCnIAso4AZ'
2018-11-20 16:24:18,"b""@WorldofTanksEU A Tog's Way Home #worldoftanks #ADogsWayHome #movies"""
2018-11-20 15:09:08,"b'RT @SonyPicsIndia: There are some bonds no distance can break. #BryceDallasHoward is Bella in #ADogsWayHome, coming soon. https://t.co/2fYv\xe2\x80\xa6'"
2018-11-20 05:24:09,b'Most awaited!! #sharemydogstory #adogswayhome https://t.co/mo49P3ICLK'
2018-11-20 04:14:46,"b""I'm looking forward to seeing #Adogswayhome @SonyPictures \xf0\x9f\x90\xb6\xf0\x9f\x90\x95\xf0\x9f\x90\xa9 #doglover #furmom #puppylove #dogarefamily https://t.co/7wsyDcOnmV"""
2018-11-19 18:26:36,b'RT @iloveposters: Adorable new movie poster for #ADogsWayHome \xf0\x9f\x90\xb6\nOriginal Poster: https://t.co/GqYCJ7QtAY https://t.co/5k2UWDmRkS'
2018-11-19 14:24:03,b'Adorable new movie poster for #ADogsWayHome \xf0\x9f\x90\xb6\nOriginal Poster: https://t.co/GqYCJ7QtAY https://t.co/5k2UWDmRkS'
2018-11-18 22:25:38,"b'I had a fun day at #PetCon today in #NYC and learned all about #ADogsWayHome, coming to theaters this January!\xe2\x80\xa6 https://t.co/wgoWBV2Hci'"
2018-11-18 16:24:09,b'\xf0\x9f\x98\xad over a trailer #ADogsWayHome'
2018-11-17 22:28:46,b'RT @FMLpod: Long Range Forecast Friday!\n\n@BoxOffice has their #Estimates for opening weekend of 11-9\n\n#ADogsWayHome - 12m\n#TheUpside - 13m\xe2\x80\xa6'
2018-11-17 15:54:58,b'Loving #Petcon at the #javitscenter. So many great pups with their humans. You must stop by the #sony booth. They a\xe2\x80\xa6 https://t.co/CaTAuT5OkN'
2018-11-16 18:33:33,b'@FMLpod @FinchNissen @VeganRachel @calebryan_jones @Semere_T @MTracy @bcaproni18 @spacekaijupod @McLeanAmy\xe2\x80\xa6 https://t.co/q7YI1xEA7O'
2018-11-16 18:21:33,"b""RT @BoxOffice: Long Range Tracking: A DOG'S WAY HOME and THE UPSIDE; Plus AQUAMAN and More Updates \nhttps://t.co/CE8IIgk6DK \n#ADogsWayHome\xe2\x80\xa6"""
2018-11-16 18:19:46,b'Long Range Forecast Friday!\n\n@BoxOffice has their #Estimates for opening weekend of 11-9\n\n#ADogsWayHome - 12m\xe2\x80\xa6 https://t.co/4senUVAqLh'
2018-11-16 18:01:23,"b""RT @BoxOffice: Long Range Tracking: A DOG'S WAY HOME and THE UPSIDE; Plus AQUAMAN and More Updates \nhttps://t.co/CE8IIgk6DK \n#ADogsWayHome\xe2\x80\xa6"""
2018-11-16 17:55:09,"b""Long Range Tracking: A DOG'S WAY HOME and THE UPSIDE; Plus AQUAMAN and More Updates \nhttps://t.co/CE8IIgk6DK\xe2\x80\xa6 https://t.co/AlWz85HfnY"""
2018-11-16 05:04:58,"b'RT @CineplexMovies: Sit, stay, and treat yourself to the new trailer for #ADogsWayHome!\n\nIn theatres January 11th, 2019. https://t.co/kVNIk\xe2\x80\xa6'"
2018-11-16 01:20:01,b'RT @ADogsWayHome: A lot can happen between lost and found. Watch the #ADogsWayHome trailer now \xe2\x80\x93 on the big screen January 11th. https://t.\xe2\x80\xa6'
2018-11-15 14:42:09,b'Thank you \xe2\x81\xa6@people\xe2\x81\xa9 for dedicating a full page to #1 author #wbrucecameron and his #booksbeforemovies #adogspurpose\xe2\x80\xa6 https://t.co/XYIRgqein0'
2018-11-13 16:06:59,"b""RT @BryceDHoward: Calling all animal lovers! Meet Bella and get ready to fall in love. I'm so grateful to be a part of this film. Trailer t\xe2\x80\xa6"""
