2018-11-23 21:14:00,b'RT @RichTVXChannel: #Breaking https://t.co/wbLNCqenSd Delivers Hot New Trailers For Upcoming Movies #trailer #movie #film #comingsoon #truc\xe2\x80\xa6'
2018-11-23 21:13:34,b'RT @RichTVXChannel: https://t.co/wbLNCqenSd Delivers Hot New Trailers For Upcoming Movies #trailer #movie #film #comingsoon #semitrailer #t\xe2\x80\xa6'
2018-11-23 19:19:07,b'#AlitaBattleAngel pushed back to Feb 14 sounds good I have time... Now taking my #Valentine'
2018-11-23 17:43:41,b'I am actually gonna see this  one in theatre. #AlitaBattleAngel  https://t.co/xaWUf2rBno'
2018-11-23 17:26:14,"b'RT @dneg: An angel falls, a warrior rises. From visionary filmmakers Jon Landau &amp; James Cameron (Avatar) and Robert Rodriguez (Sin City), #\xe2\x80\xa6'"
2018-11-23 16:28:09,b'RT @RichTVXChannel: https://t.co/wbLNCqenSd Delivers Hot New Trailers For Upcoming Movies #trailer #movie #film #comingsoon #semitrailer #t\xe2\x80\xa6'
2018-11-23 16:27:52,b'RT @RichTVXChannel: https://t.co/wbLNCqenSd Delivers Hot New Trailers For Upcoming Movies #trailer #movie #film #comingsoon #semitrailer #t\xe2\x80\xa6'
2018-11-23 15:53:41,b'RT @RichTVXChannel: https://t.co/wbLNCqenSd Delivers Hot New Trailers For Upcoming Movies #trailer #movie #film #comingsoon #semitrailer #t\xe2\x80\xa6'
2018-11-23 13:15:52,b'RT @RichTVXChannel: https://t.co/wbLNCqenSd Delivers Hot New Trailers For Upcoming Movies #trailer #movie #film #comingsoon #semitrailer #t\xe2\x80\xa6'
2018-11-23 12:52:19,b'RT @RichTVXChannel: https://t.co/wbLNCqenSd Delivers Hot New Trailers For Upcoming Movies #trailer #movie #film #comingsoon #semitrailer #t\xe2\x80\xa6'
2018-11-23 12:52:04,b'RT @RichTVXChannel: https://t.co/wbLNCqenSd Delivers Hot New Trailers For Upcoming Movies #trailer #movie #film #comingsoon #semitrailer #t\xe2\x80\xa6'
2018-11-23 12:51:10,b'RT @RichTVXChannel: https://t.co/wbLNCqenSd Delivers Hot New Trailers For Upcoming Movies #trailer #movie #film #comingsoon #semitrailer #t\xe2\x80\xa6'
2018-11-23 12:51:01,b'RT @RichTVXChannel: https://t.co/wbLNCqenSd Delivers Hot New Trailers For Upcoming Movies #trailer #movie #film #comingsoon #semitrailer #t\xe2\x80\xa6'
2018-11-23 12:50:50,b'RT @RichTVXChannel: https://t.co/wbLNCqenSd Delivers Hot New Trailers For Upcoming Movies #trailer #movie #film #comingsoon #semitrailer #t\xe2\x80\xa6'
2018-11-23 12:50:31,b'RT @RichTVXChannel: https://t.co/wbLNCqenSd Delivers Hot New Trailers For Upcoming Movies #trailer #movie #film #comingsoon #semitrailer #t\xe2\x80\xa6'
2018-11-23 12:49:47,b'RT @RichTVXChannel: https://t.co/wbLNCqenSd Delivers Hot New Trailers For Upcoming Movies #trailer #movie #film #comingsoon #semitrailer #t\xe2\x80\xa6'
2018-11-23 12:49:22,b'RT @RichTVXChannel: https://t.co/wbLNCqenSd Delivers Hot New Trailers For Upcoming Movies #trailer #movie #film #comingsoon #semitrailer #t\xe2\x80\xa6'
2018-11-23 12:47:51,b'RT @RichTVXChannel: https://t.co/wbLNCqenSd Delivers Hot New Trailers For Upcoming Movies #trailer #movie #film #comingsoon #semitrailer #t\xe2\x80\xa6'
2018-11-23 12:47:37,b'RT @RichTVXChannel: https://t.co/wbLNCqenSd Delivers Hot New Trailers For Upcoming Movies #trailer #movie #film #comingsoon #semitrailer #t\xe2\x80\xa6'
2018-11-23 12:47:34,b'RT @RichTVXChannel: https://t.co/wbLNCqenSd Delivers Hot New Trailers For Upcoming Movies #trailer #movie #film #comingsoon #semitrailer #t\xe2\x80\xa6'
2018-11-23 12:46:40,b'RT @RichTVXChannel: https://t.co/wbLNCqenSd Delivers Hot New Trailers For Upcoming Movies #trailer #movie #film #comingsoon #semitrailer #t\xe2\x80\xa6'
2018-11-23 12:46:15,b'RT @RichTVXChannel: https://t.co/wbLNCqenSd Delivers Hot New Trailers For Upcoming Movies #trailer #movie #film #comingsoon #semitrailer #t\xe2\x80\xa6'
2018-11-23 12:46:13,b'RT @RichTVXChannel: https://t.co/wbLNCqenSd Delivers Hot New Trailers For Upcoming Movies #trailer #movie #film #comingsoon #semitrailer #t\xe2\x80\xa6'
2018-11-23 12:45:48,b'RT @RichTVXChannel: https://t.co/wbLNCqenSd Delivers Hot New Trailers For Upcoming Movies #trailer #movie #film #comingsoon #semitrailer #t\xe2\x80\xa6'
2018-11-23 12:44:47,b'RT @RichTVXChannel: https://t.co/wbLNCqenSd Delivers Hot New Trailers For Upcoming Movies #trailer #movie #film #comingsoon #semitrailer #t\xe2\x80\xa6'
2018-11-23 12:44:35,b'RT @RichTVXChannel: https://t.co/wbLNCqenSd Delivers Hot New Trailers For Upcoming Movies #trailer #movie #film #comingsoon #semitrailer #t\xe2\x80\xa6'
2018-11-23 12:43:46,b'RT @RichTVXChannel: https://t.co/wbLNCqenSd Delivers Hot New Trailers For Upcoming Movies #trailer #movie #film #comingsoon #semitrailer #t\xe2\x80\xa6'
2018-11-23 12:43:28,b'RT @RichTVXChannel: https://t.co/wbLNCqenSd Delivers Hot New Trailers For Upcoming Movies #trailer #movie #film #comingsoon #semitrailer #t\xe2\x80\xa6'
2018-11-23 12:43:14,b'RT @RichTVXChannel: https://t.co/wbLNCqenSd Delivers Hot New Trailers For Upcoming Movies #trailer #movie #film #comingsoon #semitrailer #t\xe2\x80\xa6'
2018-11-23 12:42:58,b'RT @RichTVXChannel: https://t.co/wbLNCqenSd Delivers Hot New Trailers For Upcoming Movies #trailer #movie #film #comingsoon #semitrailer #t\xe2\x80\xa6'
2018-11-23 12:42:29,b'RT @RichTVXChannel: https://t.co/wbLNCqenSd Delivers Hot New Trailers For Upcoming Movies #trailer #movie #film #comingsoon #semitrailer #t\xe2\x80\xa6'
2018-11-23 12:42:26,b'RT @RichTVXChannel: https://t.co/wbLNCqenSd Delivers Hot New Trailers For Upcoming Movies #trailer #movie #film #comingsoon #semitrailer #t\xe2\x80\xa6'
2018-11-23 12:42:05,b'RT @RichTVXChannel: https://t.co/wbLNCqenSd Delivers Hot New Trailers For Upcoming Movies #trailer #movie #film #comingsoon #semitrailer #t\xe2\x80\xa6'
2018-11-23 12:41:57,b'RT @RichTVXChannel: https://t.co/wbLNCqenSd Delivers Hot New Trailers For Upcoming Movies #trailer #movie #film #comingsoon #semitrailer #t\xe2\x80\xa6'
2018-11-23 12:40:28,b'RT @RichTVXChannel: https://t.co/wbLNCqenSd Delivers Hot New Trailers For Upcoming Movies #trailer #movie #film #comingsoon #semitrailer #t\xe2\x80\xa6'
2018-11-23 12:40:26,b'RT @RichTVXChannel: https://t.co/wbLNCqenSd Delivers Hot New Trailers For Upcoming Movies #trailer #movie #film #comingsoon #semitrailer #t\xe2\x80\xa6'
2018-11-23 12:40:02,b'RT @RichTVXChannel: https://t.co/wbLNCqenSd Delivers Hot New Trailers For Upcoming Movies #trailer #movie #film #comingsoon #semitrailer #t\xe2\x80\xa6'
2018-11-23 12:39:53,b'RT @RichTVXChannel: https://t.co/wbLNCqenSd Delivers Hot New Trailers For Upcoming Movies #trailer #movie #film #comingsoon #semitrailer #t\xe2\x80\xa6'
2018-11-23 12:39:51,b'RT @RichTVXChannel: https://t.co/wbLNCqenSd Delivers Hot New Trailers For Upcoming Movies #trailer #movie #film #comingsoon #semitrailer #t\xe2\x80\xa6'
2018-11-23 12:39:07,b'RT @RichTVXChannel: https://t.co/wbLNCqenSd Delivers Hot New Trailers For Upcoming Movies #trailer #movie #film #comingsoon #semitrailer #t\xe2\x80\xa6'
2018-11-23 12:39:00,b'RT @RichTVXChannel: https://t.co/wbLNCqenSd Delivers Hot New Trailers For Upcoming Movies #trailer #movie #film #comingsoon #semitrailer #t\xe2\x80\xa6'
2018-11-23 12:38:51,b'RT @RichTVXChannel: https://t.co/wbLNCqenSd Delivers Hot New Trailers For Upcoming Movies #trailer #movie #film #comingsoon #semitrailer #t\xe2\x80\xa6'
2018-11-23 12:38:51,b'RT @RichTVXChannel: https://t.co/wbLNCqenSd Delivers Hot New Trailers For Upcoming Movies #trailer #movie #film #comingsoon #semitrailer #t\xe2\x80\xa6'
2018-11-23 12:38:48,b'RT @RichTVXChannel: https://t.co/wbLNCqenSd Delivers Hot New Trailers For Upcoming Movies #trailer #movie #film #comingsoon #semitrailer #t\xe2\x80\xa6'
2018-11-23 12:38:29,b'RT @RichTVXChannel: https://t.co/wbLNCqenSd Delivers Hot New Trailers For Upcoming Movies #trailer #movie #film #comingsoon #semitrailer #t\xe2\x80\xa6'
2018-11-23 12:33:32,b'RT @RichTVXChannel: https://t.co/wbLNCqenSd Delivers Hot New Trailers For Upcoming Movies #trailer #movie #film #comingsoon #semitrailer #t\xe2\x80\xa6'
2018-11-23 12:29:56,b'https://t.co/wbLNCqenSd Delivers Hot New Trailers For Upcoming Movies #trailer #movie #film #comingsoon\xe2\x80\xa6 https://t.co/NYHEJhYYFx'
2018-11-23 10:13:38,b'RT @Bobross80850463: Look like we will be getting a lovely Christmas card from fox!\nChristmas trailer combination includes #kidwhowouldbeki\xe2\x80\xa6'
2018-11-23 09:03:21,b'#AlitaBattleAngel #BattleAngelAlita is looking so goooooood! I do hope the story lives up to the heart of the origi\xe2\x80\xa6 https://t.co/s4UUmimx9D'
2018-11-23 06:07:04,b'@GraceRandolph URGENT ! WATCH THIS ! https://t.co/KmHyqVNmcH #AlitaBattleAngel : mirror training scene extended !!! (repost)'
2018-11-23 06:06:21,b'@GraceRandolph URGENT ! WATCH THIS ! https://t.co/KmHyqVNmcH #AlitaBattleAngel : mirror training scene extended !!! (repost)'
2018-11-23 06:06:10,b'@GraceRandolph URGENT ! WATCH THIS ! https://t.co/KmHyqVNmcH #AlitaBattleAngel : mirror training scene extended !!! (repost)'
2018-11-23 06:05:48,b'@GraceRandolph YOU GONNA LOVE THIS ! URGENT ! WATCH THIS ! https://t.co/KmHyqVNmcH #AlitaBattleAngel : mirror train\xe2\x80\xa6 https://t.co/FoiRnDcZ2a'
2018-11-23 06:05:04,b'@GraceRandolph URGENT ! WATCH THIS ! https://t.co/KmHyqVNmcH #AlitaBattleAngel : mirror training scene extended !!! (repost)'
2018-11-23 02:24:53,"b""RT @KtShy: Battle Angel Alita. One of my top fav manga (and that new film trailer is lookin' pretty good!) #AlitaBattleAngel #Gunnm https:/\xe2\x80\xa6"""
2018-11-22 23:36:16,"b""RT @screenrant: The wizards at @weta_digital explain the challenges of bringing the unique character of Alita to life in Robert @Rodriguez'\xe2\x80\xa6"""
2018-11-22 22:50:21,b'RT @RichTVXChannel: #Breaking https://t.co/wbLNCqenSd Delivers Hot New Trailers For Upcoming Movies #trailer #movie #film #comingsoon #truc\xe2\x80\xa6'
2018-11-22 22:43:46,b'RT @RichTVXChannel: #Breaking https://t.co/wbLNCqenSd Delivers Hot New Trailers For Upcoming Movies #trailer #movie #film #comingsoon #truc\xe2\x80\xa6'
2018-11-22 22:03:27,b'RT @RichTVXChannel: #Breaking https://t.co/wbLNCqenSd Delivers Hot New Trailers For Upcoming Movies #trailer #movie #film #comingsoon #truc\xe2\x80\xa6'
2018-11-22 19:35:42,"b""RT @KFMovieGuide: VIDEO: Here's the new trailer for sci-fi martial arts adventure #AlitaBattleAngel (@AlitaMovie), a live-action adaptation\xe2\x80\xa6"""
2018-11-22 18:17:19,b'RT @RichTVXChannel: #Breaking https://t.co/wbLNCqenSd Delivers Hot New Trailers For Upcoming Movies #trailer #movie #film #comingsoon #truc\xe2\x80\xa6'
2018-11-22 17:52:09,b'RT @RichTVXChannel: #Breaking https://t.co/wbLNCqenSd Delivers Hot New Trailers For Upcoming Movies #trailer #movie #film #comingsoon #truc\xe2\x80\xa6'
2018-11-22 17:52:00,b'RT @RichTVXChannel: #Breaking https://t.co/wbLNCqenSd Delivers Hot New Trailers For Upcoming Movies #trailer #movie #film #comingsoon #truc\xe2\x80\xa6'
2018-11-22 17:51:03,b'RT @RichTVXChannel: #Breaking https://t.co/wbLNCqenSd Delivers Hot New Trailers For Upcoming Movies #trailer #movie #film #comingsoon #truc\xe2\x80\xa6'
2018-11-22 17:50:58,b'RT @RichTVXChannel: #Breaking https://t.co/wbLNCqenSd Delivers Hot New Trailers For Upcoming Movies #trailer #movie #film #comingsoon #truc\xe2\x80\xa6'
2018-11-22 17:50:47,b'RT @RichTVXChannel: #Breaking https://t.co/wbLNCqenSd Delivers Hot New Trailers For Upcoming Movies #trailer #movie #film #comingsoon #truc\xe2\x80\xa6'
2018-11-22 17:50:22,b'RT @RichTVXChannel: #Breaking https://t.co/wbLNCqenSd Delivers Hot New Trailers For Upcoming Movies #trailer #movie #film #comingsoon #truc\xe2\x80\xa6'
2018-11-22 17:49:41,b'RT @RichTVXChannel: #Breaking https://t.co/wbLNCqenSd Delivers Hot New Trailers For Upcoming Movies #trailer #movie #film #comingsoon #truc\xe2\x80\xa6'
2018-11-22 17:49:11,b'RT @RichTVXChannel: #Breaking https://t.co/wbLNCqenSd Delivers Hot New Trailers For Upcoming Movies #trailer #movie #film #comingsoon #truc\xe2\x80\xa6'
2018-11-22 17:49:11,b'RT @RichTVXChannel: #Breaking https://t.co/wbLNCqenSd Delivers Hot New Trailers For Upcoming Movies #trailer #movie #film #comingsoon #truc\xe2\x80\xa6'
2018-11-22 17:47:44,b'RT @RichTVXChannel: #Breaking https://t.co/wbLNCqenSd Delivers Hot New Trailers For Upcoming Movies #trailer #movie #film #comingsoon #truc\xe2\x80\xa6'
2018-11-22 17:47:31,b'RT @RichTVXChannel: #Breaking https://t.co/wbLNCqenSd Delivers Hot New Trailers For Upcoming Movies #trailer #movie #film #comingsoon #truc\xe2\x80\xa6'
2018-11-22 17:47:28,b'RT @RichTVXChannel: #Breaking https://t.co/wbLNCqenSd Delivers Hot New Trailers For Upcoming Movies #trailer #movie #film #comingsoon #truc\xe2\x80\xa6'
2018-11-22 17:46:35,b'RT @RichTVXChannel: #Breaking https://t.co/wbLNCqenSd Delivers Hot New Trailers For Upcoming Movies #trailer #movie #film #comingsoon #truc\xe2\x80\xa6'
2018-11-22 17:46:08,b'RT @RichTVXChannel: #Breaking https://t.co/wbLNCqenSd Delivers Hot New Trailers For Upcoming Movies #trailer #movie #film #comingsoon #truc\xe2\x80\xa6'
2018-11-22 17:46:06,b'RT @RichTVXChannel: #Breaking https://t.co/wbLNCqenSd Delivers Hot New Trailers For Upcoming Movies #trailer #movie #film #comingsoon #truc\xe2\x80\xa6'
2018-11-22 17:45:40,b'RT @RichTVXChannel: #Breaking https://t.co/wbLNCqenSd Delivers Hot New Trailers For Upcoming Movies #trailer #movie #film #comingsoon #truc\xe2\x80\xa6'
2018-11-22 17:44:41,b'RT @RichTVXChannel: #Breaking https://t.co/wbLNCqenSd Delivers Hot New Trailers For Upcoming Movies #trailer #movie #film #comingsoon #truc\xe2\x80\xa6'
2018-11-22 17:44:26,b'RT @RichTVXChannel: #Breaking https://t.co/wbLNCqenSd Delivers Hot New Trailers For Upcoming Movies #trailer #movie #film #comingsoon #truc\xe2\x80\xa6'
2018-11-22 17:43:38,b'RT @RichTVXChannel: #Breaking https://t.co/wbLNCqenSd Delivers Hot New Trailers For Upcoming Movies #trailer #movie #film #comingsoon #truc\xe2\x80\xa6'
2018-11-22 17:43:24,b'RT @RichTVXChannel: #Breaking https://t.co/wbLNCqenSd Delivers Hot New Trailers For Upcoming Movies #trailer #movie #film #comingsoon #truc\xe2\x80\xa6'
2018-11-22 17:43:07,b'RT @RichTVXChannel: #Breaking https://t.co/wbLNCqenSd Delivers Hot New Trailers For Upcoming Movies #trailer #movie #film #comingsoon #truc\xe2\x80\xa6'
2018-11-22 17:42:56,b'RT @RichTVXChannel: #Breaking https://t.co/wbLNCqenSd Delivers Hot New Trailers For Upcoming Movies #trailer #movie #film #comingsoon #truc\xe2\x80\xa6'
2018-11-22 17:42:25,b'RT @RichTVXChannel: #Breaking https://t.co/wbLNCqenSd Delivers Hot New Trailers For Upcoming Movies #trailer #movie #film #comingsoon #truc\xe2\x80\xa6'
2018-11-22 17:42:24,b'RT @RichTVXChannel: #Breaking https://t.co/wbLNCqenSd Delivers Hot New Trailers For Upcoming Movies #trailer #movie #film #comingsoon #truc\xe2\x80\xa6'
2018-11-22 17:42:00,b'RT @RichTVXChannel: #Breaking https://t.co/wbLNCqenSd Delivers Hot New Trailers For Upcoming Movies #trailer #movie #film #comingsoon #truc\xe2\x80\xa6'
2018-11-22 17:41:51,b'RT @RichTVXChannel: #Breaking https://t.co/wbLNCqenSd Delivers Hot New Trailers For Upcoming Movies #trailer #movie #film #comingsoon #truc\xe2\x80\xa6'
2018-11-22 17:40:26,b'RT @RichTVXChannel: #Breaking https://t.co/wbLNCqenSd Delivers Hot New Trailers For Upcoming Movies #trailer #movie #film #comingsoon #truc\xe2\x80\xa6'
2018-11-22 17:40:21,b'RT @RichTVXChannel: #Breaking https://t.co/wbLNCqenSd Delivers Hot New Trailers For Upcoming Movies #trailer #movie #film #comingsoon #truc\xe2\x80\xa6'
2018-11-22 17:39:55,b'RT @RichTVXChannel: #Breaking https://t.co/wbLNCqenSd Delivers Hot New Trailers For Upcoming Movies #trailer #movie #film #comingsoon #truc\xe2\x80\xa6'
2018-11-22 17:39:50,b'RT @RichTVXChannel: #Breaking https://t.co/wbLNCqenSd Delivers Hot New Trailers For Upcoming Movies #trailer #movie #film #comingsoon #truc\xe2\x80\xa6'
2018-11-22 17:39:41,b'RT @RichTVXChannel: #Breaking https://t.co/wbLNCqenSd Delivers Hot New Trailers For Upcoming Movies #trailer #movie #film #comingsoon #truc\xe2\x80\xa6'
2018-11-22 17:39:00,b'RT @RichTVXChannel: #Breaking https://t.co/wbLNCqenSd Delivers Hot New Trailers For Upcoming Movies #trailer #movie #film #comingsoon #truc\xe2\x80\xa6'
2018-11-22 17:38:54,b'RT @RichTVXChannel: #Breaking https://t.co/wbLNCqenSd Delivers Hot New Trailers For Upcoming Movies #trailer #movie #film #comingsoon #truc\xe2\x80\xa6'
2018-11-22 17:38:46,b'RT @RichTVXChannel: #Breaking https://t.co/wbLNCqenSd Delivers Hot New Trailers For Upcoming Movies #trailer #movie #film #comingsoon #truc\xe2\x80\xa6'
2018-11-22 17:38:41,b'RT @RichTVXChannel: #Breaking https://t.co/wbLNCqenSd Delivers Hot New Trailers For Upcoming Movies #trailer #movie #film #comingsoon #truc\xe2\x80\xa6'
2018-11-22 17:38:38,b'RT @RichTVXChannel: #Breaking https://t.co/wbLNCqenSd Delivers Hot New Trailers For Upcoming Movies #trailer #movie #film #comingsoon #truc\xe2\x80\xa6'
2018-11-22 17:38:23,b'RT @RichTVXChannel: #Breaking https://t.co/wbLNCqenSd Delivers Hot New Trailers For Upcoming Movies #trailer #movie #film #comingsoon #truc\xe2\x80\xa6'
2018-11-22 17:37:32,b'RT @Bobross80850463: Look like we will be getting a lovely Christmas card from fox!\nChristmas trailer combination includes #kidwhowouldbeki\xe2\x80\xa6'
2018-11-22 17:32:25,b'RT @RichTVXChannel: #Breaking https://t.co/wbLNCqenSd Delivers Hot New Trailers For Upcoming Movies #trailer #movie #film #comingsoon #truc\xe2\x80\xa6'
2018-11-22 17:29:59,b'RT @RichTVXChannel: #Breaking https://t.co/wbLNCqenSd Delivers Hot New Trailers For Upcoming Movies #trailer #movie #film #comingsoon #truc\xe2\x80\xa6'
2018-11-22 17:29:36,b'RT @RichTVXChannel: #Breaking https://t.co/wbLNCqenSd Delivers Hot New Trailers For Upcoming Movies #trailer #movie #film #comingsoon #truc\xe2\x80\xa6'
2018-11-22 17:27:56,b'#Breaking https://t.co/wbLNCqenSd Delivers Hot New Trailers For Upcoming Movies #trailer #movie #film #comingsoon\xe2\x80\xa6 https://t.co/eZbcsbvvix'
2018-11-22 17:18:21,b'Look like we will be getting a lovely Christmas card from fox!\nChristmas trailer combination includes\xe2\x80\xa6 https://t.co/SPVSPoB6W3'
2018-11-22 16:30:00,"b""VIDEO: Here's the new trailer for sci-fi martial arts adventure #AlitaBattleAngel (@AlitaMovie), a live-action adap\xe2\x80\xa6 https://t.co/xmJgNAQ9vI"""
2018-11-22 14:51:03,b'Soon we will be able to see Alita Battle Angel at the cinema. I really enjoyed Gunnm and wanted to make a drawing o\xe2\x80\xa6 https://t.co/mNl3rVYUgX'
2018-11-22 14:01:57,b'ALITA street fighter coming SOON\n\n#alita #alitabattleangel #alitalia #alitamovie #ova #anime #angel\xe2\x80\xa6 https://t.co/JEoD2VVuvq'
2018-11-22 09:33:42,b'#MailCall! \xf0\x9f\x93\xa6 So I\xe2\x80\x99m really hoping this movie turns out to be good yo! The trailers got me crazy hyped to watch it!\xe2\x80\xa6 https://t.co/vKx31lzHdq'
2018-11-22 04:14:58,b'RT @MichaelPHuber: The #AlitaBattleAngel trailer got me unreasonably hyped!'
2018-11-22 03:32:52,"b""RT @screenrant: The wizards at @weta_digital explain the challenges of bringing the unique character of Alita to life in Robert @Rodriguez'\xe2\x80\xa6"""
2018-11-22 03:23:09,b'The #AlitaBattleAngel trailer got me unreasonably hyped!'
2018-11-22 03:20:55,"b""RT @screenrant: The wizards at @weta_digital explain the challenges of bringing the unique character of Alita to life in Robert @Rodriguez'\xe2\x80\xa6"""
2018-11-22 03:00:08,b'The wizards at @weta_digital explain the challenges of bringing the unique character of Alita to life in Robert\xe2\x80\xa6 https://t.co/LCNZx2LNIB'
2018-11-22 01:58:16,b'\xf0\x9f\x9a\xa8Coming soon to https://t.co/GFrsJYWqcN \xe2\x9d\x97\xef\xb8\x8f\xf0\x9f\x9a\xa8\n\nAlita Battle Angel pops! Starting at $9.99\xe2\x9d\x97\xef\xb8\x8f\xf0\x9f\x9b\x92\n\n#GameBubble\xe2\x80\xa6 https://t.co/vekmpLgDhE'
2018-11-21 20:40:14,b'Beyond excited for this movie #AlitaBattleAngel https://t.co/1mvm2dQ3Pi'
2018-11-21 16:57:55,b'I\xe2\x80\x99m on this like whoa! #Alita #AlitaBattleAngel https://t.co/xas0ksxmv9'
2018-11-21 15:38:35,"b'RT @JexyMG: https://t.co/e3Jizz1eqX  I react to &amp; review the 3rd official trailer, #BattleReady for #AlitaBattleAngel. The #animation looks\xe2\x80\xa6'"
2018-11-21 15:18:09,"b'RT @SystemsAllianc3: https://t.co/3XGYC6n3Xa  I react to &amp; review the 3rd official trailer, #BattleReady for #AlitaBattleAngel. The #animat\xe2\x80\xa6'"
2018-11-21 04:16:04,"b""RT @JamesHibberd: Exclusive: New #AlitaBattleAngel @AlitaMovie trailer revealed (and it's the best one yet) https://t.co/GqY10ihHNS https:/\xe2\x80\xa6"""
2018-11-21 03:46:28,"b'https://t.co/e3Jizz1eqX  I react to &amp; review the 3rd official trailer, #BattleReady for #AlitaBattleAngel. The\xe2\x80\xa6 https://t.co/BGbUz0uzi8'"
2018-11-21 03:46:26,"b'https://t.co/3XGYC6n3Xa  I react to &amp; review the 3rd official trailer, #BattleReady for #AlitaBattleAngel. The\xe2\x80\xa6 https://t.co/z1xp36jnIe'"
2018-11-21 03:18:11,b'RT @ChandraEmilya: Alita: Battle Angel | Fox Movies - IMDb\nPlay Now  : https://t.co/7sWmo4rXAf\n\n#alitabattleangel #GooglePixel #Fox #movies\xe2\x80\xa6'
2018-11-21 00:38:25,b'They nailed the realistic anime aesthetic over a decade ago. Why did they have to go so far into the uncanny valley\xe2\x80\xa6 https://t.co/xElqRmGroM'
2018-11-20 20:34:53,b'Some Easter eggs about the upcoming #AlitaBattleAngel 1st trailer for any interested people. #Alita https://t.co/Fj2vXL0bCR'
2018-11-20 19:21:34,"b""There's no Goblin Slayer video this week since we were missing someone. So we tried something different ~\xe2\x80\xa6 https://t.co/huxOT8zJCl"""
2018-11-20 17:27:55,"b""A lot riding on this flick for #JamesCameron &amp; #RobertRodriguez, &amp; with the 3rd trailer for #AlitaBattleAngel it's\xe2\x80\xa6 https://t.co/ZVBkPzeQPH"""
2018-11-20 13:07:44,"b""RT @KtShy: Battle Angel Alita. One of my top fav manga (and that new film trailer is lookin' pretty good!) #AlitaBattleAngel #Gunnm https:/\xe2\x80\xa6"""
2018-11-20 12:03:46,b'Alita: Battle Angel | Fox Movies - IMDb\nPlay Now  : https://t.co/7sWmo4rXAf\n\n#alitabattleangel #GooglePixel #Fox\xe2\x80\xa6 https://t.co/oNf0r6wBZu'
2018-11-20 09:52:58,"b'Alita: Battle Angel 2019 (Sci-Fi Action Movie HD)\nWatch Now Here : https://t.co/XwPcIfJhtv\nGenre : Romance, Adventu\xe2\x80\xa6 https://t.co/zpX6oY2j3i'"
2018-11-20 07:48:46,b'Somebody make this happen. Pretty please?\n\n#AlitaBattleAngel #Alita #VideoGames #Gaming https://t.co/F4IkQd9jIR'
2018-11-20 05:17:18,b'@Rodriguez Can you imagine this song playing in Alita trailer?! \xf0\x9f\x98\x8d #muse @muse #AlitaBattleAngel https://t.co/XowTXdSxIm'
2018-11-20 01:17:46,b'#battleangelalita sketch commission from designercon for my bud @mprezya ! Had a lot of fun doing this one.... than\xe2\x80\xa6 https://t.co/fh4nKdiUrM'
2018-11-19 23:57:44,"b""RT @KFMovieGuide: VIDEO: Here's the new trailer for sci-fi martial arts adventure #AlitaBattleAngel (@AlitaMovie), a live-action adaptation\xe2\x80\xa6"""
2018-11-19 23:36:00,"b""VIDEO: Here's the new trailer for sci-fi martial arts adventure #AlitaBattleAngel (@AlitaMovie), a live-action adap\xe2\x80\xa6 https://t.co/E0tXfLfcCg"""
2018-11-19 22:55:00,"b""RT @OriginalFunko: Who's excited to see Alita: Battle Angel? #AlitaBattleAngel https://t.co/YhI9DXvL3n"""
2018-11-19 21:47:52,b'Here\xe2\x80\x99s something which might be of interest to some about #AlitaBattleAngel a few details about the upcoming film f\xe2\x80\xa6 https://t.co/otpm129w7F'
2018-11-19 21:29:37,b'RT @rohitorange: Bonus: Look at those big beautiful #AlitaBattleAngel eyes!\n#sottr_photocontest #Alita #LaraCroft #TombRaider #photoediting\xe2\x80\xa6'
2018-11-19 21:26:31,b'Watching #AlitaBattleAngel trailers they Look good and keep me interested all of which I\xe2\x80\x99m just Looking at for info\xe2\x80\xa6 https://t.co/CRRTogkyKP'
2018-11-19 20:56:43,"b'""I do not stand by in the presence of evil.""\n-Alita\n#Gunnm #AlitaBattleAngel https://t.co/b0d8N0HCcI'"
2018-11-19 19:45:59,"b""RT @FanbaseWeekly: Don't miss tomorrow's new Ep of #TheFanbaseWeekly #podcast w/ guests @DangerKatt, @MortimerJMoose, and @HerzbergMatt! We\xe2\x80\xa6"""
2018-11-19 19:12:42,b'RT @rohitorange: Bonus: Look at those big beautiful #AlitaBattleAngel eyes!\n#sottr_photocontest #Alita #LaraCroft #TombRaider #photoediting\xe2\x80\xa6'
2018-11-19 19:04:13,b'Bonus: Look at those big beautiful #AlitaBattleAngel eyes!\n#sottr_photocontest #Alita #LaraCroft #TombRaider\xe2\x80\xa6 https://t.co/5xi5BXFJxm'
2018-11-19 19:01:57,"b""@JasmineSawalmah Would've been more fun if Fox kept Alita for this holiday season.\n\n#AlitaBattleAngel"""
2018-11-19 14:53:00,"b'RT @JexyMG: https://t.co/e3Jizz1eqX  I react to &amp; review the 3rd official trailer, #BattleReady for #AlitaBattleAngel. The #animation looks\xe2\x80\xa6'"
2018-11-19 14:52:27,"b'RT @SystemsAllianc3: https://t.co/3XGYC6n3Xa  I react to &amp; review the 3rd official trailer, #BattleReady for #AlitaBattleAngel. The #animat\xe2\x80\xa6'"
2018-11-19 13:15:09,b'RT @vompodcast: EPISODE 17.. and OF COURSE we have to talk about the #marvel legend Stan Lee and a little discussion on #AlitaBattleAngel -\xe2\x80\xa6'
2018-11-19 12:26:45,b'RT @raginnation: Trailer 3 of #AlitaBattleAngel is absolutely amazing!! #TrailerReaction https://t.co/haIt5eMl3i'
2018-11-19 11:35:56,b'RT @raginnation: Trailer 3 of #AlitaBattleAngel is absolutely amazing!! #TrailerReaction https://t.co/haIt5eMl3i'
2018-11-19 10:54:22,b'Trailer 3 of #AlitaBattleAngel is absolutely amazing!! #TrailerReaction https://t.co/haIt5eMl3i'
2018-11-19 06:03:41,b'ALITA: BATTLE ANGEL | OFFICIAL HD TRAILER #3 | 2019\n\nhttps://t.co/rE5Us5NJ0n\n\n#anime #manga #alita #liveaction #remake #alitabattleangel'
2018-11-19 04:07:26,"b'From Anime to live action movie, @AlitaMovie #AlitaBattleAngel will be a hit in Feb 2019! https://t.co/6PBzqPJOV7 https://t.co/S0S5dTZT2I'"
2018-11-19 02:55:45,b'The newest theatrical trailer for #AlitaBattleAngel defines this movie more than what earlier trailers had done. #BadAss #AboutTime'
2018-11-19 01:55:28,"b""RT @FanbaseWeekly: Don't miss tomorrow's new Ep of #TheFanbaseWeekly #podcast w/ guests @DangerKatt, @MortimerJMoose, and @HerzbergMatt! We\xe2\x80\xa6"""
2018-11-19 01:43:29,"b""RT @FanbaseWeekly: Don't miss tomorrow's new Ep of #TheFanbaseWeekly #podcast w/ guests @DangerKatt, @MortimerJMoose, and @HerzbergMatt! We\xe2\x80\xa6"""
2018-11-19 01:38:50,"b""RT @FanbaseWeekly: Don't miss tomorrow's new Ep of #TheFanbaseWeekly #podcast w/ guests @DangerKatt, @MortimerJMoose, and @HerzbergMatt! We\xe2\x80\xa6"""
2018-11-19 01:38:07,"b""RT @FanbaseWeekly: Don't miss tomorrow's new Ep of #TheFanbaseWeekly #podcast w/ guests @DangerKatt, @MortimerJMoose, and @HerzbergMatt! We\xe2\x80\xa6"""
2018-11-19 00:45:48,"b""RT @FanbaseWeekly: Don't miss tomorrow's new Ep of #TheFanbaseWeekly #podcast w/ guests @DangerKatt, @MortimerJMoose, and @HerzbergMatt! We\xe2\x80\xa6"""
2018-11-18 23:44:34,"b""Don't miss tomorrow's new Ep of #TheFanbaseWeekly #podcast w/ guests @DangerKatt, @MortimerJMoose, and\xe2\x80\xa6 https://t.co/boaqDkv0bE"""
2018-11-18 23:28:53,b'EPISODE 17.. and OF COURSE we have to talk about the #marvel legend Stan Lee and a little discussion on\xe2\x80\xa6 https://t.co/gZZ0vjpPZN'
2018-11-18 18:14:05,b'In 2019 \nMy most awaiting movies \nhttps://t.co/Kv8Y4sP9kp darling #Prabhas #Saaho and #PRABHAS20\n2. #CaptainMarvel\xe2\x80\xa6 https://t.co/HwNKmFtuP7'
2018-11-18 17:42:12,"b""RT @OriginalFunko: Who's excited to see Alita: Battle Angel? #AlitaBattleAngel https://t.co/YhI9DXvL3n"""
2018-11-18 17:11:28,"b'RT @DolbyCinema: An angel falls, a warrior rises. Watch the new #AlitaBattleAngel trailer and discover it in Dolby Cinema February 14. http\xe2\x80\xa6'"
2018-11-18 15:47:23,"b'RT @JexyMG: https://t.co/e3Jizz1eqX  I react to &amp; review the 3rd official trailer, #BattleReady for #AlitaBattleAngel. The #animation looks\xe2\x80\xa6'"
2018-11-18 15:45:53,"b'RT @SystemsAllianc3: https://t.co/3XGYC6n3Xa  I react to &amp; review the 3rd official trailer, #BattleReady for #AlitaBattleAngel. The #animat\xe2\x80\xa6'"
2018-11-18 15:22:48,"b""RT @OriginalFunko: Who's excited to see Alita: Battle Angel? #AlitaBattleAngel https://t.co/YhI9DXvL3n"""
2018-11-18 15:17:48,"b'#AlitaBattleAngel, comparison from the first trailer and the latest trailer the changes are much better.\n@AlitaMovie https://t.co/nsNGXUNhds'"
2018-11-18 15:17:42,b'I think #AlitaBattleAngel is going to be great fun to watch the trailers portray a good story and epic action scene\xe2\x80\xa6 https://t.co/HrgMPXF5xz'
2018-11-18 15:13:41,"b'RT @TheDANIEL1198: Can February 14th come any faster, i need #Alitabattleangel in my life the CGI / Animation looks incredible, looks like\xe2\x80\xa6'"
2018-11-18 13:15:19,b'\xf0\x9f\x97\x9e\xef\xb8\x8fRead latest movie news on #cineraptor #AlitaBattleAngel #RobertRodriguez #RosaSalazar #Hollywood #Action #Movie\xe2\x80\xa6 https://t.co/qiY4O1DjsQ'
2018-11-18 11:13:39,"b'Can February 14th come any faster, i need #Alitabattleangel in my life the CGI / Animation looks incredible, looks\xe2\x80\xa6 https://t.co/LCBtHjpCcC'"
2018-11-18 05:01:35,b'RT @ScottMendelson: Trailer: #AlitaBattleAngel looks really good and I hope it fares better than VALERIAN and JUPITER ASCENDING. via @forbe\xe2\x80\xa6'
2018-11-18 04:36:50,"b""RT @ComicBook: #AlitaBattleAngel has made major changes to Alita's face: \n\nhttps://t.co/1xEK4B0oQr https://t.co/PSbXE1wAuD"""
2018-11-18 04:25:02,"b""RT @ComicBook: #AlitaBattleAngel has made major changes to Alita's face: \n\nhttps://t.co/1xEK4B0oQr https://t.co/PSbXE1wAuD"""
2018-11-18 04:09:03,"b""RT @ComicBook: #AlitaBattleAngel has made major changes to Alita's face: \n\nhttps://t.co/1xEK4B0oQr https://t.co/PSbXE1wAuD"""
2018-11-18 04:08:58,"b""RT @comicbookanime: #AlitaBattleAngel has made major changes to Alita's face: \n\nhttps://t.co/8vvrGKnq2O https://t.co/3su0dnX0Gz"""
2018-11-18 04:08:51,"b""RT @ComicBook: #AlitaBattleAngel has made major changes to Alita's face: \n\nhttps://t.co/1xEK4B0oQr https://t.co/PSbXE1wAuD"""
2018-11-18 04:08:00,"b""#AlitaBattleAngel has made major changes to Alita's face: \n\nhttps://t.co/1xEK4B0oQr https://t.co/PSbXE1wAuD"""
2018-11-18 04:05:20,"b""RT @comicbookanime: #AlitaBattleAngel has made major changes to Alita's face: \n\nhttps://t.co/8vvrGKnq2O https://t.co/3su0dnX0Gz"""
2018-11-18 04:05:00,"b""#AlitaBattleAngel has made major changes to Alita's face: \n\nhttps://t.co/8vvrGKnq2O https://t.co/3su0dnX0Gz"""
2018-11-18 03:33:01,"b""RT @ComicBook: #AlitaBattleAngel has made major changes to Alita's face: \n\nhttps://t.co/1xEK4B0oQr https://t.co/I6wFQ45NRF"""
2018-11-18 03:27:42,b'Going to be LIT AF! #AlitaBattleAngel\n\nhttps://t.co/B4SkkIV0cD'
2018-11-18 01:27:14,"b""RT @ComicBook: #AlitaBattleAngel has made major changes to Alita's face: \n\nhttps://t.co/1xEK4B0oQr https://t.co/I6wFQ45NRF"""
2018-11-18 01:25:55,"b""RT @OriginalFunko: Who's excited to see Alita: Battle Angel? #AlitaBattleAngel https://t.co/YhI9DXvL3n"""
2018-11-18 01:14:22,"b""RT @ComicBook: #AlitaBattleAngel has made major changes to Alita's face: \n\nhttps://t.co/1xEK4B0oQr https://t.co/I6wFQ45NRF"""
2018-11-18 01:14:07,"b""RT @ComicBook: #AlitaBattleAngel has made major changes to Alita's face: \n\nhttps://t.co/1xEK4B0oQr https://t.co/I6wFQ45NRF"""
2018-11-18 01:13:00,"b""#AlitaBattleAngel has made major changes to Alita's face: \n\nhttps://t.co/1xEK4B0oQr https://t.co/I6wFQ45NRF"""
2018-11-18 01:10:00,"b""#AlitaBattleAngel has made major changes to Alita's face: \n\nhttps://t.co/8vvrGKnq2O https://t.co/z9UnwzgAuu"""
2018-11-18 00:04:50,"b""RT @OriginalFunko: Who's excited to see Alita: Battle Angel? #AlitaBattleAngel https://t.co/YhI9DXvL3n"""
2018-11-17 23:30:01,b'#AlitaBattleAngel is heading towards a February 2019 release date.\nhttps://t.co/uV7Ta3JZdT'
2018-11-17 23:08:29,b'I wanna see this movie for sooo long and it got bumped back to February...Still stoked to go tho!\xe2\x80\xa6 https://t.co/FamtAtfV6e'
2018-11-17 23:04:23,"b'Alita: Battle Angel | Official Trailer \xe2\x80\x93 Battle Ready [HD] | 20th Century FOX \n(In Theaters February 14, 2019)\xe2\x80\xa6 https://t.co/6pCsSU5yGo'"
2018-11-17 22:29:36,"b""RT @OriginalFunko: Who's excited to see Alita: Battle Angel? #AlitaBattleAngel https://t.co/YhI9DXvL3n"""
2018-11-17 21:24:38,"b""RT @OriginalFunko: Who's excited to see Alita: Battle Angel? #AlitaBattleAngel https://t.co/YhI9DXvL3n"""
2018-11-17 19:44:17,"b""RT @OriginalFunko: Who's excited to see Alita: Battle Angel? #AlitaBattleAngel https://t.co/YhI9DXvL3n"""
2018-11-17 19:41:54,"b""RT @OriginalFunko: Who's excited to see Alita: Battle Angel? #AlitaBattleAngel https://t.co/YhI9DXvL3n"""
2018-11-17 19:12:09,"b""RT @OriginalFunko: Who's excited to see Alita: Battle Angel? #AlitaBattleAngel https://t.co/YhI9DXvL3n"""
2018-11-17 18:50:51,"b""RT @OriginalFunko: Who's excited to see Alita: Battle Angel? #AlitaBattleAngel https://t.co/YhI9DXvL3n"""
2018-11-17 18:50:05,"b""RT @OriginalFunko: Who's excited to see Alita: Battle Angel? #AlitaBattleAngel https://t.co/YhI9DXvL3n"""
2018-11-17 18:24:46,"b""RT @OriginalFunko: Who's excited to see Alita: Battle Angel? #AlitaBattleAngel https://t.co/YhI9DXvL3n"""
2018-11-17 18:14:08,"b'https://t.co/e3Jizz1eqX  I react to &amp; review the 3rd official trailer, #BattleReady for #AlitaBattleAngel. The\xe2\x80\xa6 https://t.co/p2d6PMmwJc'"
2018-11-17 18:14:04,"b""RT @OriginalFunko: Who's excited to see Alita: Battle Angel? #AlitaBattleAngel https://t.co/YhI9DXvL3n"""
2018-11-17 18:13:59,"b'https://t.co/3XGYC6n3Xa  I react to &amp; review the 3rd official trailer, #BattleReady for #AlitaBattleAngel. The\xe2\x80\xa6 https://t.co/8DpXy877Xk'"
2018-11-17 18:13:10,"b""RT @OriginalFunko: Who's excited to see Alita: Battle Angel? #AlitaBattleAngel https://t.co/YhI9DXvL3n"""
2018-11-17 18:12:07,"b""RT @OriginalFunko: Who's excited to see Alita: Battle Angel? #AlitaBattleAngel https://t.co/YhI9DXvL3n"""
2018-11-17 18:11:45,"b""RT @OriginalFunko: Who's excited to see Alita: Battle Angel? #AlitaBattleAngel https://t.co/YhI9DXvL3n"""
2018-11-17 18:08:44,"b""RT @OriginalFunko: Who's excited to see Alita: Battle Angel? #AlitaBattleAngel https://t.co/YhI9DXvL3n"""
2018-11-17 18:07:19,"b""RT @OriginalFunko: Who's excited to see Alita: Battle Angel? #AlitaBattleAngel https://t.co/YhI9DXvL3n"""
2018-11-17 18:06:02,"b""RT @OriginalFunko: Who's excited to see Alita: Battle Angel? #AlitaBattleAngel https://t.co/YhI9DXvL3n"""
2018-11-17 18:05:25,"b""Who's excited to see Alita: Battle Angel? #AlitaBattleAngel https://t.co/5nTYf26yLL"""
2018-11-17 18:03:23,"b""RT @OriginalFunko: Who's excited to see Alita: Battle Angel? #AlitaBattleAngel https://t.co/YhI9DXvL3n"""
2018-11-17 18:01:53,"b""RT @OriginalFunko: Who's excited to see Alita: Battle Angel? #AlitaBattleAngel https://t.co/YhI9DXvL3n"""
2018-11-17 18:01:37,"b""RT @OriginalFunko: Who's excited to see Alita: Battle Angel? #AlitaBattleAngel https://t.co/YhI9DXvL3n"""
2018-11-17 18:00:59,"b""RT @OriginalFunko: Who's excited to see Alita: Battle Angel? #AlitaBattleAngel https://t.co/YhI9DXvL3n"""
2018-11-17 18:00:41,"b""RT @OriginalFunko: Who's excited to see Alita: Battle Angel? #AlitaBattleAngel https://t.co/YhI9DXvL3n"""
2018-11-17 18:00:38,"b""RT @OriginalFunko: Who's excited to see Alita: Battle Angel? #AlitaBattleAngel https://t.co/YhI9DXvL3n"""
2018-11-17 18:00:33,"b""RT @OriginalFunko: Who's excited to see Alita: Battle Angel? #AlitaBattleAngel https://t.co/YhI9DXvL3n"""
2018-11-17 18:00:25,"b""Who's excited to see Alita: Battle Angel? #AlitaBattleAngel https://t.co/YhI9DXvL3n"""
2018-11-17 17:29:28,b'Power ball... Power ball! POWER BALL! OOOOOOOOOOH YEAH! #AlitaBattleAngel \nhttps://t.co/4MTI2gYAtC'
2018-11-17 09:03:08,"b'https://t.co/OrrIMz47bY I love the look of this live action anime movie \xf0\x9f\x98\x8d, it feels so much like the original \xf0\x9f\x98\x81! #AlitaBattleAngel #anime'"
2018-11-17 08:51:29,b'RT @IndieWire: #AlitaBattleAngel Preview: How Weta Escaped from the Uncanny Valley https://t.co/gpxFfDJFsf https://t.co/ewRAWRTGHY'
2018-11-17 08:00:55,b'Alita: Battle Angel - Official Battle Ready Trailer https://t.co/7p8nyx2mHv  #AlitaBattleAngel #JamesCameron https://t.co/uGZV4mWBvJ'
2018-11-17 05:25:55,b'RT @collectsideshow: RSVP now to be the first to know all the updates on the @hottoysofficial Alita: Battle Angel sixth scale figure! #Alit\xe2\x80\xa6'
2018-11-17 05:01:43,"b""Just finished the #AlitaBattleAngel OVA I absolutely love old 90s era anime esp cyberpunk type.  Now I'm ready for\xe2\x80\xa6 https://t.co/zxuHOUUhPQ"""
2018-11-17 04:57:03,"b""Seeing the Battle Angel Alita trailer makes me remember how Alita is one of my favorite characters I've ever read.\xe2\x80\xa6 https://t.co/CB7leU41Ur"""
2018-11-17 03:51:18,"b'RT @SystemsAllianc3: https://t.co/3XGYC6n3Xa  I react to &amp; review the 3rd official trailer, #BattleReady for #AlitaBattleAngel. The #animat\xe2\x80\xa6'"
2018-11-17 01:57:48,"b'RT @JexyMG: https://t.co/e3Jizz1eqX  I react to &amp; review the 3rd official trailer, #BattleReady for #AlitaBattleAngel. The #animation looks\xe2\x80\xa6'"
2018-11-17 01:52:44,"b'RT @ArtofVFX: Really cool new trailer for #AlitaBattleAngel produced by #JamesCameron! The #VFX are made by @weta_digital, @dneg and @Frame\xe2\x80\xa6'"
2018-11-16 23:53:12,b'ICYMI: The Citadel Cafe 295 is out.\n-\nhttps://t.co/Cz0K4XzO7Z\n-\nYou\xe2\x80\x99re it! @BusyZombieLord and I to talk about the\xe2\x80\xa6 https://t.co/9R7Hw4yNi0'
2018-11-16 22:57:53,b'So here in this Link by imdb explaining #Alita\xe2\x80\x99s story for more info as I discover it feel free to follow my Twitte\xe2\x80\xa6 https://t.co/zSRHV9a4m1'
2018-11-16 22:24:52,"b""RT @KtShy: Battle Angel Alita. One of my top fav manga (and that new film trailer is lookin' pretty good!) #AlitaBattleAngel #Gunnm https:/\xe2\x80\xa6"""
2018-11-16 19:24:53,b'RSVP now to be the first to know all the updates on the @hottoysofficial Alita: Battle Angel sixth scale figure!\xe2\x80\xa6 https://t.co/carHb6wA0p'
2018-11-16 19:05:33,"b'RT @PixitMedia: Great turnout, awesome intro with #AlitaBattleAngel &amp; open discussions on future #storage workflows with @envypost @MPS_Lon\xe2\x80\xa6'"
2018-11-16 18:39:19,"b""@AlitaMovie  will be the best Hollywood adaptation of a manga series so far.\xf0\x9f\xa4\x97\xf0\x9f\xa4\x97 I'm pumped.\xf0\x9f\x98\x8d\xf0\x9f\x98\x8d Jamee Cameron rules.\xf0\x9f\xa4\x93\xf0\x9f\xa4\x93 #AlitaBattleAngel"""
2018-11-16 16:30:50,"b'RT @TaquiBox: TRAILER VIEWS 2019 (actualizado)\n\n1 #CaptainMarvel 45,8M\n2 #DetectivePikachu 27,2M\n3 #Godzilla2 26,5M\n4 #Shazam 24,5M\n5 #Alad\xe2\x80\xa6'"
2018-11-16 15:40:27,b'The Week in Geek Entertainment News \xe2\x80\x93 Links #alitabattleangel #detectivepikachu #dumbo #stanlee #themandalorian\xe2\x80\xa6 https://t.co/J16HF2Zs1F'
2018-11-16 15:09:35,b'You should cover the #Manga of #AlitaBattleAngel before the movie comes out. https://t.co/jeOE3fY5Iu'
2018-11-16 14:18:52,b'RT @JamieMoranUK: Honestly this looks pretty awesome \n\n#AlitaBattleAngel https://t.co/snnKohFNG7'
2018-11-16 13:46:14,"b""RT @KtShy: Battle Angel Alita. One of my top fav manga (and that new film trailer is lookin' pretty good!) #AlitaBattleAngel #Gunnm https:/\xe2\x80\xa6"""
2018-11-16 07:57:20,b'@20thcenturyfox  drops a new trailer of #AlitaBattleAngel Click here to know more:\nhttps://t.co/yMDaSrFyur \n#Cyborg\xe2\x80\xa6 https://t.co/BYKWF623Mp'
2018-11-16 06:18:59,"b""RT @KtShy: Battle Angel Alita. One of my top fav manga (and that new film trailer is lookin' pretty good!) #AlitaBattleAngel #Gunnm https:/\xe2\x80\xa6"""
2018-11-16 05:07:38,b'@ColliderVideo @Rodriguez @DorianParksnRec @weta_digital @AlitaMovie Whaaa??!! This is awesome! \xf0\x9f\x8e\xa5\n\n@Rodriguez #Alita #AlitaBattleAngel'
2018-11-16 03:04:15,b'@PetrNeniBorec What is your prediction for Rotten Tomatoes? #AlitaBattleAngel'
2018-11-16 02:41:31,b'RT @DenofGeekUS: #AlitaBattleAngel is heading towards a February 2019 release.\nhttps://t.co/uV7Ta3soml'
2018-11-16 02:11:27,b'#AlitaBattleAngel (2019) Official Trailer #2  https://t.co/T6Fc9mzCFL #movietrailers #trailers #movies'
2018-11-16 02:11:26,b'#AlitaBattleAngel (2019) Official Trailer #3  https://t.co/RNnFn7VOUi #movietrailers #trailers #movies'
2018-11-16 01:43:22,"b'RT @SystemsAllianc3: https://t.co/3XGYC6n3Xa  I react to &amp; review the 3rd official trailer, #BattleReady for #AlitaBattleAngel. The #animat\xe2\x80\xa6'"
2018-11-16 01:23:49,"b'RT @JexyMG: https://t.co/e3Jizz1eqX  I react to &amp; review the 3rd official trailer, #BattleReady for #AlitaBattleAngel. The #animation looks\xe2\x80\xa6'"
2018-11-15 23:14:52,b'RT @IndieWire: #AlitaBattleAngel Preview: How Weta Escaped from the Uncanny Valley https://t.co/gpxFfDJFsf https://t.co/ewRAWRTGHY'
2018-11-15 23:11:14,"b""Ok, fair play, I'm interested. This looks increasingly good!\n#AlitaBattleAngel \nhttps://t.co/T5xcdrYz5E"""
2018-11-15 22:01:36,b'I love comparing shots between teasers and official trailers to see the refinements made in the time between. Here\xe2\x80\xa6 https://t.co/G2d5FqZbXe'
2018-11-15 19:57:36,"b""RT @KtShy: Battle Angel Alita. One of my top fav manga (and that new film trailer is lookin' pretty good!) #AlitaBattleAngel #Gunnm https:/\xe2\x80\xa6"""
2018-11-15 18:45:43,"b""Battle Angel Alita. One of my top fav manga (and that new film trailer is lookin' pretty good!) #AlitaBattleAngel\xe2\x80\xa6 https://t.co/NXAZ4xNTCx"""
2018-11-15 18:32:28,"b'RT @TaquiBox: TRAILER VIEWS 2019 (actualizado)\n\n1 #CaptainMarvel 45,8M\n2 #DetectivePikachu 27,2M\n3 #Godzilla2 26,5M\n4 #Shazam 24,5M\n5 #Alad\xe2\x80\xa6'"
2018-11-15 18:21:21,b'Kind of crazy to think we might not only be getting our first good live action adaptation of an anime or video game\xe2\x80\xa6 https://t.co/BHYUWEZjKM'
2018-11-15 18:11:09,b'Today on #DayspringDiscussions:  #AlitaBattleAngel #GameofThrones #Elseworlds #Arrowverse #TheCrimesOfGrindelwald: https://t.co/yX9Z9QUCqA'
2018-11-15 17:34:13,b'Alita creams the competition on the Motorball track in a new trailer for #AlitaBattleAngel. #SciFi #Anime\xe2\x80\xa6 https://t.co/lVXoLU9NOL'
2018-11-15 16:57:22,"b'RT @JexyMG: https://t.co/e3Jizz1eqX  I react to &amp; review the 3rd official trailer, #BattleReady for #AlitaBattleAngel. The #animation looks\xe2\x80\xa6'"
2018-11-15 16:57:19,"b'RT @SystemsAllianc3: https://t.co/3XGYC6n3Xa  I react to &amp; review the 3rd official trailer, #BattleReady for #AlitaBattleAngel. The #animat\xe2\x80\xa6'"
2018-11-15 16:39:05,b'RT @IndieWire: #AlitaBattleAngel Preview: How Weta Escaped from the Uncanny Valley https://t.co/gpxFfDJFsf https://t.co/ewRAWRTGHY'
2018-11-15 16:38:33,"b'https://t.co/e3Jizz1eqX  I react to &amp; review the 3rd official trailer, #BattleReady for #AlitaBattleAngel. The\xe2\x80\xa6 https://t.co/Gw9dgafpVK'"
2018-11-15 16:38:31,"b'https://t.co/3XGYC6n3Xa  I react to &amp; review the 3rd official trailer, #BattleReady for #AlitaBattleAngel. The\xe2\x80\xa6 https://t.co/tPgDIYLL7e'"
2018-11-15 16:00:15,"b'@THEPANIPURI In USA,\n#HolmesAndWatson dec 26th. #MaryPoppinsReturns dec 19th. #AlitaBattleangel feb 14th 2019.\xe2\x80\xa6 https://t.co/6MJYp2zlB2'"
2018-11-15 15:28:02,b'#AlitaBattleAngel Official #Movie Trailer https://t.co/Zw1Zc3V9fq via @YouTube'
2018-11-15 13:46:36,"b'RT @AzadSRKian: Exclusive : Hollywood movie #AlitaBattleAngel which was slated to release on 21st December 2018, Now has been Postponed to\xe2\x80\xa6'"
2018-11-15 13:40:16,b'Does @JimCameron and the creators of #AlitaBattleAngel understand the concept of Uncanny Valley?'
2018-11-15 13:35:40,"b'RT @TaquiBox: TRAILER VIEWS 2019 (actualizado)\n\n1 #CaptainMarvel 45,8M\n2 #DetectivePikachu 27,2M\n3 #Godzilla2 26,5M\n4 #Shazam 24,5M\n5 #Alad\xe2\x80\xa6'"
2018-11-15 13:31:22,"b""RT @NileFM: An angel must fall for a warrior to rise!\nWe can't wait for #AlitaBattleAngel!\n\n#TheWire: https://t.co/1yAbXxOuwJ https://t.co/\xe2\x80\xa6"""
2018-11-15 13:30:00,"b""An angel must fall for a warrior to rise!\nWe can't wait for #AlitaBattleAngel!\n\n#TheWire: https://t.co/1yAbXxOuwJ https://t.co/rqijEezyiQ"""
2018-11-15 13:12:06,b'RT @tinker_jaso: #AlitaBattleAngel Trailer 3 REACTION https://t.co/B4NDMbhSIv via @YouTube'
2018-11-15 13:10:59,b'#AlitaBattleAngel promete.'
2018-11-15 12:55:29,"b'RT @TaquiBox: TRAILER VIEWS 2019 (actualizado)\n\n1 #CaptainMarvel 45,8M\n2 #DetectivePikachu 27,2M\n3 #Godzilla2 26,5M\n4 #Shazam 24,5M\n5 #Alad\xe2\x80\xa6'"
2018-11-15 12:54:32,"b'RT @TaquiBox: TRAILER VIEWS 2019 (actualizado)\n\n1 #CaptainMarvel 45,8M\n2 #DetectivePikachu 27,2M\n3 #Godzilla2 26,5M\n4 #Shazam 24,5M\n5 #Alad\xe2\x80\xa6'"
2018-11-15 12:50:29,"b'RT @TaquiBox: TRAILER VIEWS 2019 (actualizado)\n\n1 #CaptainMarvel 45,8M\n2 #DetectivePikachu 27,2M\n3 #Godzilla2 26,5M\n4 #Shazam 24,5M\n5 #Alad\xe2\x80\xa6'"
2018-11-15 12:49:34,"b'Kudos @AlitaMovie, spotted the new trailer had the line \xe2\x80\x98I\xe2\x80\x99m just an insignificant girl\xe2\x80\x99 which was from the Cyborg\xe2\x80\xa6 https://t.co/yzTgk26nVW'"
2018-11-15 12:42:44,"b""Okay I'm DEFINATELY more excited to #AlitaBattleAngel now that I've seen the OVA. Her character design in the OVA is really sleek!"""
2018-11-15 12:37:19,b'RT @raginnation: This movie looks incredible!!!  Too bad it got pushed to 2019.   #AlitaBattleAngel #BattleAngelAlita #JamesCameron #Robert\xe2\x80\xa6'
2018-11-15 11:26:39,"b'RT @TaquiBox: TRAILER VIEWS 2019 (actualizado)\n\n1 #CaptainMarvel 45,8M\n2 #DetectivePikachu 27,2M\n3 #Godzilla2 26,5M\n4 #Shazam 24,5M\n5 #Alad\xe2\x80\xa6'"
2018-11-15 11:14:05,"b'RT @TaquiBox: TRAILER VIEWS 2019 (actualizado)\n\n1 #CaptainMarvel 45,8M\n2 #DetectivePikachu 27,2M\n3 #Godzilla2 26,5M\n4 #Shazam 24,5M\n5 #Alad\xe2\x80\xa6'"
2018-11-15 10:33:47,"b'RT @PixitMedia: Great turnout, awesome intro with #AlitaBattleAngel &amp; open discussions on future #storage workflows with @envypost @MPS_Lon\xe2\x80\xa6'"
2018-11-15 10:30:02,"b'Owkay, #AlitaBattleAngel looks promising. \nNot much fan of Live Actions because of some other movies but I may give this one a chance.'"
2018-11-15 10:14:38,b'RT @collectsideshow: Who saw the Alita figure at SDCC 2018?! #AlitaBattleAngel #HotToys #SideshowLive https://t.co/L5Nf2DX6eS'
2018-11-15 09:57:37,"b'RT @PixitMedia: Great turnout, awesome intro with #AlitaBattleAngel &amp; open discussions on future #storage workflows with @envypost @MPS_Lon\xe2\x80\xa6'"
2018-11-15 09:35:44,"b'Great turnout, awesome intro with #AlitaBattleAngel &amp; open discussions on future #storage workflows with @envypost\xe2\x80\xa6 https://t.co/eXSgFVP7QL'"
2018-11-15 08:27:58,b'RT @tinker_jaso: #AlitaBattleAngel Trailer 3 REACTION https://t.co/B4NDMbhSIv via @YouTube'
2018-11-15 08:07:24,"b'RT @AzadSRKian: Exclusive : Hollywood movie #AlitaBattleAngel which was slated to release on 21st December 2018, Now has been Postponed to\xe2\x80\xa6'"
2018-11-15 08:03:34,b'#AlitaBattleAngel POSTER Y TRAILER FINAL https://t.co/ZyeOIbjtBr https://t.co/UK84iygLdJ'
2018-11-15 08:00:07,b'RT @finalfrontierYT: James Cameron gives a video update on the Avatar sequels and also talks @alitamovie: https://t.co/tXzrf9kn4O\n\xc2\xb7\n\xc2\xb7\n\xc2\xb7\n\xc2\xb7\n\xc2\xb7\xe2\x80\xa6'
2018-11-15 07:58:43,b'James Cameron gives a video update on the Avatar sequels and also talks @alitamovie: https://t.co/tXzrf9kn4O\n\xc2\xb7\n\xc2\xb7\n\xc2\xb7\xe2\x80\xa6 https://t.co/qXM7ZhTYoZ'
2018-11-15 06:54:48,"b'RT @TaquiBox: TRAILER VIEWS 2019 (actualizado)\n\n1 #CaptainMarvel 45,8M\n2 #DetectivePikachu 27,2M\n3 #Godzilla2 26,5M\n4 #Shazam 24,5M\n5 #Alad\xe2\x80\xa6'"
2018-11-15 06:52:30,b'(Coming Soon)\n\n#Alita : Battle Angel\n#AlitaBattleAngel\n#Alita #BattleAngel\n\nFebruary 2019\n\nNew Trailer :\xe2\x80\xa6 https://t.co/oLk4Q7SQPj'
2018-11-15 06:47:53,"b'RT @Fandango: #AlitaBattleAngel New Trailer\n""I do not stand by in the presence of evil"" https://t.co/YKyea2DEV5'"
2018-11-15 06:39:20,b'RT @IndieWire: #AlitaBattleAngel Preview: How Weta Escaped from the Uncanny Valley https://t.co/gpxFfDJFsf https://t.co/ewRAWRTGHY'
2018-11-15 06:33:30,b'What is the first thing you download on internet explorer from a new laptop? #alita #AlitaBattleAngel #MMA #Atiku'
2018-11-15 06:10:01,"b'RT @TaquiBox: TRAILER VIEWS 2019 (actualizado)\n\n1 #CaptainMarvel 45,8M\n2 #DetectivePikachu 27,2M\n3 #Godzilla2 26,5M\n4 #Shazam 24,5M\n5 #Alad\xe2\x80\xa6'"
2018-11-15 06:06:58,"b'RT @Fandango: #AlitaBattleAngel New Trailer\n""I do not stand by in the presence of evil"" https://t.co/YKyea2DEV5'"
2018-11-15 05:32:18,b'\xf0\x9f\x8e\x89\xf0\x9f\x8e\x8aWatch it Now #AlitaBattleAngel #Alita #Hollywood #sciencefiction #Action #Movie #Trailer #cineraptor\xe2\x80\xa6 https://t.co/fpCrRrJlQI'
2018-11-15 04:14:28,b'RT @IndieWire: #AlitaBattleAngel Preview: How Weta Escaped from the Uncanny Valley https://t.co/gpxFfDJFsf https://t.co/ewRAWRTGHY'
2018-11-15 03:35:38,b'\xe2\x80\x9cDoes it bother you\xe2\x80\xa6 that I\xe2\x80\x99m not completely human?\xe2\x80\x9d\n#AlitaBattleAngel https://t.co/83aMm16PIG'
2018-11-15 03:13:58,"b""Directed by @Rodriguez and Produced by #JamesCameron. Now that's something!\n\n#AlitaBattleAngel -&gt;&gt;  @AlitaMovie \nhttps://t.co/hOKe8GQhyn"""
2018-11-15 03:04:14,"b'RT @TaquiBox: TRAILER VIEWS 2019 (actualizado)\n\n1 #CaptainMarvel 45,8M\n2 #DetectivePikachu 27,2M\n3 #Godzilla2 26,5M\n4 #Shazam 24,5M\n5 #Alad\xe2\x80\xa6'"
2018-11-15 02:41:20,"b'RT @TaquiBox: TRAILER VIEWS 2019 (actualizado)\n\n1 #CaptainMarvel 45,8M\n2 #DetectivePikachu 27,2M\n3 #Godzilla2 26,5M\n4 #Shazam 24,5M\n5 #Alad\xe2\x80\xa6'"
2018-11-15 02:23:00,"b'RT @AzadSRKian: Exclusive : Hollywood movie #AlitaBattleAngel which was slated to release on 21st December 2018, Now has been Postponed to\xe2\x80\xa6'"
2018-11-15 02:06:00,"b'RT @TaquiBox: TRAILER VIEWS 2019 (actualizado)\n\n1 #CaptainMarvel 45,8M\n2 #DetectivePikachu 27,2M\n3 #Godzilla2 26,5M\n4 #Shazam 24,5M\n5 #Alad\xe2\x80\xa6'"
2018-11-15 01:41:45,b'Cool to see @Junkie_XL is doing the music for #AlitaBattleAngel in credit frame of the trailer! https://t.co/Di6FuKWFVw'
2018-11-15 01:17:59,b'#Avatar sequels wrap and James Cameron plugs #AlitaBattleAngel https://t.co/hkW2JTFWkD'
2018-11-15 00:37:20,"b'RT @dneg: An angel falls, a warrior rises. From visionary filmmakers Jon Landau &amp; James Cameron (Avatar) and Robert Rodriguez (Sin City), #\xe2\x80\xa6'"
2018-11-15 00:30:53,"b'RT @AzadSRKian: Exclusive : Hollywood movie #AlitaBattleAngel which was slated to release on 21st December 2018, Now has been Postponed to\xe2\x80\xa6'"
2018-11-14 23:58:04,"b'RT @TaquiBox: TRAILER VIEWS 2019 (actualizado)\n\n1 #CaptainMarvel 45,8M\n2 #DetectivePikachu 27,2M\n3 #Godzilla2 26,5M\n4 #Shazam 24,5M\n5 #Alad\xe2\x80\xa6'"
2018-11-14 23:30:00,b'#AlitaBattleAngel is heading towards a February 2019 release.\nhttps://t.co/uV7Ta3soml'
2018-11-14 22:53:10,b'The Godfather of 3D is BACK and BETTER THAN EVER!!\n\n#jamescameron #20thcenturyfox #alitabattleangel #avatar https://t.co/0yDePGXHap'
2018-11-14 22:36:35,b'New \xe2\x80\x98Alita: Battle Angel\xe2\x80\x99 Trailer Highlights More Of Its Animated Lead https://t.co/qFKUECC3kM 14 de Febrero #AlitaBattleAngel'
2018-11-14 21:21:33,"b'RT @dneg: An angel falls, a warrior rises. From visionary filmmakers Jon Landau &amp; James Cameron (Avatar) and Robert Rodriguez (Sin City), #\xe2\x80\xa6'"
2018-11-14 21:10:12,"b'RT @TaquiBox: TRAILER VIEWS 2019 (actualizado)\n\n1 #CaptainMarvel 45,8M\n2 #DetectivePikachu 27,2M\n3 #Godzilla2 26,5M\n4 #Shazam 24,5M\n5 #Alad\xe2\x80\xa6'"
2018-11-14 20:01:12,b'@officialavatar @AlitaMovie I loved it ... Totally n completely #JamesCameron #AlitaBattleAngel @AlitaMovie'
2018-11-14 19:57:50,b'#AlitaBattleAngel trailer 3\n\nhttps://t.co/4PprmjPduI'
2018-11-14 19:28:28,"b'RT @TaquiBox: TRAILER VIEWS 2019 (actualizado)\n\n1 #CaptainMarvel 45,8M\n2 #DetectivePikachu 27,2M\n3 #Godzilla2 26,5M\n4 #Shazam 24,5M\n5 #Alad\xe2\x80\xa6'"
2018-11-14 19:27:48,b'Alita Battle Angle pops in @yellowdogdiscs #ydd #ilm #funko #funkopop #alitabattleangel  @ Yellow Dog Discs \xe2\x80\x94 at Ye\xe2\x80\xa6 https://t.co/FIvr1isofE'
2018-11-14 19:06:46,"b""RT @everythinglwry: Alita: Battle Angel is an upcoming cyberpunk action film, based on Yukito Kishiro's manga Battle Angel Alita. Produced\xe2\x80\xa6"""
2018-11-14 18:32:43,"b""Can I just see #AlitaBattleAngel @AlitaMovie Like Right Friggin Now Please And Thank You!!! Can't wait!! lol \xf0\x9f\x98\x82\xf0\x9f\x92\x96 Love life Minxy"""
2018-11-14 18:27:01,"b'RT @AzadSRKian: Exclusive : Hollywood movie #AlitaBattleAngel which was slated to release on 21st December 2018, Now has been Postponed to\xe2\x80\xa6'"
2018-11-14 18:26:32,"b'RT @TaquiBox: TRAILER VIEWS 2019 (actualizado)\n\n1 #CaptainMarvel 45,8M\n2 #DetectivePikachu 27,2M\n3 #Godzilla2 26,5M\n4 #Shazam 24,5M\n5 #Alad\xe2\x80\xa6'"
2018-11-14 18:24:54,"b'RT @TaquiBox: TRAILER VIEWS 2019 (actualizado)\n\n1 #CaptainMarvel 45,8M\n2 #DetectivePikachu 27,2M\n3 #Godzilla2 26,5M\n4 #Shazam 24,5M\n5 #Alad\xe2\x80\xa6'"
2018-11-14 18:17:53,"b'RT @TaquiBox: TRAILER VIEWS 2019 (actualizado)\n\n1 #CaptainMarvel 45,8M\n2 #DetectivePikachu 27,2M\n3 #Godzilla2 26,5M\n4 #Shazam 24,5M\n5 #Alad\xe2\x80\xa6'"
2018-11-14 18:17:45,b'RT @BritainDalton: Oh Yeah!! Check out the new #AlitaBattleAngel trailer!! Can\xe2\x80\x99t wait to see this film!! @AlitaMovie @JimCameron @jonlandau\xe2\x80\xa6'
2018-11-14 18:11:32,"b'RT @AzadSRKian: Exclusive : Hollywood movie #AlitaBattleAngel which was slated to release on 21st December 2018, Now has been Postponed to\xe2\x80\xa6'"
2018-11-14 18:02:02,b'@AlitaMovie new Clip is insane. #AlitaBattleAngel #Alita #20ThCenturyBoys #Fox35 #FoxNews #centuryfox #Awesome\xe2\x80\xa6 https://t.co/Tnal98OZgH'
2018-11-14 17:58:38,b'Trailer de #AlitaBattleAngel https://t.co/Sn6c2UQ7lw'
2018-11-14 17:58:34,"b'RT @TaquiBox: TRAILER VIEWS 2019 (actualizado)\n\n1 #CaptainMarvel 45,8M\n2 #DetectivePikachu 27,2M\n3 #Godzilla2 26,5M\n4 #Shazam 24,5M\n5 #Alad\xe2\x80\xa6'"
2018-11-14 17:57:12,"b'RT @AzadSRKian: Exclusive : Hollywood movie #AlitaBattleAngel which was slated to release on 21st December 2018, Now has been Postponed to\xe2\x80\xa6'"
2018-11-14 17:54:53,b'New BBB episode today....about 230pm CST #youtube #stanlee #WWEChampionship #DragonBallSuper\xe2\x80\xa6 https://t.co/OEI27qV0e7'
2018-11-14 17:52:07,"b'RT @TaquiBox: TRAILER VIEWS 2019 (actualizado)\n\n1 #CaptainMarvel 45,8M\n2 #DetectivePikachu 27,2M\n3 #Godzilla2 26,5M\n4 #Shazam 24,5M\n5 #Alad\xe2\x80\xa6'"
2018-11-14 17:47:36,b'20th Century Fox has released a new trailer for ALITA: BATTLE ANGEL! From visionary filmmakers James Cameron and Ro\xe2\x80\xa6 https://t.co/Y5CfZ9Dnyf'
2018-11-14 17:46:37,"b'RT @AzadSRKian: Exclusive : Hollywood movie #AlitaBattleAngel which was slated to release on 21st December 2018, Now has been Postponed to\xe2\x80\xa6'"
2018-11-14 17:46:05,"b'RT @TaquiBox: TRAILER VIEWS 2019 (actualizado)\n\n1 #CaptainMarvel 45,8M\n2 #DetectivePikachu 27,2M\n3 #Godzilla2 26,5M\n4 #Shazam 24,5M\n5 #Alad\xe2\x80\xa6'"
2018-11-14 17:42:10,"b'RT @TaquiBox: TRAILER VIEWS 2019 (actualizado)\n\n1 #CaptainMarvel 45,8M\n2 #DetectivePikachu 27,2M\n3 #Godzilla2 26,5M\n4 #Shazam 24,5M\n5 #Alad\xe2\x80\xa6'"
2018-11-14 17:09:01,b'My art work of Alita from Alita: Battle Angel\n@AlitaMovie \n#AlitaBattleAngel #RosaSalazar https://t.co/WZCLBoDOZR'
2018-11-14 16:57:31,"b'RT @TaquiBox: TRAILER VIEWS 2019 (actualizado)\n\n1 #CaptainMarvel 45,8M\n2 #DetectivePikachu 27,2M\n3 #Godzilla2 26,5M\n4 #Shazam 24,5M\n5 #Alad\xe2\x80\xa6'"
2018-11-14 16:51:52,"b'RT @AzadSRKian: Exclusive : Hollywood movie #AlitaBattleAngel which was slated to release on 21st December 2018, Now has been Postponed to\xe2\x80\xa6'"
2018-11-14 16:51:44,b'Final Trailer for Robert Rodriguezs #AlitaBattleAngel - https://t.co/UH5UOxrPV9'
2018-11-14 16:48:57,"b'RT @TaquiBox: TRAILER VIEWS 2019 (actualizado)\n\n1 #CaptainMarvel 45,8M\n2 #DetectivePikachu 27,2M\n3 #Godzilla2 26,5M\n4 #Shazam 24,5M\n5 #Alad\xe2\x80\xa6'"
2018-11-14 16:46:13,"b'RT @AzadSRKian: Exclusive : Hollywood movie #AlitaBattleAngel which was slated to release on 21st December 2018, Now has been Postponed to\xe2\x80\xa6'"
2018-11-14 16:44:36,"b'RT @TaquiBox: TRAILER VIEWS 2019 (actualizado)\n\n1 #CaptainMarvel 45,8M\n2 #DetectivePikachu 27,2M\n3 #Godzilla2 26,5M\n4 #Shazam 24,5M\n5 #Alad\xe2\x80\xa6'"
2018-11-14 16:41:09,"b'RT @AzadSRKian: Exclusive : Hollywood movie #AlitaBattleAngel which was slated to release on 21st December 2018, Now has been Postponed to\xe2\x80\xa6'"
2018-11-14 16:41:07,"b'New trailers have been released for ALITA: BATTLE ANGEL, ROMA, GLORIA BELL and more.\n\nhttps://t.co/Yv8O7Ygfwl\xe2\x80\xa6 https://t.co/M8gM31uWiK'"
2018-11-14 16:36:38,"b'RT @TaquiBox: TRAILER VIEWS 2019 (actualizado)\n\n1 #CaptainMarvel 45,8M\n2 #DetectivePikachu 27,2M\n3 #Godzilla2 26,5M\n4 #Shazam 24,5M\n5 #Alad\xe2\x80\xa6'"
2018-11-14 16:35:34,"b'RT @AzadSRKian: Exclusive : Hollywood movie #AlitaBattleAngel which was slated to release on 21st December 2018, Now has been Postponed to\xe2\x80\xa6'"
2018-11-14 16:35:30,b'RT @cinelinx: ICYMI: The final trailer for #AlitaBattleAngel is the best look at the upcoming action film so far. https://t.co/BdRnZp6BjM h\xe2\x80\xa6'
2018-11-14 16:35:07,b'ICYMI: The final trailer for #AlitaBattleAngel is the best look at the upcoming action film so far.\xe2\x80\xa6 https://t.co/ZqdqWYRwQM'
2018-11-14 16:32:52,"b'RT @AzadSRKian: Exclusive : Hollywood movie #AlitaBattleAngel which was slated to release on 21st December 2018, Now has been Postponed to\xe2\x80\xa6'"
2018-11-14 16:32:27,"b'RT @AzadSRKian: Exclusive : Hollywood movie #AlitaBattleAngel which was slated to release on 21st December 2018, Now has been Postponed to\xe2\x80\xa6'"
2018-11-14 16:31:32,"b'RT @AzadSRKian: Exclusive : Hollywood movie #AlitaBattleAngel which was slated to release on 21st December 2018, Now has been Postponed to\xe2\x80\xa6'"
2018-11-14 16:31:01,"b'RT @AzadSRKian: Exclusive : Hollywood movie #AlitaBattleAngel which was slated to release on 21st December 2018, Now has been Postponed to\xe2\x80\xa6'"
2018-11-14 16:30:45,"b'RT @AzadSRKian: Exclusive : Hollywood movie #AlitaBattleAngel which was slated to release on 21st December 2018, Now has been Postponed to\xe2\x80\xa6'"
2018-11-14 16:30:16,"b'RT @AzadSRKian: Exclusive : Hollywood movie #AlitaBattleAngel which was slated to release on 21st December 2018, Now has been Postponed to\xe2\x80\xa6'"
2018-11-14 16:26:59,"b'Exclusive : Hollywood movie #AlitaBattleAngel which was slated to release on 21st December 2018, Now has been Postp\xe2\x80\xa6 https://t.co/PpMX0tYTeS'"
2018-11-14 16:21:28,"b'RT @TaquiBox: TRAILER VIEWS 2019 (actualizado)\n\n1 #CaptainMarvel 45,8M\n2 #DetectivePikachu 27,2M\n3 #Godzilla2 26,5M\n4 #Shazam 24,5M\n5 #Alad\xe2\x80\xa6'"
2018-11-14 16:18:16,"b'RT @TaquiBox: TRAILER VIEWS 2019 (actualizado)\n\n1 #CaptainMarvel 45,8M\n2 #DetectivePikachu 27,2M\n3 #Godzilla2 26,5M\n4 #Shazam 24,5M\n5 #Alad\xe2\x80\xa6'"
2018-11-14 16:14:52,"b'TRAILER VIEWS 2019 (actualizado)\n\n1 #CaptainMarvel 45,8M\n2 #DetectivePikachu 27,2M\n3 #Godzilla2 26,5M\n4 #Shazam 24,\xe2\x80\xa6 https://t.co/tI9NI0b09f'"
2018-11-14 15:26:12,"b'When one slays like a warrior being an angel, its definitely Alita!!!\n#AlitaBattleAngel https://t.co/cZInAzQNid'"
2018-11-14 15:26:09,b'Watched #AlitaBattleAngel trailer \xf0\x9f\x94\xa5\xe2\x9d\xa4\xef\xb8\x8f\xf0\x9f\x91\xbd'
2018-11-14 15:21:29,b'RT @Gamrok: Willem Dafoe would be perfect to play the role of Makaku in Alita: Battle Angel movie!\n#Alita #AlitaBattleAngel #\xe9\x8a\x83\xe5\xa4\xa2 https://t.c\xe2\x80\xa6'
2018-11-14 15:12:48,b'Willem Dafoe would be perfect to play the role of Makaku in Alita: Battle Angel movie!\n#Alita #AlitaBattleAngel #\xe9\x8a\x83\xe5\xa4\xa2 https://t.co/TLJE7MUwM1'
2018-11-14 15:05:44,"b'RT @Fandango: #AlitaBattleAngel New Trailer\n""I do not stand by in the presence of evil"" https://t.co/YKyea2DEV5'"
2018-11-14 15:05:08,"b'WHEN THE FUCK DID THEY PUSH ALITA BACK TO FEBRUARY, WHAT THE FUCK!!! #AlitaBattleAngel'"
2018-11-14 14:59:12,b'Looks pretty good.  #AlitaBattleAngel https://t.co/G5m5MLYgUm'
2018-11-14 14:38:16,b'RT @bicaraboxoffice: Third (and supposedly final) trailer of #AlitaBattleAngel shows even more polished and impressive visuals.\n\nBut why ca\xe2\x80\xa6'
2018-11-14 14:21:20,b'They made live action of my fave #manga...#AlitaBattleAngel ...and let me tell you... NO. https://t.co/QERvKUvIFK'
2018-11-14 14:16:16,"b'Dios existe! \xf0\x9f\xa4\xa9, BEST movie ever?\n\nAlita Battle Angel - movie trailer\n\n#alita\n#alitabattleangel\n#trailer\n#movie\xe2\x80\xa6 https://t.co/7tIIfG1XxA'"
2018-11-14 13:39:35,b'The theatrical trailer for #AlitaBattleAngel really caught my attention yesterday. At first I thought it looked stu\xe2\x80\xa6 https://t.co/p1CwkqwQm8'
2018-11-14 13:38:59,b'RT @ScottMendelson: Trailer: #AlitaBattleAngel looks really good and I hope it fares better than VALERIAN and JUPITER ASCENDING. via @forbe\xe2\x80\xa6'
2018-11-14 13:38:57,"b'RT @ArtofVFX: Really cool new trailer for #AlitaBattleAngel produced by #JamesCameron! The #VFX are made by @weta_digital, @dneg and @Frame\xe2\x80\xa6'"
2018-11-14 13:25:08,"b'#JamesCameron and Robert @Rodriguez bring the classic #BattleAngelAlita to life in #AlitaBattleAngel (@Alitamovie),\xe2\x80\xa6 https://t.co/HUkDne0GdL'"
2018-11-14 13:13:39,"b'RT @ArtofVFX: Really cool new trailer for #AlitaBattleAngel produced by #JamesCameron! The #VFX are made by @weta_digital, @dneg and @Frame\xe2\x80\xa6'"
2018-11-14 12:55:02,b'RT @ScottMendelson: Trailer: #AlitaBattleAngel looks really good and I hope it fares better than VALERIAN and JUPITER ASCENDING. via @forbe\xe2\x80\xa6'
2018-11-14 12:52:19,"b""New Trailer of '#Alita: Battle Angel' shows the dangerous side of the anime hero. Watch it.!\xe2\x80\xa6 https://t.co/A90ln06hpk"""
2018-11-14 12:49:44,b'RT @GeekVibesNation: Alita: Battle Angel New Trailer https://t.co/x2wEQzGsVK #AlitaBattleAngel https://t.co/dFHhrH1zRH'
2018-11-14 12:46:04,b'Alita: Battle Angel New Trailer https://t.co/x2wEQzGsVK #AlitaBattleAngel https://t.co/dFHhrH1zRH'
2018-11-14 12:42:06,b'RT @firstpost: #AlitaBattleAngel will hit cinemas in February 2019.\nhttps://t.co/lckHoBJ4kW'
2018-11-14 12:41:54,b'#AlitaBattleAngel will hit cinemas in February 2019.\nhttps://t.co/lckHoBJ4kW'
2018-11-14 12:38:10,b'RT @tinker_jaso: #AlitaBattleAngel Trailer 3 REACTION https://t.co/B4NDMbhSIv via @YouTube'
2018-11-14 12:02:16,b'Check out the new trailer for Alita:  Battle Angel. #alitabattleangel #manga #anime https://t.co/WPcBHf9g3s https://t.co/6GiT3XO6Qz'
2018-11-14 11:53:25,b'RT @JamieMoranUK: Honestly this looks pretty awesome \n\n#AlitaBattleAngel https://t.co/snnKohFNG7'
2018-11-14 11:51:20,b'Hava a look at the amazing trailer of #AlitaBattleAngel. \n\nhttps://t.co/57QCd2y7x1\n\n@foxstarindia #JamesCameron\xe2\x80\xa6 https://t.co/YSHjDwnPQF'
2018-11-14 11:48:46,b'Check out the trailer of #AlitaBattleAngel. https://t.co/BmuS0VcNnR  \n\n@FoxStarIndia #JamesCameron #RobertRodriguez\xe2\x80\xa6 https://t.co/KEH6zsO8w8'
2018-11-14 11:17:33,b'RT @Kraven1138: #AlitaBattleAngel Official Trailer 3\nhttps://t.co/IxHhmqfAQm'
2018-11-14 11:15:00,b'#AlitaBattleAngel Preview: How Weta Escaped from the Uncanny Valley https://t.co/gpxFfDJFsf https://t.co/ewRAWRTGHY'
2018-11-14 10:40:14,"b'RT @dneg: An angel falls, a warrior rises. From visionary filmmakers Jon Landau &amp; James Cameron (Avatar) and Robert Rodriguez (Sin City), #\xe2\x80\xa6'"
2018-11-14 10:31:10,"b'RT @dneg: An angel falls, a warrior rises. From visionary filmmakers Jon Landau &amp; James Cameron (Avatar) and Robert Rodriguez (Sin City), #\xe2\x80\xa6'"
2018-11-14 10:19:14,b'Battle Angel - new film trailer: https://t.co/awCD6MHB2u\n\naction science-fiction directed by Robert Rodriguez and s\xe2\x80\xa6 https://t.co/eZhjdNUQS2'
2018-11-14 10:19:14,"b"".@20thcenturyfox's @AlitaMovie new trailer 3 brings gladiator sport to a whole new level #AlitaBattleAngel\xe2\x80\xa6 https://t.co/gUqHtcCVUS"""
2018-11-14 10:12:39,"b'RT @ArtofVFX: Really cool new trailer for #AlitaBattleAngel produced by #JamesCameron! The #VFX are made by @weta_digital, @dneg and @Frame\xe2\x80\xa6'"
2018-11-14 10:11:13,b'I will not stand by... in the presence of evil.\n\nI\xe2\x80\x99m connecting on a deep level with #AlitaBattleAngel https://t.co/kuR9Nd2ERW'
2018-11-14 10:05:00,b'Alita: Battle Angel | Official Trailer \xe2\x80\x93 Battle Ready #alita #alitabattleangel #trailer #robertrodriguez\xe2\x80\xa6 https://t.co/vxudPmrDoE'
2018-11-14 10:02:41,"b'RT @dneg: An angel falls, a warrior rises. From visionary filmmakers Jon Landau &amp; James Cameron (Avatar) and Robert Rodriguez (Sin City), #\xe2\x80\xa6'"
2018-11-14 09:55:27,"b'RT @dneg: An angel falls, a warrior rises. From visionary filmmakers Jon Landau &amp; James Cameron (Avatar) and Robert Rodriguez (Sin City), #\xe2\x80\xa6'"
2018-11-14 09:53:39,"b'An angel falls, a warrior rises. From visionary filmmakers Jon Landau &amp; James Cameron (Avatar) and Robert Rodriguez\xe2\x80\xa6 https://t.co/Bi2k47RW0U'"
2018-11-14 09:20:03,b'#Alita #AlitaBattleAngel  O. M. G. Rollerball \xf0\x9f\x98\x8e https://t.co/qrwIFSFklV'
2018-11-14 09:05:30,b'added new trailers for:\n\nAlita: Battle Angel\nOn the Basis of Sex\nDefault\n\nhttps://t.co/yC94IzCXTo\n\n#AlitaBattleAngel'
2018-11-14 09:03:44,b'#AlitaBattleAngel \n#OfficialTrailer\n#English\n#RosaSalazar\n#ChristophWaltz\n#JenniferConnelly\n\nLike Facebook page:\xe2\x80\xa6 https://t.co/aatwN0ngSt'
2018-11-14 08:46:04,"b'RT @Fandango: #AlitaBattleAngel New Trailer\n""I do not stand by in the presence of evil"" https://t.co/YKyea2DEV5'"
2018-11-14 08:26:58,b'Alita: Battle Angel #AlitaBattleAngel | Official Trailer #OfficialTrailer \xe2\x80\x93 Battle Ready [HD] | 20th Century FOX\xe2\x80\xa6 https://t.co/rmS247h8jR'
2018-11-14 08:14:27,b'RT @BritainDalton: Oh Yeah!! Check out the new #AlitaBattleAngel trailer!! Can\xe2\x80\x99t wait to see this film!! @AlitaMovie @JimCameron @jonlandau\xe2\x80\xa6'
2018-11-14 08:11:53,b'RT @PaulRMQ: Looking better and better... https://t.co/va7RSJHzmC #AlitaBattleAngel'
2018-11-14 07:38:03,"b'RT @ArtofVFX: Really cool new trailer for #AlitaBattleAngel produced by #JamesCameron! The #VFX are made by @weta_digital, @dneg and @Frame\xe2\x80\xa6'"
2018-11-14 07:11:45,b'Watch Alita: Battle Angel (2018) Official Trailer #3 https://t.co/CYJCFRLUKa #alitabattleangel'
2018-11-14 06:55:51,b'#AlitaBattleAngel Postponed to 14th feb\n https://t.co/jPhgKNfHLT'
2018-11-14 06:53:54,b'Action-packed #AlitaBattleAngel: trailer shows off some combat https://t.co/L6W15u1yJv https://t.co/l7iKdxpVvP'
2018-11-14 06:50:44,"b""#Avatar Director's Next Trailer Is out!\n\n#JamesCameron #AlitaBattleAngel #RobertRodriguez #RoseSalazar\xe2\x80\xa6 https://t.co/qJCt8S2lbY"""
2018-11-14 06:37:22,b'Honestly this looks pretty awesome \n\n#AlitaBattleAngel https://t.co/snnKohFNG7'
2018-11-14 06:27:45,b'RT @GeekVibesNation: Alita: Battle Angel New Trailer https://t.co/x2wEQzGsVK #AlitaBattleAngel https://t.co/LdfsxBhVjQ'
2018-11-14 05:48:01,b'#AlitaBattleAngel Releases New #Trailer https://t.co/IrYxyTS06S https://t.co/DqeFO2l2Ab'
2018-11-14 05:03:58,b'Alita Battle Angel: Latest Trailer\nhttps://t.co/13IeWRPgU4\n\n#alitabattleangel #Cinema #Alita #AlitaBattleAngel\xe2\x80\xa6 https://t.co/BBdQc35fU3'
2018-11-14 04:40:29,b'This trailer had me thinking it could be good....\xf0\x9f\xa4\x94\nThoughts anyone?\n#AlitaBattleAngel \nhttps://t.co/z2Ki3aDRec'
2018-11-14 04:38:51,b'RT @GeekVibesNews: Alita: Battle Angel New Trailer https://t.co/z8NsTQzNVf \xe2\x80\xa6 #AlitaBattleAngel https://t.co/i2gTjQ2uMo'
2018-11-14 04:01:50,"b'RT @BCactionMR_com: https://t.co/3Go3Jygyp4\n\xe2\x98\x9d\xef\xb8\x8f\xe2\x80\x9cI do not stand by, in the presence of evil\xe2\x80\x9d \n\xe2\x80\x98Alita: Battle Angel\xe2\x80\x99 Trailer 3 #AlitaBattleAng\xe2\x80\xa6'"
2018-11-14 03:56:45,b'#AlitaBattleAngel is looking amazing! Check out the newest trailer of the live-action manga adaptation. \n\nhttps://t.co/gAEYK8IcbY'
2018-11-14 03:56:03,b'another awesome manga i read turn movie and its james cameron movie. from the trailer seems like it will be a great\xe2\x80\xa6 https://t.co/bvp8jFvVQV'
2018-11-14 03:54:46,"b""That new #AlitaBattleAngel trailer was so good!! Now I'm excited to watch it in theaters in February!\nhttps://t.co/u84QedQAiK"""
2018-11-14 03:53:09,"b'The Alita Battle Angel move still hasn\xe2\x80\x99t won me over (I swear, if they just fixed her face, I could do it), but I d\xe2\x80\xa6 https://t.co/SMUzjSeV1i'"
2018-11-14 03:49:44,"b""\xf0\x9f\x8e\xacHere's the NEW TRAILER for #AlitaBattleAngel! Starring @RosaSalazar, #ChristophWaltz, #JenniferConnelly,\xe2\x80\xa6 https://t.co/s58lD99G1w"""
2018-11-14 03:49:43,"b'New ""Alita: Battle Angel"" trailer is the best one yet https://t.co/29ADZvoWVI Proximo #AlitaBattleAngel NUEVO Trailer'"
2018-11-14 03:20:08,b'RT @THEREALDREAGEN: The two of us sit down and check out the third trailer for the upcoming Alita: Battle Angel. #alita #battleangel #alita\xe2\x80\xa6'
2018-11-14 03:14:52,"b'""Third Official Trailer for Robert Rodriguez\'s Sci-Fi \'Alita: Battle Angel\'""  https://t.co/1Ujqkw0Fpf #AlitaBattleAngel'"
2018-11-14 03:08:45,b'The two of us sit down and check out the third trailer for the upcoming Alita: Battle Angel. #alita #battleangel\xe2\x80\xa6 https://t.co/f2ZkKoe8vB'
2018-11-14 03:07:01,b'RT @LiveLoveLupe: Inject this directly into my pulmonary vein! #drogas #midroga #AlitaBattleAngel #cantwait #mostanticipatedfilms #anime \xe2\x9d\xa4\xe2\x9d\xa4\xe2\x80\xa6'
2018-11-14 03:01:33,b'#AlitaBattleAngel Is going to be freakin awesome!!'
2018-11-14 03:00:00,b'From producer James Cameron and director Robert Rodriguez comes a new blockbuster. Watch the #AlitaBattleAngel trai\xe2\x80\xa6 https://t.co/IfEYq01F2b'
2018-11-14 02:46:07,b'I wonder how much of Alita: Battle Angel is based on the anime and Yukito Kishiro manga. #Alita #AlitaBattleAngel'
2018-11-14 02:38:03,"b'Check out new trailer of #AlitaBattleAngel, in theaters February 14. https://t.co/PcZUbxcx13'"
2018-11-14 02:36:48,"b""I'm super excited for #AlitaBattleAngel. It looks wild."""
2018-11-14 02:30:08,b'RT @OnlyFilmMedia: The new trailer for #AlitaBattleAngel is here!\n[Directed by Robert @Rodriguez].\n#Alita.\n[Produced by @JimCameron].\nCast:\xe2\x80\xa6'
2018-11-14 02:27:43,b'RT @Framestore: Saving the best for last - #AlitaBattleAngel trailer #3 featuring #VFXbyFramestore\xf0\x9f\x91\x8c\n\nhttps://t.co/NiVL1vx7Ta'
2018-11-14 02:16:07,"b'Whelp, the new #trailer for #AlitaBattleAngel makes the film look utter woeful. Over done #CGI &amp; #SFX, really bad d\xe2\x80\xa6 https://t.co/koSA5m9JIu'"
2018-11-14 01:38:19,"b'I just saw the 3rd #movie trailer for #AlitaBattleAngel and it looks so good, that it reawoke my searing anticipati\xe2\x80\xa6 https://t.co/Hp4hpOxioX'"
2018-11-14 01:31:44,"b'Watch the epic new #trailer to arrive for #AlitaBattleAngel, from #JamesCameron and #RobertRodriguez...\n\xf0\x9f\x91\x89\xe2\x80\xa6 https://t.co/XP8PyCGEEp'"
2018-11-14 01:03:50,"b""It might not be everyone's cup of tea but I am stoked for #AlitaBattleAngel https://t.co/GchOSfeoV5"""
2018-11-14 01:01:56,b'I CAN NOT WAIT TO SEE THIS MOVIE #AlitaBattleAngel https://t.co/BYYnSqGnci'
2018-11-14 01:00:37,b'#Jashugan Motorball Champion.\n#AlitaBattleAngel https://t.co/q4pVM5wrzh'
2018-11-14 00:50:56,b'RT @STACKmag: Clap eyes on the latest Alita: Battle Angel trailer\nhttps://t.co/QUW8RWjB6C\n#AlitaBattleAngel https://t.co/k0olSUXUja'
2018-11-14 00:49:24,"b""@GraceRandolph I'm intrigued but are they going to drop another trailer in January to remind people this movie come\xe2\x80\xa6 https://t.co/7F36awWhVN"""
2018-11-14 00:44:49,"b'RT @Fandango: #AlitaBattleAngel New Trailer\n""I do not stand by in the presence of evil"" https://t.co/YKyea2DEV5'"
2018-11-14 00:40:53,"b'https://t.co/3Go3Jygyp4\n\xe2\x98\x9d\xef\xb8\x8f\xe2\x80\x9cI do not stand by, in the presence of evil\xe2\x80\x9d \n\xe2\x80\x98Alita: Battle Angel\xe2\x80\x99 Trailer 3\xe2\x80\xa6 https://t.co/TmeRLFQykP'"
2018-11-14 00:22:59,"b'Alita: Battle Angel trailer Oficial, #Voxgamer, #Alita, #Alitabattleangel https://t.co/wLE0HGdidN https://t.co/ShVQKH8j0j'"
2018-11-14 00:22:53,b'#AlitaBattleAngel (2018) Movie Trailer 3: #RosaSalazar Fights in a Cyborg Arena https://t.co/U0CRn7Bn04 https://t.co/wjj1elYLSb'
2018-11-14 00:15:00,b'#AlitaBattleAngel Preview: How Weta Escaped from the Uncanny Valley https://t.co/gpxFfDJFsf https://t.co/vJeP6zfxzD'
2018-11-14 00:14:25,"b'RT @ArtofVFX: Really cool new trailer for #AlitaBattleAngel produced by #JamesCameron! The #VFX are made by @weta_digital, @dneg and @Frame\xe2\x80\xa6'"
2018-11-14 00:12:50,b'I can not wait for this film \xf0\x9f\x98\x81 #AlitaBattleAngel https://t.co/j1wHKD2t3c'
2018-11-14 00:01:22,b'Clap eyes on the latest Alita: Battle Angel trailer\nhttps://t.co/QUW8RWjB6C\n#AlitaBattleAngel https://t.co/k0olSUXUja'
2018-11-14 00:00:57,b'\xf0\x9f\x86\x95 ATTENTION! New Trailer for #AlitaBattleAngel. See the video and read the preview in one click! https://t.co/7BSnaFxN2S'
2018-11-13 23:49:50,"b""RT @GamingShogun: Here's a new trailer for Alita: Battle Angel that makes me want to see it even more --&gt; https://t.co/HaAKCeZpcp   tags: #\xe2\x80\xa6"""
2018-11-13 23:46:49,"b""Here's a new trailer for Alita: Battle Angel that makes me want to see it even more --&gt; https://t.co/HaAKCeZpcp   t\xe2\x80\xa6 https://t.co/BHt13qBd90"""
2018-11-13 23:39:32,b'#AlitaBattleAngel trailer was good but this scene was out of place https://t.co/gLpZF8acnl'
2018-11-13 23:33:43,b'RT @collectsideshow: Who saw the Alita figure at SDCC 2018?! #AlitaBattleAngel #HotToys #SideshowLive https://t.co/L5Nf2DX6eS'
2018-11-13 23:32:55,b'RT @GraceRandolph: #AlitaBattleAngel Trailer 3 REACTION: https://t.co/uXyrzk7Hzm'
2018-11-13 23:31:26,b'Oh Yeah!! Check out the new #AlitaBattleAngel trailer!! Can\xe2\x80\x99t wait to see this film!! @AlitaMovie @JimCameron\xe2\x80\xa6 https://t.co/ucIfFOhEmG'
2018-11-13 23:25:12,b'I see Motorball. And the excitement increases.\n#AlitaBattleAngel #BattleAngelAlita #Gunnm\nhttps://t.co/2h38N5PVtE'
2018-11-13 23:16:19,"b""I am real excited for #AlitaBattleAngel, ya'll. I never read the manga, but it looks really, really cool.\n\nhttps://t.co/H17V7pF8oR"""
2018-11-13 23:15:55,b'RT @collectsideshow: Who saw the Alita figure at SDCC 2018?! #AlitaBattleAngel #HotToys #SideshowLive https://t.co/L5Nf2DX6eS'
2018-11-13 23:09:50,b'[#Cin\xc3\xa9ma] [#Repost] #AlitaBattleAngel Trailer Shows Off a Dangerous Side https://t.co/02hQlsa8rz via @thr'
