2018-11-23 04:37:20,"b""RT @RealityEntPH: Julia Roberts is back!!! Don't you just miss her?!\n\nExperience the award-winning acting prowess of Julia Roberts as she r\xe2\x80\xa6"""
2018-11-23 04:08:11,"b""Julia Roberts is back!!! Don't you just miss her?!\n\nExperience the award-winning acting prowess of Julia Roberts as\xe2\x80\xa6 https://t.co/5Dp4yvcuiu"""
2018-11-23 03:32:52,b'RT @BenIsBackMovie: Thankful for family and a chance at forgiveness. #BenIsBack https://t.co/PUe0XH5mrm'
2018-11-23 02:44:32,b'RT @BenIsBackMovie: Thankful for family and a chance at forgiveness. #BenIsBack https://t.co/PUe0XH5mrm'
2018-11-23 01:56:20,"b'RT @BenIsBackMovie: #BenIsBack is ""a riveting and powerful film"" that will keep you on the edge of your seat. Coming to select theaters Dec\xe2\x80\xa6'"
2018-11-22 23:18:32,b'@WarnerBrosEnt did #AStarIsBorn so @20thFoxCC does musical #BohemianRhapsodyMovie &amp; @amazon releases sober flick\xe2\x80\xa6 https://t.co/YVaTnHkn1d'
2018-11-22 22:11:05,"b""RT @THR: Oscar-nominated actor Lucas Hedges is starring on stage in Kenneth Lonergan's 'The Waverly Gallery,' while simultaneously hitting\xe2\x80\xa6"""
2018-11-22 20:46:19,b'Still have a long list of films I need to see before the end of the year:\n#Widows\n#GreenBook\n#ROMA\n#FrontRunner\xe2\x80\xa6 https://t.co/zMBv3DcAhM'
2018-11-22 20:38:43,"b""RT @THR: Oscar-nominated actor Lucas Hedges is starring on stage in Kenneth Lonergan's 'The Waverly Gallery,' while simultaneously hitting\xe2\x80\xa6"""
2018-11-22 20:36:57,"b""RT @THR: Oscar-nominated actor Lucas Hedges is starring on stage in Kenneth Lonergan's 'The Waverly Gallery,' while simultaneously hitting\xe2\x80\xa6"""
2018-11-22 20:32:18,b'RT @BenIsBackMovie: Thankful for family and a chance at forgiveness. #BenIsBack https://t.co/PUe0XH5mrm'
2018-11-22 18:47:24,b'RT @BenIsBackMovie: Thankful for family and a chance at forgiveness. #BenIsBack https://t.co/PUe0XH5mrm'
2018-11-22 18:17:50,"b'Just screened #BenIsBack, an important film for the here and now. https://t.co/B4O7LmZlkJ'"
2018-11-22 18:13:37,b'RT @BenIsBackMovie: Thankful for family and a chance at forgiveness. #BenIsBack https://t.co/PUe0XH5mrm'
2018-11-22 18:00:01,b'Thankful for family and a chance at forgiveness. #BenIsBack https://t.co/PUe0XH5mrm'
2018-11-22 15:44:54,"b""RT @THR: Oscar-nominated actor Lucas Hedges is starring on stage in Kenneth Lonergan's 'The Waverly Gallery,' while simultaneously hitting\xe2\x80\xa6"""
2018-11-22 14:17:13,"b'RT @BenIsBackMovie: #BenIsBack is ""a riveting and powerful film"" that will keep you on the edge of your seat. Coming to select theaters Dec\xe2\x80\xa6'"
2018-11-22 13:34:56,"b'RT @BenIsBackMovie: ""The emotions true."" \xe2\x80\x93 See Julia Roberts and Lucas Hedges in the ""powerful"" #BenIsBack in NY and LA December 7. Expands\xe2\x80\xa6'"
2018-11-22 13:05:27,"b'RT @BenIsBackMovie: #BenIsBack is ""a riveting and powerful film"" that will keep you on the edge of your seat. Coming to select theaters Dec\xe2\x80\xa6'"
2018-11-22 12:36:36,"b""RT @THR: Oscar-nominated actor Lucas Hedges is starring on stage in Kenneth Lonergan's 'The Waverly Gallery,' while simultaneously hitting\xe2\x80\xa6"""
2018-11-22 12:31:42,"b""RT @THR: Oscar-nominated actor Lucas Hedges is starring on stage in Kenneth Lonergan's 'The Waverly Gallery,' while simultaneously hitting\xe2\x80\xa6"""
2018-11-22 12:19:25,"b""RT @THR: Oscar-nominated actor Lucas Hedges is starring on stage in Kenneth Lonergan's 'The Waverly Gallery,' while simultaneously hitting\xe2\x80\xa6"""
2018-11-22 12:12:54,"b""RT @THR: Oscar-nominated actor Lucas Hedges is starring on stage in Kenneth Lonergan's 'The Waverly Gallery,' while simultaneously hitting\xe2\x80\xa6"""
2018-11-22 12:12:05,"b'RT @BenIsBackMovie: #BenIsBack is ""a riveting and powerful film"" that will keep you on the edge of your seat. Coming to select theaters Dec\xe2\x80\xa6'"
2018-11-22 11:46:32,"b'RT @BenIsBackMovie: ONE FAMILY. ONE DAY. See Julia Roberts and Lucas Hedges in the official #BenIsBack trailer, in select theaters December\xe2\x80\xa6'"
2018-11-22 11:42:07,"b'RT @BenIsBackMovie: #BenIsBack is ""a riveting and powerful film"" that will keep you on the edge of your seat. Coming to select theaters Dec\xe2\x80\xa6'"
2018-11-22 09:34:04,b'#BenisBack is \xe2\x80\x9cA riveting and powerful film\xe2\x80\x9d that will keep you on the edge of your seat. Coming to theaters soon.\xe2\x80\xa6 https://t.co/opgICTHKWg'
2018-11-22 09:30:41,"b""RT @THR: Oscar-nominated actor Lucas Hedges is starring on stage in Kenneth Lonergan's 'The Waverly Gallery,' while simultaneously hitting\xe2\x80\xa6"""
2018-11-22 08:55:46,"b'RT @BenIsBackMovie: ""The emotions true."" \xe2\x80\x93 See Julia Roberts and Lucas Hedges in the ""powerful"" #BenIsBack in NY and LA December 7. Expands\xe2\x80\xa6'"
2018-11-22 08:48:01,"b""RT @THR: Oscar-nominated actor Lucas Hedges is starring on stage in Kenneth Lonergan's 'The Waverly Gallery,' while simultaneously hitting\xe2\x80\xa6"""
2018-11-22 08:42:25,"b""RT @THR: Oscar-nominated actor Lucas Hedges is starring on stage in Kenneth Lonergan's 'The Waverly Gallery,' while simultaneously hitting\xe2\x80\xa6"""
2018-11-22 08:25:49,"b""RT @THR: Oscar-nominated actor Lucas Hedges is starring on stage in Kenneth Lonergan's 'The Waverly Gallery,' while simultaneously hitting\xe2\x80\xa6"""
2018-11-22 08:16:57,"b""RT @DenofGeekUS: We spoke to Oscar nominee Lucas Hedges about #BoyErased, working with his father in #BenIsBack, and whether or not he's in\xe2\x80\xa6"""
2018-11-22 08:16:18,"b""RT @THR: Oscar-nominated actor Lucas Hedges is starring on stage in Kenneth Lonergan's 'The Waverly Gallery,' while simultaneously hitting\xe2\x80\xa6"""
2018-11-22 08:15:36,"b""RT @THR: Oscar-nominated actor Lucas Hedges is starring on stage in Kenneth Lonergan's 'The Waverly Gallery,' while simultaneously hitting\xe2\x80\xa6"""
2018-11-22 08:10:20,"b""Oscar-nominated actor Lucas Hedges is starring on stage in Kenneth Lonergan's 'The Waverly Gallery,' while simultan\xe2\x80\xa6 https://t.co/kdwInsdUGr"""
2018-11-22 08:01:43,"b""RT @THR: Oscar-nominated actor Lucas Hedges is starring on stage in Kenneth Lonergan's 'The Waverly Gallery,' while simultaneously hitting\xe2\x80\xa6"""
2018-11-22 07:56:07,"b""RT @THR: Oscar-nominated actor Lucas Hedges is starring on stage in Kenneth Lonergan's 'The Waverly Gallery,' while simultaneously hitting\xe2\x80\xa6"""
2018-11-22 07:54:41,"b""RT @THR: Oscar-nominated actor Lucas Hedges is starring on stage in Kenneth Lonergan's 'The Waverly Gallery,' while simultaneously hitting\xe2\x80\xa6"""
2018-11-22 07:51:56,"b""RT @THR: Oscar-nominated actor Lucas Hedges is starring on stage in Kenneth Lonergan's 'The Waverly Gallery,' while simultaneously hitting\xe2\x80\xa6"""
2018-11-22 07:49:58,"b""RT @THR: Oscar-nominated actor Lucas Hedges is starring on stage in Kenneth Lonergan's 'The Waverly Gallery,' while simultaneously hitting\xe2\x80\xa6"""
2018-11-22 07:49:33,"b""RT @THR: Oscar-nominated actor Lucas Hedges is starring on stage in Kenneth Lonergan's 'The Waverly Gallery,' while simultaneously hitting\xe2\x80\xa6"""
2018-11-22 07:49:04,"b""Oscar-nominated actor Lucas Hedges is starring on stage in Kenneth Lonergan's 'The Waverly Gallery,' while simultan\xe2\x80\xa6 https://t.co/hzsBiFNYMj"""
2018-11-22 07:46:46,"b'RT @BenIsBackMovie: #BenIsBack is ""a riveting and powerful film"" that will keep you on the edge of your seat. Coming to select theaters Dec\xe2\x80\xa6'"
2018-11-22 05:43:36,"b'RT @BenIsBackMovie: #BenIsBack is ""a riveting and powerful film"" that will keep you on the edge of your seat. Coming to select theaters Dec\xe2\x80\xa6'"
2018-11-22 04:13:47,"b'RT @BenIsBackMovie: #BenIsBack is ""a riveting and powerful film"" that will keep you on the edge of your seat. Coming to select theaters Dec\xe2\x80\xa6'"
2018-11-22 03:30:51,"b'RT @BenIsBackMovie: #BenIsBack is ""a riveting and powerful film"" that will keep you on the edge of your seat. Coming to select theaters Dec\xe2\x80\xa6'"
2018-11-22 03:00:29,"b""RT @DenofGeekUS: We spoke to Oscar nominee Lucas Hedges about #BoyErased, working with his father in #BenIsBack, and whether or not he's in\xe2\x80\xa6"""
2018-11-22 00:44:09,b'RT @BenIsBackMovie: .@kathrynnewton is Ben\xe2\x80\x99s cautious but loving sister. #BenIsBack https://t.co/1QEAZBWLhQ'
2018-11-22 00:24:43,"b""RT @DenofGeekUS: We spoke to Oscar nominee Lucas Hedges about #BoyErased, working with his father in #BenIsBack, and whether or not he's in\xe2\x80\xa6"""
2018-11-22 00:11:03,"b'""The emotions true."" \xe2\x80\x93 See Julia Roberts and Lucas Hedges in the ""powerful"" #BenIsBack in NY and LA December 7. Exp\xe2\x80\xa6 https://t.co/7Cw7YDq5Kv'"
2018-11-21 23:42:31,"b'RT @BenIsBackMovie: #BenIsBack is ""a riveting and powerful film"" that will keep you on the edge of your seat. Coming to select theaters Dec\xe2\x80\xa6'"
2018-11-21 22:49:05,"b""@LeeDeWyze @BenIsBackMovie it's very exciting. definitely gonna go see #BenIsBack. i love #JuliaRoberts and the mov\xe2\x80\xa6 https://t.co/IITpx4zH35"""
2018-11-21 22:08:58,b'RT @kathrynnewton: #benisback December 17th!!! Meet Ivy Burns. \xe2\x9d\xa4\xef\xb8\x8f @BenIsBackMovie https://t.co/XZcX0VvhyV'
2018-11-21 21:22:53,"b""RT @DenofGeekUS: We spoke to Oscar nominee Lucas Hedges about #BoyErased, working with his father in #BenIsBack, and whether or not he's in\xe2\x80\xa6"""
2018-11-21 20:45:51,b'RT @kathrynnewton: #benisback December 17th!!! Meet Ivy Burns. \xe2\x9d\xa4\xef\xb8\x8f @BenIsBackMovie https://t.co/XZcX0VvhyV'
2018-11-21 19:06:19,b'RT @kathrynnewton: #benisback December 17th!!! Meet Ivy Burns. \xe2\x9d\xa4\xef\xb8\x8f @BenIsBackMovie https://t.co/XZcX0VvhyV'
2018-11-21 19:04:18,b'RT @BenIsBackMovie: .@kathrynnewton is Ben\xe2\x80\x99s cautious but loving sister. #BenIsBack https://t.co/1QEAZBWLhQ'
2018-11-21 18:54:54,b'This interview between #LucasHedges and @Andy on @RadioAndySXM is amazing. #BoyErased #LadyBird #BenIsBack #Mid90s\xe2\x80\xa6 https://t.co/mIX4KKJYYj'
2018-11-21 18:30:11,b'Film Review: #BenIsBack starring #LucasHedges  https://t.co/SeaZmv4wqU'
2018-11-21 18:27:08,b'#LucasHedges owns #Oscar buzz with #BoyErased #BenIsBack &amp; #Mid90s  https://t.co/qwgVCtvLHa'
2018-11-21 18:13:14,b'RT @SCENECUT: #BenisBack teaser: https://t.co/ymiEQTEVya'
2018-11-21 18:00:01,"b'#BenIsBack is ""a riveting and powerful film"" that will keep you on the edge of your seat. Coming to select theaters\xe2\x80\xa6 https://t.co/zDpvy9TJJE'"
2018-11-21 15:09:14,b'#BenIsBack plays heavily on one of the most agonizing family and/or social problems in America today\xe2\x80\x94and gets it ex\xe2\x80\xa6 https://t.co/h2D5cOoumR'
2018-11-21 13:46:48,b'RT @kathrynnewton: #benisback December 17th!!! Meet Ivy Burns. \xe2\x9d\xa4\xef\xb8\x8f @BenIsBackMovie https://t.co/XZcX0VvhyV'
2018-11-21 10:38:54,b'RT @BenIsBackMovie: .@kathrynnewton is Ben\xe2\x80\x99s cautious but loving sister. #BenIsBack https://t.co/1QEAZBWLhQ'
2018-11-21 10:12:35,b'A family stands together closest during crisis.\n\nJulia Roberts is back on screen again with a movie that will move\xe2\x80\xa6 https://t.co/HImpnjrLLW'
2018-11-21 08:01:06,"b'#LucasHedges has ""never been better."" - #IndieWire #BenisBack #LucasHedges #JuliaRoberts https://t.co/dRitIqpCmF'"
2018-11-21 02:47:38,b'RT @kathrynnewton: #benisback December 17th!!! Meet Ivy Burns. \xe2\x9d\xa4\xef\xb8\x8f @BenIsBackMovie https://t.co/XZcX0VvhyV'
2018-11-21 02:13:46,b'RT @kathrynnewton: #benisback December 17th!!! Meet Ivy Burns. \xe2\x9d\xa4\xef\xb8\x8f @BenIsBackMovie https://t.co/XZcX0VvhyV'
2018-11-21 02:06:16,b'RT @kathrynnewton: #benisback December 17th!!! Meet Ivy Burns. \xe2\x9d\xa4\xef\xb8\x8f @BenIsBackMovie https://t.co/XZcX0VvhyV'
2018-11-21 01:24:09,b'RT @kathrynnewton: #benisback December 17th!!! Meet Ivy Burns. \xe2\x9d\xa4\xef\xb8\x8f @BenIsBackMovie https://t.co/XZcX0VvhyV'
2018-11-21 01:12:40,b'RT @kathrynnewton: #benisback December 17th!!! Meet Ivy Burns. \xe2\x9d\xa4\xef\xb8\x8f @BenIsBackMovie https://t.co/XZcX0VvhyV'
2018-11-21 01:12:39,b'RT @BenIsBackMovie: .@kathrynnewton is Ben\xe2\x80\x99s cautious but loving sister. #BenIsBack https://t.co/1QEAZBWLhQ'
2018-11-21 00:51:54,b'RT @kathrynnewton: #benisback December 17th!!! Meet Ivy Burns. \xe2\x9d\xa4\xef\xb8\x8f @BenIsBackMovie https://t.co/XZcX0VvhyV'
2018-11-21 00:32:02,b'RT @kathrynnewton: #benisback December 17th!!! Meet Ivy Burns. \xe2\x9d\xa4\xef\xb8\x8f @BenIsBackMovie https://t.co/XZcX0VvhyV'
2018-11-21 00:31:58,b'RT @BenIsBackMovie: .@kathrynnewton is Ben\xe2\x80\x99s cautious but loving sister. #BenIsBack https://t.co/1QEAZBWLhQ'
2018-11-21 00:29:15,b'RT @BenIsBackMovie: .@kathrynnewton is Ben\xe2\x80\x99s cautious but loving sister. #BenIsBack https://t.co/1QEAZBWLhQ'
2018-11-21 00:14:35,b'RT @kathrynnewton: #benisback December 17th!!! Meet Ivy Burns. \xe2\x9d\xa4\xef\xb8\x8f @BenIsBackMovie https://t.co/XZcX0VvhyV'
2018-11-21 00:13:34,b'RT @kathrynnewton: #benisback December 17th!!! Meet Ivy Burns. \xe2\x9d\xa4\xef\xb8\x8f @BenIsBackMovie https://t.co/XZcX0VvhyV'
2018-11-21 00:09:08,b'RT @kathrynnewton: #benisback December 17th!!! Meet Ivy Burns. \xe2\x9d\xa4\xef\xb8\x8f @BenIsBackMovie https://t.co/XZcX0VvhyV'
2018-11-21 00:05:05,b'RT @kathrynnewton: #benisback December 17th!!! Meet Ivy Burns. \xe2\x9d\xa4\xef\xb8\x8f @BenIsBackMovie https://t.co/XZcX0VvhyV'
2018-11-21 00:05:00,b'RT @BenIsBackMovie: .@kathrynnewton is Ben\xe2\x80\x99s cautious but loving sister. #BenIsBack https://t.co/1QEAZBWLhQ'
2018-11-21 00:00:28,b'RT @BenIsBackMovie: .@kathrynnewton is Ben\xe2\x80\x99s cautious but loving sister. #BenIsBack https://t.co/1QEAZBWLhQ'
2018-11-21 00:00:08,b'#benisback December 17th!!! Meet Ivy Burns. \xe2\x9d\xa4\xef\xb8\x8f @BenIsBackMovie https://t.co/XZcX0VvhyV'
2018-11-20 22:30:00,"b'We spoke to Oscar nominee Lucas Hedges about #BoyErased, working with his father in #BenIsBack, and whether or not\xe2\x80\xa6 https://t.co/z8IonJ40NS'"
2018-11-20 20:00:09,b'RT @BenIsBackMovie: .@kathrynnewton is Ben\xe2\x80\x99s cautious but loving sister. #BenIsBack https://t.co/1QEAZBWLhQ'
2018-11-20 19:07:33,"b""The devil works hard, but Lucas Hedges' agent works harder... \n\n#BenIsBack #BoyErased #Mid90s"""
2018-11-20 19:02:00,b'#JuliaRoberts and #LucasHedges star in upcoming drama #BenIsBack. https://t.co/9PULRvtbNG https://t.co/DDpBBzdIkN'
2018-11-20 18:33:28,"b'It was a great pleasure to talk to one of my favorite writer/directors, Peter Hedges, about Ben is Back, starring J\xe2\x80\xa6 https://t.co/CrzyhWgyNf'"
2018-11-20 18:00:01,b'.@kathrynnewton is Ben\xe2\x80\x99s cautious but loving sister. #BenIsBack https://t.co/1QEAZBWLhQ'
2018-11-20 15:30:00,"b'We spoke to Oscar nominee Lucas Hedges about #BoyErased, working with his father in #BenIsBack, and whether or not\xe2\x80\xa6 https://t.co/d0XTW9oonE'"
2018-11-20 12:06:50,"b'RT @BenIsBackMovie: Watch Julia Roberts and Lucas Hedges in this new clip from #BenIsBack, in select theaters December 7. https://t.co/lclo\xe2\x80\xa6'"
2018-11-20 05:15:55,"b'RT @BenIsBackMovie: Watch Julia Roberts and Lucas Hedges in this new clip from #BenIsBack, in select theaters December 7. https://t.co/lclo\xe2\x80\xa6'"
2018-11-20 03:33:47,"b'RT @BenIsBackMovie: Watch Julia Roberts and Lucas Hedges in this new clip from #BenIsBack, in select theaters December 7. https://t.co/lclo\xe2\x80\xa6'"
2018-11-20 03:21:18,b'Thanks to writer/director Peter Hedges for a wonderful conversation about Ben is Back for @AWFJ    @BenIsBackMovie\xe2\x80\xa6 https://t.co/r9ulXoiDAj'
2018-11-19 21:53:35,b'RT @taran_adarsh: Julia Roberts and Lucas Hedges... #BenIsBack to release on 7 Dec 2018... Poster: https://t.co/fuCbRHp3Im'
2018-11-19 21:27:11,"b'RT @BenIsBackMovie: Watch Julia Roberts and Lucas Hedges in this new clip from #BenIsBack, in select theaters December 7. https://t.co/lclo\xe2\x80\xa6'"
2018-11-19 21:16:02,"b'RT @BenIsBackMovie: Watch Julia Roberts and Lucas Hedges in this new clip from #BenIsBack, in select theaters December 7. https://t.co/lclo\xe2\x80\xa6'"
2018-11-19 21:02:45,"b'RT @BenIsBackMovie: Watch Julia Roberts and Lucas Hedges in this new clip from #BenIsBack, in select theaters December 7. https://t.co/lclo\xe2\x80\xa6'"
2018-11-19 21:00:00,"b'Watch Julia Roberts and Lucas Hedges in this new clip from #BenIsBack, in select theaters December 7. https://t.co/lcloeqv4MG'"
2018-11-19 18:12:28,"b'RT @BenIsBackMovie: ""Peter Hedges directs one of Roberts\'s best performances in years"" in #BenIsBack - @esquire https://t.co/H6dfllu0kT htt\xe2\x80\xa6'"
2018-11-19 18:00:17,"b'RT @BenIsBackMovie: ""Peter Hedges directs one of Roberts\'s best performances in years"" in #BenIsBack - @esquire https://t.co/H6dfllu0kT htt\xe2\x80\xa6'"
2018-11-19 18:00:01,"b'""Peter Hedges directs one of Roberts\'s best performances in years"" in #BenIsBack - @esquire https://t.co/H6dfllu0kT https://t.co/H7AUyw8gaZ'"
2018-11-19 13:00:30,b'RT @BenIsBackMovie: Critics are raving about Lucas Hedges\xe2\x80\x99 performance in #BenIsBack. See it in select theaters December 7. https://t.co/q8\xe2\x80\xa6'
2018-11-19 12:25:00,b'RT @TMML: BEN IS BACK (2018): https://t.co/0Jtp3gXaUB      \n#benisback #JuliaRoberts #KathrynNewton #LucasHedges https://t.co/wJIye3Nq1B'
2018-11-19 12:24:16,b'BEN IS BACK (2018): https://t.co/0Jtp3gXaUB      \n#benisback #JuliaRoberts #KathrynNewton #LucasHedges https://t.co/wJIye3Nq1B'
2018-11-19 06:37:55,b'RT @BenIsBackMovie: Courtney B. Vance is a stepfather in a tough situation. #BenIsBack https://t.co/RDYDBhZ5HE'
2018-11-19 03:31:53,b'#JuliaRoberts and #LucasHedges... #BenIsBack to release on 7 Dec 2018... Poster: https://t.co/ZqlDj2NqOE'
2018-11-19 03:22:36,b'RT @BenIsBackMovie: Courtney B. Vance is a stepfather in a tough situation. #BenIsBack https://t.co/RDYDBhZ5HE'
2018-11-19 03:07:49,b'RT @BenIsBackMovie: Critics are raving about Lucas Hedges\xe2\x80\x99 performance in #BenIsBack. See it in select theaters December 7. https://t.co/q8\xe2\x80\xa6'
2018-11-18 18:00:00,b'Courtney B. Vance is a stepfather in a tough situation. #BenIsBack https://t.co/RDYDBhZ5HE'
2018-11-18 15:21:53,b'RT @taran_adarsh: Julia Roberts and Lucas Hedges... #BenIsBack to release on 7 Dec 2018... Poster: https://t.co/fuCbRHp3Im'
2018-11-18 14:44:23,b'Movies to See This Holiday Season: #BenIsBack #MaryQueenofScots and more  https://t.co/7YdMlg0qKh'
2018-11-18 11:22:08,b'RT @taran_adarsh: Julia Roberts and Lucas Hedges... #BenIsBack to release on 7 Dec 2018... Poster: https://t.co/fuCbRHp3Im'
2018-11-18 08:47:09,b'RT @taran_adarsh: Julia Roberts and Lucas Hedges... #BenIsBack to release on 7 Dec 2018... Poster: https://t.co/fuCbRHp3Im'
2018-11-18 05:27:16,b'RT @taran_adarsh: Julia Roberts and Lucas Hedges... #BenIsBack to release on 7 Dec 2018... Poster: https://t.co/fuCbRHp3Im'
2018-11-18 04:09:45,b'RT @NNGhollywood: The charming yet troubled Ben returns home to his unsuspecting family one fateful Christmas Eve.\n\n#BenIsBack #BenIsBackMo\xe2\x80\xa6'
2018-11-18 04:04:08,b'Julia Roberts and Lucas Hedges... #BenIsBack to release on 7 Dec 2018... Poster: https://t.co/jreVXkd7lE'
2018-11-18 01:52:50,"b'RT @BenIsBackMovie: ONE FAMILY. ONE DAY. See Julia Roberts and Lucas Hedges in the official #BenIsBack trailer, in select theaters December\xe2\x80\xa6'"
2018-11-17 22:10:45,"b'RT @BenIsBackMovie: ONE FAMILY. ONE DAY. See Julia Roberts and Lucas Hedges in the official #BenIsBack trailer, in select theaters December\xe2\x80\xa6'"
2018-11-17 21:06:45,"b'RT @BenIsBackMovie: Lucas Hedges \xe2\x80\x9cbelieves every project is an opportunity to heal some part of himself,\xe2\x80\x9d and his role in #BenIsBack is no\xe2\x80\xa6'"
2018-11-17 20:17:14,b'RT @BenIsBackMovie: The love and limits of family are put to the test in #BenIsBack. https://t.co/DIj250oFTq'
2018-11-17 18:45:45,"b'RT @BenIsBackMovie: Lucas Hedges \xe2\x80\x9cbelieves every project is an opportunity to heal some part of himself,\xe2\x80\x9d and his role in #BenIsBack is no\xe2\x80\xa6'"
2018-11-17 18:00:05,"b'Lucas Hedges \xe2\x80\x9cbelieves every project is an opportunity to heal some part of himself,\xe2\x80\x9d and his role in #BenIsBack is\xe2\x80\xa6 https://t.co/kSfoBOs1C4'"
2018-11-17 17:46:49,"b'#BenIsBack #JuliaRoberts  #LucasHedges starrer \xe2\x80\x9cBen is back\xe2\x80\x9d drug addiction drama, to release in India on 7 Decembe\xe2\x80\xa6 https://t.co/MtkqVipXss'"
2018-11-17 16:12:17,b'RT @taran_adarsh: Julia Roberts and Lucas Hedges... #BenIsBack to release on 7 Dec 2018... Poster: https://t.co/fuCbRHp3Im'
2018-11-17 16:07:29,b'The love and limits of family are put to the test in #BenIsBack Watch the movie in theatres near you this December. https://t.co/N9FHQjUUbT'
2018-11-17 13:58:58,b'RT @taran_adarsh: Julia Roberts and Lucas Hedges... #BenIsBack to release on 7 Dec 2018... Poster: https://t.co/fuCbRHp3Im'
2018-11-17 13:22:57,"b'RT @PeepingMoon: #BenIsBack, in which she plays a mother to a drug addict son, will hit the screens in India on December 7\n\n#JuliaRoberts @\xe2\x80\xa6'"
2018-11-17 11:44:31,b'RT @BenIsBackMovie: Critics are raving about Lucas Hedges\xe2\x80\x99 performance in #BenIsBack. See it in select theaters December 7. https://t.co/q8\xe2\x80\xa6'
2018-11-17 08:22:36,b'RT @taran_adarsh: Julia Roberts and Lucas Hedges... #BenIsBack to release on 7 Dec 2018... Poster: https://t.co/fuCbRHp3Im'
2018-11-17 08:06:53,b'RT @taran_adarsh: Julia Roberts and Lucas Hedges... #BenIsBack to release on 7 Dec 2018... Poster: https://t.co/fuCbRHp3Im'
2018-11-17 07:34:34,b'#BenIsBack to release on 7 Dec 2018... Poster\n#instagram #bollywood #hollywood #actors #actress #movies #movie\xe2\x80\xa6 https://t.co/wSqB9o8S2G'
2018-11-17 05:41:02,b'RT @BenIsBackMovie: Critics are raving about Lucas Hedges\xe2\x80\x99 performance in #BenIsBack. See it in select theaters December 7. https://t.co/q8\xe2\x80\xa6'
2018-11-17 05:28:56,b'RT @taran_adarsh: Julia Roberts and Lucas Hedges... #BenIsBack to release on 7 Dec 2018... Poster: https://t.co/fuCbRHp3Im'
2018-11-17 05:07:00,b'RT @taran_adarsh: Julia Roberts and Lucas Hedges... #BenIsBack to release on 7 Dec 2018... Poster: https://t.co/fuCbRHp3Im'
2018-11-17 02:48:06,b'RT @taran_adarsh: Julia Roberts and Lucas Hedges... #BenIsBack to release on 7 Dec 2018... Poster: https://t.co/fuCbRHp3Im'
2018-11-17 02:12:43,"b'#BenIsBack, in which she plays a mother to a drug addict son, will hit the screens in India on December 7\xe2\x80\xa6 https://t.co/9S4lrVaBHQ'"
2018-11-17 01:54:55,b'RT @taran_adarsh: Julia Roberts and Lucas Hedges... #BenIsBack to release on 7 Dec 2018... Poster: https://t.co/fuCbRHp3Im'
2018-11-16 20:46:08,b'RT @BenIsBackMovie: Critics are raving about Lucas Hedges\xe2\x80\x99 performance in #BenIsBack. See it in select theaters December 7. https://t.co/q8\xe2\x80\xa6'
2018-11-16 20:00:32,b'RT @taran_adarsh: Julia Roberts and Lucas Hedges... #BenIsBack to release on 7 Dec 2018... Poster: https://t.co/fuCbRHp3Im'
2018-11-16 19:07:02,b'RT @taran_adarsh: Julia Roberts and Lucas Hedges... #BenIsBack to release on 7 Dec 2018... Poster: https://t.co/fuCbRHp3Im'
2018-11-16 18:40:46,b'Julia Roberts &amp; Lucas Hedges starrer #BenIsBack to release in India by PVR Pictures on 7 Dec 2018. https://t.co/BwaZwJDV5I'
2018-11-16 18:15:36,b'RT @BenIsBackMovie: Critics are raving about Lucas Hedges\xe2\x80\x99 performance in #BenIsBack. See it in select theaters December 7. https://t.co/q8\xe2\x80\xa6'
2018-11-16 18:14:34,b'Critics are raving about Lucas Hedges\xe2\x80\x99 performance in #BenIsBack. See it in select theaters December 7. https://t.co/q8zJFNb3P3'
2018-11-16 16:35:55,b'RT @NNGhollywood: The charming yet troubled Ben returns home to his unsuspecting family one fateful Christmas Eve.\n\n#BenIsBack #BenIsBackMo\xe2\x80\xa6'
2018-11-16 15:35:34,b'#BenIsBack Movie Review-Story and Other Updates. \xf0\x9f\x98\x8d @BenIsBackMovie https://t.co/hqsznuD7Jt'
2018-11-16 15:25:16,b'RT @taran_adarsh: Julia Roberts and Lucas Hedges... #BenIsBack to release on 7 Dec 2018... Poster: https://t.co/fuCbRHp3Im'
2018-11-16 15:23:52,b'RT @taran_adarsh: Julia Roberts and Lucas Hedges... #BenIsBack to release on 7 Dec 2018... Poster: https://t.co/fuCbRHp3Im'
2018-11-16 15:17:50,"b'RT @MNXMovies: Ben is Back follows the charming yet troubled Ben Burns (Hedges), who returns home to his unsuspecting family one fateful Ch\xe2\x80\xa6'"
2018-11-16 14:50:51,b'RT @taran_adarsh: Julia Roberts and Lucas Hedges... #BenIsBack to release on 7 Dec 2018... Poster: https://t.co/fuCbRHp3Im'
2018-11-16 14:43:39,b'RT @taran_adarsh: Julia Roberts and Lucas Hedges... #BenIsBack to release on 7 Dec 2018... Poster: https://t.co/fuCbRHp3Im'
2018-11-16 14:34:06,b'RT @taran_adarsh: Julia Roberts and Lucas Hedges... #BenIsBack to release on 7 Dec 2018... Poster: https://t.co/fuCbRHp3Im'
2018-11-16 14:23:20,b'RT @BenIsBackMovie: The love and limits of family are put to the test in #BenIsBack. https://t.co/DIj250oFTq'
2018-11-16 14:08:14,b'RT @taran_adarsh: Julia Roberts and Lucas Hedges... #BenIsBack to release on 7 Dec 2018... Poster: https://t.co/fuCbRHp3Im'
2018-11-16 14:05:22,b'RT @taran_adarsh: Julia Roberts and Lucas Hedges... #BenIsBack to release on 7 Dec 2018... Poster: https://t.co/fuCbRHp3Im'
2018-11-16 13:22:28,"b'#JuliaRoberts-starrer ""#BenIsBack"", in which she plays a mother to a #drugaddict son, will hit the screens in India\xe2\x80\xa6 https://t.co/6BwTI9WSQC'"
2018-11-16 13:22:09,"b'#JuliaRoberts-starrer ""#BenIsBack"", in which she plays a mother to a #drugaddict son, will hit the screens in India\xe2\x80\xa6 https://t.co/qjv0o1xCcT'"
2018-11-16 13:03:16,b'RT @BenIsBackMovie: The love and limits of family are put to the test in #BenIsBack. https://t.co/DIj250oFTq'
2018-11-16 12:59:09,b'RT @taran_adarsh: Julia Roberts and Lucas Hedges... #BenIsBack to release on 7 Dec 2018... Poster: https://t.co/fuCbRHp3Im'
2018-11-16 12:50:40,b'RT @BenIsBackMovie: The love and limits of family are put to the test in #BenIsBack. https://t.co/DIj250oFTq'
2018-11-16 12:29:33,b'RT @BenIsBackMovie: The love and limits of family are put to the test in #BenIsBack. https://t.co/DIj250oFTq'
2018-11-16 12:29:14,b'RT @taran_adarsh: Julia Roberts and Lucas Hedges... #BenIsBack to release on 7 Dec 2018... Poster: https://t.co/fuCbRHp3Im'
2018-11-16 12:27:41,b'RT @taran_adarsh: Julia Roberts and Lucas Hedges... #BenIsBack to release on 7 Dec 2018... Poster: https://t.co/fuCbRHp3Im'
2018-11-16 12:05:20,b'RT @taran_adarsh: Julia Roberts and Lucas Hedges... #BenIsBack to release on 7 Dec 2018... Poster: https://t.co/fuCbRHp3Im'
2018-11-16 12:03:44,"b'RT @MNXMovies: Ben is Back follows the charming yet troubled Ben Burns (Hedges), who returns home to his unsuspecting family one fateful Ch\xe2\x80\xa6'"
2018-11-16 11:50:52,b'RT @taran_adarsh: Julia Roberts and Lucas Hedges... #BenIsBack to release on 7 Dec 2018... Poster: https://t.co/fuCbRHp3Im'
2018-11-16 11:32:51,b'RT @taran_adarsh: Julia Roberts and Lucas Hedges... #BenIsBack to release on 7 Dec 2018... Poster: https://t.co/fuCbRHp3Im'
2018-11-16 11:29:01,"b'Ben is Back follows the charming yet troubled Ben Burns (Hedges), who returns home to his unsuspecting family one f\xe2\x80\xa6 https://t.co/k3QZ5e6OnM'"
2018-11-16 11:17:21,b'https://t.co/qBblDiNdBW #JuliaRoberts #BenIsBack to release in India on Dec 7 https://t.co/qBblDiNdBW'
2018-11-16 11:16:19,b'https://t.co/qBblDivCdm #JuliaRoberts #BenIsBack to release in India on Dec 7'
2018-11-16 11:15:39,b'RT @taran_adarsh: Julia Roberts and Lucas Hedges... #BenIsBack to release on 7 Dec 2018... Poster: https://t.co/fuCbRHp3Im'
2018-11-16 11:13:45,b'RT @taran_adarsh: Julia Roberts and Lucas Hedges... #BenIsBack to release on 7 Dec 2018... Poster: https://t.co/fuCbRHp3Im'
2018-11-16 11:12:57,b'RT @taran_adarsh: Julia Roberts and Lucas Hedges... #BenIsBack to release on 7 Dec 2018... Poster: https://t.co/fuCbRHp3Im'
2018-11-16 10:58:27,"b'#JuliaRoberts-starrer #BenIsBack, in which she plays a mother to a drug addict son, will hit the screens in India o\xe2\x80\xa6 https://t.co/GrVUESXWj7'"
2018-11-16 10:36:59,b'RT @taran_adarsh: Julia Roberts and Lucas Hedges... #BenIsBack to release on 7 Dec 2018... Poster: https://t.co/fuCbRHp3Im'
2018-11-16 10:22:41,"b""#BenIsBack' will release in #India on #December 7\nhttps://t.co/0ypdMyPn8O\n#Entertainment #Hollywood @julia_roberts https://t.co/svobiUUtVU"""
2018-11-16 10:15:21,b'RT @taran_adarsh: Julia Roberts and Lucas Hedges... #BenIsBack to release on 7 Dec 2018... Poster: https://t.co/fuCbRHp3Im'
2018-11-16 09:50:57,b'RT @taran_adarsh: Julia Roberts and Lucas Hedges... #BenIsBack to release on 7 Dec 2018... Poster: https://t.co/fuCbRHp3Im'
2018-11-16 09:41:43,b'RT @taran_adarsh: Julia Roberts and Lucas Hedges... #BenIsBack to release on 7 Dec 2018... Poster: https://t.co/fuCbRHp3Im'
2018-11-16 09:24:48,b'RT @taran_adarsh: Julia Roberts and Lucas Hedges... #BenIsBack to release on 7 Dec 2018... Poster: https://t.co/fuCbRHp3Im'
2018-11-16 09:06:22,b'RT @taran_adarsh: Julia Roberts and Lucas Hedges... #BenIsBack to release on 7 Dec 2018... Poster: https://t.co/fuCbRHp3Im'
2018-11-16 09:02:28,b'RT @taran_adarsh: Julia Roberts and Lucas Hedges... #BenIsBack to release on 7 Dec 2018... Poster: https://t.co/fuCbRHp3Im'
2018-11-16 09:01:52,b'RT @taran_adarsh: Julia Roberts and Lucas Hedges... #BenIsBack to release on 7 Dec 2018... Poster: https://t.co/fuCbRHp3Im'
2018-11-16 09:00:01,b'#JuliaRoberts And #LucasHedges Starring #BenIsBack To Hit The Cinema Halls on #7Dec2018. https://t.co/IeeCYwxPHO'
2018-11-16 08:57:15,b'PVR Pictures to release #BenIsBack on 7 December \xc2\xa02018... Stars Julia Roberts and Lucas Hedges... Poster: https://t.co/nXSbTmOw68'
2018-11-16 08:55:02,b'RT @taran_adarsh: Julia Roberts and Lucas Hedges... #BenIsBack to release on 7 Dec 2018... Poster: https://t.co/fuCbRHp3Im'
2018-11-16 08:50:10,b'RT @taran_adarsh: Julia Roberts and Lucas Hedges... #BenIsBack to release on 7 Dec 2018... Poster: https://t.co/fuCbRHp3Im'
2018-11-16 08:45:45,b'RT @taran_adarsh: Julia Roberts and Lucas Hedges... #BenIsBack to release on 7 Dec 2018... Poster: https://t.co/fuCbRHp3Im'
2018-11-16 08:45:02,b'RT @taran_adarsh: Julia Roberts and Lucas Hedges... #BenIsBack to release on 7 Dec 2018... Poster: https://t.co/fuCbRHp3Im'
2018-11-16 08:40:44,b'RT @taran_adarsh: Julia Roberts and Lucas Hedges... #BenIsBack to release on 7 Dec 2018... Poster: https://t.co/fuCbRHp3Im'
2018-11-16 08:40:27,b'RT @taran_adarsh: Julia Roberts and Lucas Hedges... #BenIsBack to release on 7 Dec 2018... Poster: https://t.co/fuCbRHp3Im'
2018-11-16 08:40:18,b'RT @taran_adarsh: Julia Roberts and Lucas Hedges... #BenIsBack to release on 7 Dec 2018... Poster: https://t.co/fuCbRHp3Im'
2018-11-16 08:39:39,b'RT @taran_adarsh: Julia Roberts and Lucas Hedges... #BenIsBack to release on 7 Dec 2018... Poster: https://t.co/fuCbRHp3Im'
2018-11-16 08:37:55,b'Julia Roberts and Lucas Hedges... #BenIsBack to release on 7 Dec 2018... Poster: https://t.co/zy3WmeDYbJ'
2018-11-16 08:37:20,b'RT @taran_adarsh: Julia Roberts and Lucas Hedges... #BenIsBack to release on 7 Dec 2018... Poster: https://t.co/fuCbRHp3Im'
2018-11-16 08:36:16,b'Julia Roberts and Lucas Hedges... #BenIsBack to release on 7 Dec 2018... Poster: https://t.co/Q390mbZOX9'
2018-11-16 08:36:06,b'RT @taran_adarsh: Julia Roberts and Lucas Hedges... #BenIsBack to release on 7 Dec 2018... Poster: https://t.co/fuCbRHp3Im'
2018-11-16 08:34:06,b'RT @taran_adarsh: Julia Roberts and Lucas Hedges... #BenIsBack to release on 7 Dec 2018... Poster: https://t.co/fuCbRHp3Im'
2018-11-16 08:33:46,b'RT @taran_adarsh: Julia Roberts and Lucas Hedges... #BenIsBack to release on 7 Dec 2018... Poster: https://t.co/fuCbRHp3Im'
2018-11-16 08:33:40,b'RT @taran_adarsh: Julia Roberts and Lucas Hedges... #BenIsBack to release on 7 Dec 2018... Poster: https://t.co/fuCbRHp3Im'
2018-11-16 08:33:19,b'Julia Roberts and Lucas Hedges... #BenIsBack to release on 7 Dec 2018... Poster: https://t.co/BWO4HvdimL'
2018-11-16 08:33:15,b'RT @taran_adarsh: Julia Roberts and Lucas Hedges... #BenIsBack to release on 7 Dec 2018... Poster: https://t.co/fuCbRHp3Im'
2018-11-16 08:33:10,b'RT @taran_adarsh: Julia Roberts and Lucas Hedges... #BenIsBack to release on 7 Dec 2018... Poster: https://t.co/fuCbRHp3Im'
2018-11-16 08:32:55,b'RT @taran_adarsh: Julia Roberts and Lucas Hedges... #BenIsBack to release on 7 Dec 2018... Poster: https://t.co/fuCbRHp3Im'
2018-11-16 08:32:47,b'RT @taran_adarsh: Julia Roberts and Lucas Hedges... #BenIsBack to release on 7 Dec 2018... Poster: https://t.co/fuCbRHp3Im'
2018-11-16 08:32:31,b'Julia Roberts and Lucas Hedges... #BenIsBack to release on 7 Dec 2018... Poster: https://t.co/fuCbRHp3Im'
2018-11-16 08:25:00,"b'Julia Roberts Plays Mom To Drug Addict Son In Ben Is Back To Hit The Screens In India On December 7th, 2018\xe2\x80\xa6 https://t.co/Gy0Y3SuqZf'"
2018-11-16 07:00:11,"b'Watch #JuliaRoberts explain the origin of the #FauxBoom"" in this clip from #BusyTonight. #JuliaRoberts #BenisBack\xe2\x80\xa6 https://t.co/rHopLihq1G'"
2018-11-16 02:03:11,b'RT @BenIsBackMovie: The love and limits of family are put to the test in #BenIsBack. https://t.co/DIj250oFTq'
2018-11-16 01:25:53,b'RT @BenIsBackMovie: The love and limits of family are put to the test in #BenIsBack. https://t.co/DIj250oFTq'
2018-11-15 21:23:53,b'RT @BenIsBackMovie: The love and limits of family are put to the test in #BenIsBack. https://t.co/DIj250oFTq'
2018-11-15 21:11:54,b'RT @BenIsBackMovie: The love and limits of family are put to the test in #BenIsBack. https://t.co/DIj250oFTq'
2018-11-15 21:09:42,b'RT @BenIsBackMovie: The love and limits of family are put to the test in #BenIsBack. https://t.co/DIj250oFTq'
2018-11-15 20:11:37,b'RT @BenIsBackMovie: The love and limits of family are put to the test in #BenIsBack. https://t.co/DIj250oFTq'
2018-11-15 19:40:15,b'RT @BenIsBackMovie: The love and limits of family are put to the test in #BenIsBack. https://t.co/DIj250oFTq'
2018-11-15 19:36:17,b'RT @BenIsBackMovie: The love and limits of family are put to the test in #BenIsBack. https://t.co/DIj250oFTq'
2018-11-15 19:35:28,b'RT @BenIsBackMovie: The love and limits of family are put to the test in #BenIsBack. https://t.co/DIj250oFTq'
2018-11-15 18:49:44,b'Next up #BenIsBack https://t.co/4QhWdbdRxC'
2018-11-15 18:47:16,b'Next up and my 10th screening this week #BenIsBack https://t.co/OeGXD3eKsK'
2018-11-15 18:36:28,b'RT @BenIsBackMovie: The love and limits of family are put to the test in #BenIsBack. https://t.co/DIj250oFTq'
2018-11-15 18:20:19,b'RT @BenIsBackMovie: The love and limits of family are put to the test in #BenIsBack. https://t.co/DIj250oFTq'
2018-11-15 18:19:45,b'RT @BenIsBackMovie: The love and limits of family are put to the test in #BenIsBack. https://t.co/DIj250oFTq'
2018-11-15 18:00:49,b'RT @BenIsBackMovie: The love and limits of family are put to the test in #BenIsBack. https://t.co/DIj250oFTq'
2018-11-15 18:00:00,b'The love and limits of family are put to the test in #BenIsBack. https://t.co/DIj250oFTq'
2018-11-15 11:41:15,"b'#BenIsBack director, writer and producer Peter Hedges opens up about his favorite moment throughout the production\xe2\x80\xa6 https://t.co/qj1sQqmptD'"
2018-11-15 10:48:15,b'The Rules are simple this Winter. \nWatch #BenIsBack in theatres this December. #PVRPicturesRelease https://t.co/YEKBmifkwS'
2018-11-15 09:10:15,"b'""Julia Roberts is simply Brilliant"" in #BenisBack. - https://t.co/qZYw57BOEq\n#JuliaRoberts #LucasHedges #BenisBack\xe2\x80\xa6 https://t.co/QfGcdpKR9R'"
2018-11-15 03:13:41,"b'RT @BenIsBackMovie: . @THR\xe2\x80\x99s rundown of Hollywood\xe2\x80\x99s top 20 rising stars, including #BenIsBack\xe2\x80\x99s own @kathrynnewton. https://t.co/mLfXMkeRXV'"
2018-11-15 01:49:42,b'RT @BenIsBackMovie: The praise for #BenIsBack keeps coming with the premiere at the @AustinFilmFest. https://t.co/WYQ9ggMPvT'
2018-11-15 00:42:59,"b'RT @BenIsBackMovie: . @THR\xe2\x80\x99s rundown of Hollywood\xe2\x80\x99s top 20 rising stars, including #BenIsBack\xe2\x80\x99s own @kathrynnewton. https://t.co/mLfXMkeRXV'"
2018-11-14 19:45:15,"b'RT @BenIsBackMovie: . @THR\xe2\x80\x99s rundown of Hollywood\xe2\x80\x99s top 20 rising stars, including #BenIsBack\xe2\x80\x99s own @kathrynnewton. https://t.co/mLfXMkeRXV'"
2018-11-14 18:00:49,"b'. @THR\xe2\x80\x99s rundown of Hollywood\xe2\x80\x99s top 20 rising stars, including #BenIsBack\xe2\x80\x99s own @kathrynnewton. https://t.co/mLfXMkeRXV'"
2018-11-14 01:48:03,b'RT @BenIsBackMovie: The praise for #BenIsBack keeps coming with the premiere at the @AustinFilmFest. https://t.co/WYQ9ggMPvT'
2018-11-13 22:57:24,b'RT @BenIsBackMovie: The praise for #BenIsBack keeps coming with the premiere at the @AustinFilmFest. https://t.co/WYQ9ggMPvT'
2018-11-13 22:03:05,b'#BenIsBack Director Peter Hedges and MVFF Executive Director Mark Fishkin strike a pose behind the scenes at\xe2\x80\xa6 https://t.co/lYQ5M3Ue4e'
2018-11-13 20:46:21,b'Ben is Back in theaters Dec 7th! #ben #benisback #dec7 #decembermovies #movies #welovemovies #drama #julia\xe2\x80\xa6 https://t.co/i17C0qEpeF'
2018-11-13 18:11:32,b'The praise for #BenIsBack keeps coming with the premiere at the @AustinFilmFest. https://t.co/WYQ9ggMPvT'
2018-11-13 13:03:00,"b'RT @BenIsBackMovie: ""Julia Roberts is simply brilliant"" in #BenIsBack. - @AwardsDaily https://t.co/Sq7N0OEYRv'"
2018-11-13 08:52:42,"b'RT @BenIsBackMovie: ""Julia Roberts is simply brilliant"" in #BenIsBack. - @AwardsDaily https://t.co/Sq7N0OEYRv'"
2018-11-13 08:24:15,"b'RT @BenIsBackMovie: ""Julia Roberts is simply brilliant"" in #BenIsBack. - @AwardsDaily https://t.co/Sq7N0OEYRv'"
2018-11-13 07:59:12,"b'RT @BenIsBackMovie: ""Julia Roberts is simply brilliant"" in #BenIsBack. - @AwardsDaily https://t.co/Sq7N0OEYRv'"
2018-11-13 07:52:42,"b'RT @BenIsBackMovie: ""Julia Roberts is simply brilliant"" in #BenIsBack. - @AwardsDaily https://t.co/Sq7N0OEYRv'"
2018-11-13 07:13:59,"b'RT @BenIsBackMovie: ""Julia Roberts is simply brilliant"" in #BenIsBack. - @AwardsDaily https://t.co/Sq7N0OEYRv'"
2018-11-13 03:58:12,"b'RT @BenIsBackMovie: ""Julia Roberts is simply brilliant"" in #BenIsBack. - @AwardsDaily https://t.co/Sq7N0OEYRv'"
2018-11-13 03:52:24,"b'RT @BenIsBackMovie: ""Julia Roberts is simply brilliant"" in #BenIsBack. - @AwardsDaily https://t.co/Sq7N0OEYRv'"
2018-11-13 03:09:01,"b'RT @BenIsBackMovie: ""Julia Roberts is simply brilliant"" in #BenIsBack. - @AwardsDaily https://t.co/Sq7N0OEYRv'"
2018-11-12 21:00:04,b'\xe2\x80\x9c#BenIsBack is a beautiful story about family\xe2\x80\x9d - Julia Roberts on The @Goop Podcast https://t.co/UHqu0M2b0t'
2018-11-12 20:14:05,b'RT @THR: From #AStarIsBorn to #BenIsBack: When the Oscars join my recovery group https://t.co/dVFGwxaI3h https://t.co/IdJrGI6ut5'
2018-11-12 20:12:36,b'Trailers for #CanYouEverForgiveMe (very good film) included #BenIsBack \xe2\x80\x94which looks to be powerful story of young a\xe2\x80\xa6 https://t.co/leuoVlrDI2'
2018-11-12 18:58:54,"b'RT @BenIsBackMovie: ""Julia Roberts is simply brilliant"" in #BenIsBack. - @AwardsDaily https://t.co/Sq7N0OEYRv'"
2018-11-12 18:09:57,"b'RT @BenIsBackMovie: ""Julia Roberts is simply brilliant"" in #BenIsBack. - @AwardsDaily https://t.co/Sq7N0OEYRv'"
2018-11-12 18:00:00,"b'""Julia Roberts is simply brilliant"" in #BenIsBack. - @AwardsDaily https://t.co/Sq7N0OEYRv'"
2018-11-12 16:16:55,"b'""You don\'t mom, you don\'t know me"" \xf0\x9f\x93\xbd Prepare yourself for a heartaching and moving story between a mother and her s\xe2\x80\xa6 https://t.co/HSH6E5Slos'"
