2018-11-24 05:32:22,b'@Scartman17 He sure sounds GOP.  #EverybodyKnows'
2018-11-24 03:49:53,"b'RT @youroldestfan: y not?!  B/c we r goin 2 find out they spied on Trump, etc., as well as, push a fake dossier 2 hurt Trump w Americans &amp;\xe2\x80\xa6'"
2018-11-24 02:17:33,"b'y not?!  B/c we r goin 2 find out they spied on Trump, etc., as well as, push a fake dossier 2 hurt Trump w America\xe2\x80\xa6 https://t.co/h9Ys1MJo59'"
2018-11-23 21:45:54,"b""everybody https://t.co/jubOWIafjb knows.\n\n...and we're fucking sick... sick.... it's coming.\n\n#everybodyknows"""
2018-11-23 21:21:30,"b""meanwhile....dumb #Resisters keep on turning a blind eye....#Resistance #BlueWave haven't a clue, don't care or can\xe2\x80\xa6 https://t.co/RFQZStLgNu"""
2018-11-23 12:52:29,b'There is no reason for #GeorgeCarlin to ask his question; because #EverybodyKnows that #FakePresident #DonaldTrump\xe2\x80\xa6 https://t.co/NaO8PfHcEK'
2018-11-23 10:05:50,"b'I love ""Everybody Knows"" by @thisissigrid but no one really knows her\xe2\x9d\xa4\xef\xb8\x8f. She\'s really good, you should take a liste\xe2\x80\xa6 https://t.co/myT90wxCOh'"
2018-11-23 01:43:24,b'@AdrCMitchell @CoronerCBC @noelcarbs @teamtelevixen @SerindaSwan @therogercross @Podemskichick @EhrenKassam\xe2\x80\xa6 https://t.co/akA0PINDDp'
2018-11-22 18:25:53,"b""@GirlGibraltar your bio is so spot on! It's  some cultures that are the problem,  not ones pigmentation!\xe2\x80\xa6 https://t.co/TnvBk7tTsg"""
2018-11-22 15:55:27,"b'Hm-mm, think he thought his legacy would be a beacon of change...instead half of America &amp; prob the world now knows\xe2\x80\xa6 https://t.co/1OvFZovwsu'"
2018-11-22 15:37:47,b'@RWPUSA @Kat_Missouri More GOP obstruction of justice. #EverybodyKnows'
2018-11-22 07:08:28,b'Went to Egypt again. \nEverybody knows\nThe favourite \n#everybodyknows #thefavourite #penelopecruz #javierbardem\xe2\x80\xa6 https://t.co/f4uJrtrTpi'
2018-11-22 06:49:27,"b'RT @OnlyFilmMedia: New movie posters:\n#TheSecretLifeOfPets2,\n#TheIntruder (Dennis Quaid),\n#EverybodyKnows (Penelope Cruz),\n#TheBostonians (\xe2\x80\xa6'"
2018-11-22 06:02:22,b'@ChuckGrassley You must be getting senile. #EverybodyKnows'
2018-11-22 01:53:48,"b'RT @screenrant: Pen\xc3\xa9lope Cruz &amp; Javier Bardem star in the trailer for the kidnapping thriller, #EverybodyKnows.\n\nCheck it out HERE \xe2\x9e\xa1\xef\xb8\x8fhttps:\xe2\x80\xa6'"
2018-11-21 23:15:41,b'@NRATV @NRA @OliverLNorth You must be Russian operatives. And #EverybodyKnows'
2018-11-21 23:14:01,b'@MarkDavis The GOP values the Constitution?  You need a reality check. Or medication. #EverybodyKnows but you'
2018-11-21 21:20:44,b'#EVERYBODYKNOWS but @FBI @CIA @DOJ  #DeepStateCorruption \nHow do these people sleep at night?! Sick. shameless &amp; sa\xe2\x80\xa6 https://t.co/rjmuBI637I'
2018-11-21 19:32:47,b'So true. #EVERYBODYKNOWS \n@ABC @CBS @NBCNEws @MSNBC @CNN https://t.co/QryOuT8b9D'
2018-11-21 18:57:56,"b'RT @everybodyknows: \xe2\x80\x9cCompulsively absorbing. A jigsaw puzzle of a film.\xe2\x80\x9d - Variety\n\nWatch the new trailer for #EverybodyKnows, starring @Ba\xe2\x80\xa6'"
2018-11-21 18:48:38,b'RT @mahta_52: Waiting... #everybodyknows\n#asgharfarhadi \xf0\x9f\x91\x8c \xf0\x9f\x92\xaa \xf0\x9f\x91\x8d\n#RicardoDarin\n#PenelopeCruz #javierbardem https://t.co/ylOCSLyvCS'
2018-11-21 18:48:29,"b'RT @everybodyknows: \xe2\x80\x9cCompulsively absorbing. A jigsaw puzzle of a film.\xe2\x80\x9d - Variety\n\nWatch the new trailer for #EverybodyKnows, starring @Ba\xe2\x80\xa6'"
2018-11-21 18:48:26,b'Waiting... #everybodyknows\n#asgharfarhadi \xf0\x9f\x91\x8c \xf0\x9f\x92\xaa \xf0\x9f\x91\x8d\n#RicardoDarin\n#PenelopeCruz #javierbardem https://t.co/ylOCSLyvCS'
2018-11-21 18:44:08,"b'RT @everybodyknows: Academy Award winners Javier Bardem and Pen\xc3\xa9lope Cruz star in #EverybodyKnows, a film by Asghar Farhadi.\n\nWatch the tra\xe2\x80\xa6'"
2018-11-21 14:07:57,b'He got the memo....#WikiLeaks revealed all...#EVERYBODYKNOWS https://t.co/FQSlRKFE4s'
2018-11-21 10:59:55,"b'RT @OnlyFilmMedia: New movie posters:\n#TheSecretLifeOfPets2,\n#TheIntruder (Dennis Quaid),\n#EverybodyKnows (Penelope Cruz),\n#TheBostonians (\xe2\x80\xa6'"
2018-11-21 10:50:56,"b'New movie posters:\n#TheSecretLifeOfPets2,\n#TheIntruder (Dennis Quaid),\n#EverybodyKnows (Penelope Cruz),\xe2\x80\xa6 https://t.co/iRlOukxOg5'"
2018-11-21 09:51:26,b'RT @youroldestfan: @prayingmedic Rod has enough to answer for....#EVERYBODYKNOWS #weasel https://t.co/5blDx5O3lt'
2018-11-21 05:31:51,b'@ArmyTimes It was a gop campaign expenditure. #EverybodyKnows'
2018-11-21 02:15:07,b'Everybody knows that the Dice are loaded every body rolls with their fingers crossed .. #everybodyknows'
2018-11-21 00:04:47,b'@mkraju He\xe2\x80\x99s clueless. #EverybodyKnows'
2018-11-20 19:17:49,"b'#TuesdayTrailer: #JavierBardem and #PenelopeCruz are back together, this time in the thriller #EverybodyKnows. And\xe2\x80\xa6 https://t.co/rm8PJk1WHq'"
2018-11-20 17:42:23,b'Big thanks to @music_existence for  reviewing our #NewSingle #EverybodyKnows #blog #WLA https://t.co/typ1Z1ZINJ'
2018-11-20 16:27:51,b'@GOP @realDonaldTrump It\xe2\x80\x99s funny how you think tweeting will help.  #EverybodyKnows'
2018-11-20 15:36:50,b'These so-called objective judges are part of #TheResistance #EVERYBODYKNOWS \nY should they decide politically for h\xe2\x80\xa6 https://t.co/TgvQSpJ7pj'
2018-11-20 14:42:04,b'Penelope Cruz and Javier Bardem team up for their 9th movie together #EverybodyKnows https://t.co/0AreYzGI24'
2018-11-20 09:42:19,"b'RT @everybodyknows: \xe2\x80\x9cCompulsively absorbing. A jigsaw puzzle of a film.\xe2\x80\x9d - Variety\n\nWatch the new trailer for #EverybodyKnows, starring @Ba\xe2\x80\xa6'"
2018-11-20 04:16:44,b'RT @IMDb: Javier Bardem and Pen\xc3\xa9lope Cruz face their darkest secrets in the new trailer for #EverybodyKnows. https://t.co/DO7R820jqv https:\xe2\x80\xa6'
2018-11-19 23:49:14,"b'RT @everybodyknows: \xe2\x80\x9cCompulsively absorbing. A jigsaw puzzle of a film.\xe2\x80\x9d - Variety\n\nWatch the new trailer for #EverybodyKnows, starring @Ba\xe2\x80\xa6'"
2018-11-19 22:22:11,"b'RT @everybodyknows: Academy Award winners Javier Bardem and Pen\xc3\xa9lope Cruz star in #EverybodyKnows, a film by Asghar Farhadi.\n\nWatch the tra\xe2\x80\xa6'"
2018-11-19 16:41:58,b'RT @youroldestfan: @Liz_Wheeler @Ed08792346 @KirstenPowers WTH did race hav 2 do w not votin 4 #HER (Clintons had black servants in AR prai\xe2\x80\xa6'
2018-11-19 16:31:29,b'@Liz_Wheeler @Ed08792346 @KirstenPowers WTH did race hav 2 do w not votin 4 #HER (Clintons had black servants in AR\xe2\x80\xa6 https://t.co/l3bcq8hIFl'
2018-11-19 16:00:40,b'#ToyStory4 #DetectivePikachu #TheBeachBum #GloriaBell #Alita #OnTheBasisOfSex #WonderPark #FightingWithMyFamily\xe2\x80\xa6 https://t.co/AqIOn2YzlF'
2018-11-19 10:30:41,b'They will have to face their darkest secrets\xe2\x80\xa6 Academy Award winners #JavierBardem and #PenelopeCruz will be starrin\xe2\x80\xa6 https://t.co/vRe6CQMbQJ'
2018-11-19 09:25:13,"b""'Everybody Knows' Trailer: Penelope Cruz and Javier Bardem Lead This Psychological Thriller!! Check It Out!!\xe2\x80\xa6 https://t.co/i83pTxOFeA"""
2018-11-19 09:25:12,"b""'Everybody Knows' Trailer: Penelope Cruz and Javier Bardem Lead This Psychological Thriller!! Check It Out!!\xe2\x80\xa6 https://t.co/hf87Nhg4aR"""
2018-11-19 02:54:57,"b'A little nostalgia going on tonight with a @ChristianSlater movie marathon: first ""Heathers"", now ""Pump Up the Volu\xe2\x80\xa6 https://t.co/CLfWuKcPbT'"
2018-11-18 20:18:24,b'Note amarissime. #LeonardCohen #EverybodyKnows #idiecicomandamenti https://t.co/adPgXZC5uN #NowPlaying'
2018-11-18 18:32:40,b'RT @IMDb: Javier Bardem and Pen\xc3\xa9lope Cruz face their darkest secrets in the new trailer for #EverybodyKnows. https://t.co/DO7R820jqv https:\xe2\x80\xa6'
2018-11-18 18:01:31,"b'RT @OnlyFilmMedia: Check out the official trailer for #EverybodyKnows, starring #Pen\xc3\xa9lopeCruz and @BardemAntarctic.\nhttps://t.co/GCCD4ZlTzD'"
2018-11-18 15:00:00,b'ARGENTINA/SPAIN:  \xe2\x80\x98Everybody Knows\xe2\x80\x99 Trailer: Pen\xc3\xa9lope Cruz and Javier Bardem Team Up to Fall Apart #EverybodyKnows\xe2\x80\xa6 https://t.co/7MwwsLdFaA'
2018-11-18 12:54:00,"b'RT @everybodyknows: \xe2\x80\x9cCompulsively absorbing. A jigsaw puzzle of a film.\xe2\x80\x9d - Variety\n\nWatch the new trailer for #EverybodyKnows, starring @Ba\xe2\x80\xa6'"
2018-11-18 00:36:44,b'I\xe2\x80\x99m just gonna put this here \xf0\x9f\x91\x80\xf0\x9f\x91\x80 #smh #EVERYBODYKNOWS https://t.co/Ywa63COxWQ'
2018-11-18 00:24:21,b'RT @IMDb: Javier Bardem and Pen\xc3\xa9lope Cruz face their darkest secrets in the new trailer for #EverybodyKnows. https://t.co/DO7R820jqv https:\xe2\x80\xa6'
2018-11-17 23:54:18,"b'RT @mxdwnmovies: (WATCH) Trailer for #EverybodyKnows, starring Penelope Cruz and Javier Bardem https://t.co/hqRbJu86Li https://t.co/yiDObTD\xe2\x80\xa6'"
2018-11-17 20:47:58,"b'@SoniaevansSonia Hi sonia , any new music? I still cant get enough of #everybodyknows'"
2018-11-17 17:45:18,"b'RT @OnlyFilmMedia: Check out the official trailer for #EverybodyKnows, starring #Pen\xc3\xa9lopeCruz and @BardemAntarctic.\nhttps://t.co/GCCD4ZlTzD'"
2018-11-17 17:02:44,b'RT @EdtheSock: #TheCIAconcludes that #EverybodyKnows\n\nhttps://t.co/aR4Q6VgBOD\n#LeonardCohenRIP'
2018-11-17 16:33:28,"b'New trailers have been released for THE INFORMANT, EVERYBODY KNOWS, NEVER LOOK AWAY and more.\xe2\x80\xa6 https://t.co/DduC0QoC5a'"
2018-11-17 15:34:58,"b'RT @everybodyknows: \xe2\x80\x9cCompulsively absorbing. A jigsaw puzzle of a film.\xe2\x80\x9d - Variety\n\nWatch the new trailer for #EverybodyKnows, starring @Ba\xe2\x80\xa6'"
2018-11-17 15:34:31,"b'RT @everybodyknows: Academy Award winners Javier Bardem and Pen\xc3\xa9lope Cruz star in #EverybodyKnows, a film by Asghar Farhadi.\n\nWatch the tra\xe2\x80\xa6'"
2018-11-17 09:52:30,b'#TheCIAconcludes that #EverybodyKnows\n\nhttps://t.co/aR4Q6VgBOD\n#LeonardCohenRIP'
2018-11-17 07:46:20,b'RT @IMDb: Javier Bardem and Pen\xc3\xa9lope Cruz face their darkest secrets in the new trailer for #EverybodyKnows. https://t.co/DO7R820jqv https:\xe2\x80\xa6'
2018-11-17 06:12:35,"b'RT @everybodyknows: \xe2\x80\x9cCompulsively absorbing. A jigsaw puzzle of a film.\xe2\x80\x9d - Variety\n\nWatch the new trailer for #EverybodyKnows, starring @Ba\xe2\x80\xa6'"
2018-11-17 06:12:34,"b""RT @TheFilmStage: See the U.S. trailer for Asghar Farhadi's #EverybodyKnows starring Pen\xc3\xa9lope Cruz and Javier Bardem: https://t.co/4ITzbkK7\xe2\x80\xa6"""
2018-11-17 02:24:02,b'RT @IMDb: Javier Bardem and Pen\xc3\xa9lope Cruz face their darkest secrets in the new trailer for #EverybodyKnows. https://t.co/DO7R820jqv https:\xe2\x80\xa6'
2018-11-17 02:23:52,b'RT @IMDb: Javier Bardem and Pen\xc3\xa9lope Cruz face their darkest secrets in the new trailer for #EverybodyKnows. https://t.co/DO7R820jqv https:\xe2\x80\xa6'
2018-11-17 01:53:10,"b'RT @everybodyknows: \xe2\x80\x9cCompulsively absorbing. A jigsaw puzzle of a film.\xe2\x80\x9d - Variety\n\nWatch the new trailer for #EverybodyKnows, starring @Ba\xe2\x80\xa6'"
2018-11-17 01:22:46,b'RT @IMDb: Javier Bardem and Pen\xc3\xa9lope Cruz face their darkest secrets in the new trailer for #EverybodyKnows. https://t.co/DO7R820jqv https:\xe2\x80\xa6'
2018-11-17 00:56:22,b'RT @WLA_band: Cool new #musicreview from @IndieSourceMag #NewSingle #press #indiemusic #EverybodyKnows #WLA https://t.co/kc6PhhZDmn'
2018-11-17 00:55:29,b'Cool new #musicreview from @IndieSourceMag #NewSingle #press #indiemusic #EverybodyKnows #WLA https://t.co/kc6PhhZDmn'
2018-11-17 00:09:48,b'RT @Zig_Tan: I triedddd \nI suck at water colors \xf0\x9f\x98\xad\xf0\x9f\x98\xad\xf0\x9f\x98\xad\n.\n.\n.\nMight delete later idk #GOT7 #YoungJaeGot7 #lullaby #everybodyknows #watercolors\xe2\x80\xa6'
2018-11-16 23:50:41,"b""RT @TheFilmStage: See the U.S. trailer for Asghar Farhadi's #EverybodyKnows starring Pen\xc3\xa9lope Cruz and Javier Bardem: https://t.co/4ITzbkK7\xe2\x80\xa6"""
2018-11-16 21:22:37,"b'RT @RegalMovies: The deeper the love, the darker the secrets. Watch the new trailer for #EverybodyKnows and see it at select Regal location\xe2\x80\xa6'"
2018-11-16 20:33:15,b'RT @IMDb: Javier Bardem and Pen\xc3\xa9lope Cruz face their darkest secrets in the new trailer for #EverybodyKnows. https://t.co/DO7R820jqv https:\xe2\x80\xa6'
2018-11-16 19:37:24,b'RT @IMDb: Javier Bardem and Pen\xc3\xa9lope Cruz face their darkest secrets in the new trailer for #EverybodyKnows. https://t.co/DO7R820jqv https:\xe2\x80\xa6'
2018-11-16 19:30:47,"b'From director #AsgharFarhadi comes #EverybodyKnows, a thriller starring #PenelopeCruz and #JavierBardem. Watch the\xe2\x80\xa6 https://t.co/acwrwA1qzC'"
2018-11-16 18:44:35,b'You know it\xe2\x80\x99s a good day when the classics of @johnlegend come on the radio! #everybodyknows #iwishyouthebestIguess'
2018-11-16 18:10:10,b'Everybody Knows trailer ... https://t.co/y2dJPGWAjH ... drama starring Javier Bardem and Pen\xc3\xa9lope Cruz opens Februa\xe2\x80\xa6 https://t.co/HDITMQZThM'
2018-11-16 16:59:30,b'Penelope Cruz &amp; Javier Bardem reunite on screen for the kidnapping thriller @everybodyknows. #Everybodyknows\nhttps://t.co/XvC4AHmrNo'
2018-11-16 16:42:28,b'RT @MktgVisionary: @AnnMar43405922 @aravosis @norepubsever @LindseyGrahamSC @senatemajldr #Everybodyknows  they can see it but they need to\xe2\x80\xa6'
2018-11-16 16:38:36,b'RT @IMDb: Javier Bardem and Pen\xc3\xa9lope Cruz face their darkest secrets in the new trailer for #EverybodyKnows. https://t.co/DO7R820jqv https:\xe2\x80\xa6'
2018-11-16 16:03:24,b'@AnnMar43405922 @aravosis @norepubsever @LindseyGrahamSC @senatemajldr #Everybodyknows  they can see it but they ne\xe2\x80\xa6 https://t.co/mTdsyhatk8'
2018-11-16 15:54:33,b'RT @IMDb: Javier Bardem and Pen\xc3\xa9lope Cruz face their darkest secrets in the new trailer for #EverybodyKnows. https://t.co/DO7R820jqv https:\xe2\x80\xa6'
2018-11-16 15:40:11,"b""RT @TheFilmStage: See the U.S. trailer for Asghar Farhadi's #EverybodyKnows starring Pen\xc3\xa9lope Cruz and Javier Bardem: https://t.co/4ITzbkK7\xe2\x80\xa6"""
2018-11-16 15:26:54,b'RT @IMDb: Javier Bardem and Pen\xc3\xa9lope Cruz face their darkest secrets in the new trailer for #EverybodyKnows. https://t.co/DO7R820jqv https:\xe2\x80\xa6'
2018-11-16 15:26:41,"b""#EverybodyKnows  great music choice, top notch editing to fit the music and doesn't give  you more than the basic p\xe2\x80\xa6 https://t.co/0rwIaKEqYX"""
2018-11-16 15:25:54,"b""RT @TheFilmStage: See the U.S. trailer for Asghar Farhadi's #EverybodyKnows starring Pen\xc3\xa9lope Cruz and Javier Bardem: https://t.co/4ITzbkK7\xe2\x80\xa6"""
2018-11-16 15:24:42,b'RT @IndieWire: #EverybodyKnows Official Trailer: Pen\xc3\xa9lope Cruz and Javier Bardem Team Up to Fall Apart https://t.co/l15iQZVK4f https://t.co\xe2\x80\xa6'
2018-11-16 15:06:48,b'RT @IMDb: Javier Bardem and Pen\xc3\xa9lope Cruz face their darkest secrets in the new trailer for #EverybodyKnows. https://t.co/DO7R820jqv https:\xe2\x80\xa6'
2018-11-16 15:04:19,"b""RT @TheFilmStage: See the U.S. trailer for Asghar Farhadi's #EverybodyKnows starring Pen\xc3\xa9lope Cruz and Javier Bardem: https://t.co/4ITzbkK7\xe2\x80\xa6"""
2018-11-16 15:04:12,"b""RT @TheFilmStage: See the U.S. trailer for Asghar Farhadi's #EverybodyKnows starring Pen\xc3\xa9lope Cruz and Javier Bardem: https://t.co/4ITzbkK7\xe2\x80\xa6"""
2018-11-16 15:04:00,"b""RT @TheFilmStage: See the U.S. trailer for Asghar Farhadi's #EverybodyKnows starring Pen\xc3\xa9lope Cruz and Javier Bardem: https://t.co/4ITzbkK7\xe2\x80\xa6"""
2018-11-16 15:01:00,"b""See the U.S. trailer for Asghar Farhadi's #EverybodyKnows starring Pen\xc3\xa9lope Cruz and Javier Bardem:\xe2\x80\xa6 https://t.co/qokFpUX6gP"""
2018-11-16 14:32:50,b'RT @IMDb: Javier Bardem and Pen\xc3\xa9lope Cruz face their darkest secrets in the new trailer for #EverybodyKnows. https://t.co/DO7R820jqv https:\xe2\x80\xa6'
2018-11-16 13:52:59,b'RT @IMDb: Javier Bardem and Pen\xc3\xa9lope Cruz face their darkest secrets in the new trailer for #EverybodyKnows. https://t.co/DO7R820jqv https:\xe2\x80\xa6'
2018-11-16 12:43:57,"b'RT @OnlyFilmMedia: Check out the official trailer for #EverybodyKnows, starring #Pen\xc3\xa9lopeCruz and @BardemAntarctic.\nhttps://t.co/GCCD4ZlTzD'"
2018-11-16 11:29:44,"b'RT @everybodyknows: \xe2\x80\x9cCompulsively absorbing. A jigsaw puzzle of a film.\xe2\x80\x9d - Variety\n\nWatch the new trailer for #EverybodyKnows, starring @Ba\xe2\x80\xa6'"
2018-11-16 11:18:23,"b'RT @everybodyknows: \xe2\x80\x9cCompulsively absorbing. A jigsaw puzzle of a film.\xe2\x80\x9d - Variety\n\nWatch the new trailer for #EverybodyKnows, starring @Ba\xe2\x80\xa6'"
2018-11-16 11:17:58,b'RT @IMDb: Javier Bardem and Pen\xc3\xa9lope Cruz face their darkest secrets in the new trailer for #EverybodyKnows. https://t.co/DO7R820jqv https:\xe2\x80\xa6'
2018-11-16 11:05:46,b'RT @IMDb: Javier Bardem and Pen\xc3\xa9lope Cruz face their darkest secrets in the new trailer for #EverybodyKnows. https://t.co/DO7R820jqv https:\xe2\x80\xa6'
2018-11-16 10:58:33,b'Whem they end with stay out of jail. And those were the good old days. #everybodyknows Real Time with Bill Maher: L\xe2\x80\xa6 https://t.co/Xt6pGaZDM5'
2018-11-16 10:50:21,"b'RT @everybodyknows: \xe2\x80\x9cCompulsively absorbing. A jigsaw puzzle of a film.\xe2\x80\x9d - Variety\n\nWatch the new trailer for #EverybodyKnows, starring @Ba\xe2\x80\xa6'"
2018-11-16 10:48:30,b'RT @IMDb: Javier Bardem and Pen\xc3\xa9lope Cruz face their darkest secrets in the new trailer for #EverybodyKnows. https://t.co/DO7R820jqv https:\xe2\x80\xa6'
2018-11-16 10:39:29,b'RT @IMDb: Javier Bardem and Pen\xc3\xa9lope Cruz face their darkest secrets in the new trailer for #EverybodyKnows. https://t.co/DO7R820jqv https:\xe2\x80\xa6'
2018-11-16 10:18:38,"b'RT @OnlyFilmMedia: Check out the official trailer for #EverybodyKnows, starring #Pen\xc3\xa9lopeCruz and @BardemAntarctic.\nhttps://t.co/GCCD4ZlTzD'"
2018-11-16 09:24:55,"b""RT @IndieWire: Pen\xc3\xa9lope Cruz and Javier Bardem lead Asghar Farhadi's riveting kidnapping thriller #EverybodyKnows, in theaters February 201\xe2\x80\xa6"""
2018-11-16 08:21:45,b'RT @IMDb: Javier Bardem and Pen\xc3\xa9lope Cruz face their darkest secrets in the new trailer for #EverybodyKnows. https://t.co/DO7R820jqv https:\xe2\x80\xa6'
2018-11-16 08:18:18,"b'#EverybodyKnows Trailer #1 (2019) | Movieclips Trailers"" on YouTube / #PenelopeCruz Everybody Knows: the trailer is\xe2\x80\xa6 https://t.co/MeAMMQNAmH'"
2018-11-16 08:15:26,b'\xe2\x80\x9cCompulsively absorbing. A jigsaw puzzle of a film.\xe2\x80\x9d - @variety \n#JavierBardem and #PenelopeCruz star in\xe2\x80\xa6 https://t.co/Q9aLa3FXFl'
2018-11-16 08:01:52,b'RT @IMDb: Javier Bardem and Pen\xc3\xa9lope Cruz face their darkest secrets in the new trailer for #EverybodyKnows. https://t.co/DO7R820jqv https:\xe2\x80\xa6'
2018-11-16 07:43:08,b'2. Watch the official trailer of #EverybodyKnows with Penelope Cruz and Javier Bardem:\n\nhttps://t.co/5MC1ryEQJE'
2018-11-16 07:35:36,"b'Two time @TheAcademy  winner for\xc2\xa0#TheSalesman\xc2\xa0and #ASeparation, Asghar Farhadi writes &amp; directs an psychological th\xe2\x80\xa6 https://t.co/eP1LGoABzb'"
2018-11-16 07:03:18,b'RT @IndieWire: #EverybodyKnows Official Trailer: Pen\xc3\xa9lope Cruz and Javier Bardem Team Up to Fall Apart https://t.co/l15iQZVK4f https://t.co\xe2\x80\xa6'
2018-11-16 07:00:00,b'#EverybodyKnows Official Trailer: Pen\xc3\xa9lope Cruz and Javier Bardem Team Up to Fall Apart https://t.co/l15iQZVK4f https://t.co/FiLST6VMqC'
2018-11-16 05:43:57,"b'RT @UniversalPicsAU: Watch the new trailer for #EverybodyKnows, starring Javier Bardem and Pen\xc3\xa9lope Cruz: https://t.co/0UTTzC8MmM https://t\xe2\x80\xa6'"
2018-11-16 04:40:47,b'RT @IMDb: Javier Bardem and Pen\xc3\xa9lope Cruz face their darkest secrets in the new trailer for #EverybodyKnows. https://t.co/DO7R820jqv https:\xe2\x80\xa6'
2018-11-16 04:29:26,"b'What I saw Wednesday at #AFIFest: Dogman, #EverybodyKnows, #TheFavorite  https://t.co/rNwVy91e6M'"
2018-11-16 04:24:40,"b'RT @OnlyFilmMedia: Check out the official trailer for #EverybodyKnows, starring #Pen\xc3\xa9lopeCruz and @BardemAntarctic.\nhttps://t.co/GCCD4ZlTzD'"
2018-11-16 03:49:12,"b'Looks interesting! Plus, it stars Javier Bardem and Pen\xc3\xa9lope Cruz \xf0\x9f\x98\x8d :P #EverybodyKnows https://t.co/rykskqvwJY'"
2018-11-16 03:43:46,"b'RT @everybodyknows: \xe2\x80\x9cCompulsively absorbing. A jigsaw puzzle of a film.\xe2\x80\x9d - Variety\n\nWatch the new trailer for #EverybodyKnows, starring @Ba\xe2\x80\xa6'"
2018-11-16 03:40:37,b'RT @IMDb: Javier Bardem and Pen\xc3\xa9lope Cruz face their darkest secrets in the new trailer for #EverybodyKnows. https://t.co/DO7R820jqv https:\xe2\x80\xa6'
2018-11-16 02:00:17,"b'RT @everybodyknows: Academy Award winners Javier Bardem and Pen\xc3\xa9lope Cruz star in #EverybodyKnows, a film by Asghar Farhadi.\n\nWatch the tra\xe2\x80\xa6'"
2018-11-16 01:28:24,b'RT @IMDb: Javier Bardem and Pen\xc3\xa9lope Cruz face their darkest secrets in the new trailer for #EverybodyKnows. https://t.co/DO7R820jqv https:\xe2\x80\xa6'
2018-11-16 01:26:21,b'#EverybodyKnows (2018) Official Trailer  https://t.co/saEuODg7kf #movietrailers #trailers #movies'
2018-11-16 01:23:59,b'#EverybodyKnows Trailer &amp; Poster https://t.co/rQpeFIVr3f FocusFeaturess #JAVIERBARDEM #PenelopeCruz https://t.co/rQpeFIVr3f'
2018-11-16 01:23:44,b'#EverybodyKnows Trailer &amp; Poster https://t.co/rQpeFIDPEF @FocusFeatures #JAVIERBARDEM #PEN\xc3\x89LOPECRUZ'
2018-11-16 01:19:05,"b'Watch the new trailer for #EverybodyKnows, starring Javier Bardem and Pen\xc3\xa9lope Cruz: https://t.co/0UTTzC8MmM https://t.co/sROmZX2pHh'"
2018-11-16 01:00:45,b'#EverybodyKnows Trailer &amp; Poster https://t.co/rQpeFIDPEF'
2018-11-16 00:51:18,b'RT @IMDb: Javier Bardem and Pen\xc3\xa9lope Cruz face their darkest secrets in the new trailer for #EverybodyKnows. https://t.co/DO7R820jqv https:\xe2\x80\xa6'
2018-11-16 00:32:00,b'Everybody Knows starring Penelope Cruz and Javier Bardem #EverybodyKnows https://t.co/qp5j7QZlnQ https://t.co/RBoDIdc5xs'
2018-11-16 00:28:24,b'RT @IMDb: Javier Bardem and Pen\xc3\xa9lope Cruz face their darkest secrets in the new trailer for #EverybodyKnows. https://t.co/DO7R820jqv https:\xe2\x80\xa6'
2018-11-16 00:12:25,"b""RT @IndieWire: Pen\xc3\xa9lope Cruz and Javier Bardem lead Asghar Farhadi's riveting kidnapping thriller #EverybodyKnows, in theaters February 201\xe2\x80\xa6"""
2018-11-16 00:11:52,b'RT @IMDb: Javier Bardem and Pen\xc3\xa9lope Cruz face their darkest secrets in the new trailer for #EverybodyKnows. https://t.co/DO7R820jqv https:\xe2\x80\xa6'
2018-11-15 23:47:10,"b""RT @IndieWire: Pen\xc3\xa9lope Cruz and Javier Bardem lead Asghar Farhadi's riveting kidnapping thriller #EverybodyKnows, in theaters February 201\xe2\x80\xa6"""
2018-11-15 23:45:01,b'RT @IMDb: Javier Bardem and Pen\xc3\xa9lope Cruz face their darkest secrets in the new trailer for #EverybodyKnows. https://t.co/DO7R820jqv https:\xe2\x80\xa6'
2018-11-15 23:43:13,"b""RT @IndieWire: Pen\xc3\xa9lope Cruz and Javier Bardem lead Asghar Farhadi's riveting kidnapping thriller #EverybodyKnows, in theaters February 201\xe2\x80\xa6"""
2018-11-15 23:35:35,"b""RT @IndieWire: Pen\xc3\xa9lope Cruz and Javier Bardem lead Asghar Farhadi's riveting kidnapping thriller #EverybodyKnows, in theaters February 201\xe2\x80\xa6"""
2018-11-15 23:34:48,"b""RT @IndieWire: Pen\xc3\xa9lope Cruz and Javier Bardem lead Asghar Farhadi's riveting kidnapping thriller #EverybodyKnows, in theaters February 201\xe2\x80\xa6"""
2018-11-15 23:33:44,"b""RT @IndieWire: Pen\xc3\xa9lope Cruz and Javier Bardem lead Asghar Farhadi's riveting kidnapping thriller #EverybodyKnows, in theaters February 201\xe2\x80\xa6"""
2018-11-15 23:30:00,"b""Pen\xc3\xa9lope Cruz and Javier Bardem lead Asghar Farhadi's riveting kidnapping thriller #EverybodyKnows, in theaters Feb\xe2\x80\xa6 https://t.co/BbhV1yeQkt"""
2018-11-15 23:16:10,b'Check the trailer for #EverybodyKnows! \n\nhttps://t.co/pWORIt3FSa via @ThePlaylist'
2018-11-15 23:15:01,"b'(WATCH) Trailer for #EverybodyKnows, starring Penelope Cruz and Javier Bardem https://t.co/hqRbJu86Li https://t.co/yiDObTDvSk'"
2018-11-15 23:14:06,"b""RT @firstshowing: New US Trailer for Mystery 'Everybody Knows' Starring Bardem &amp; Cruz https://t.co/JHrb9olKfE #EverybodyKnows #JavierBardem\xe2\x80\xa6"""
2018-11-15 23:03:07,"b""New US Trailer for Mystery 'Everybody Knows' Starring Bardem &amp; Cruz https://t.co/JHrb9olKfE #EverybodyKnows\xe2\x80\xa6 https://t.co/jUxLdGBbrP"""
2018-11-15 22:58:54,"b'RT @everybodyknows: Academy Award winners Javier Bardem and Pen\xc3\xa9lope Cruz star in #EverybodyKnows, a film by Asghar Farhadi.\n\nWatch the tra\xe2\x80\xa6'"
2018-11-15 22:48:32,"b'RT @everybodyknows: \xe2\x80\x9cCompulsively absorbing. A jigsaw puzzle of a film.\xe2\x80\x9d - Variety\n\nWatch the new trailer for #EverybodyKnows, starring @Ba\xe2\x80\xa6'"
2018-11-15 22:47:56,b'RT @IMDb: Javier Bardem and Pen\xc3\xa9lope Cruz face their darkest secrets in the new trailer for #EverybodyKnows. https://t.co/DO7R820jqv https:\xe2\x80\xa6'
2018-11-15 22:38:12,"b'Check out the official #EverybodyKnows #trailer starring #Pen\xc3\xa9lopeCruz!\n\nhttps://t.co/rxx7gRkfga\n\n#film, #movie'"
2018-11-15 22:37:19,"b'RT @everybodyknows: \xe2\x80\x9cCompulsively absorbing. A jigsaw puzzle of a film.\xe2\x80\x9d - Variety\n\nWatch the new trailer for #EverybodyKnows, starring @Ba\xe2\x80\xa6'"
2018-11-15 22:07:46,b'RT @IMDb: Javier Bardem and Pen\xc3\xa9lope Cruz face their darkest secrets in the new trailer for #EverybodyKnows. https://t.co/DO7R820jqv https:\xe2\x80\xa6'
2018-11-15 21:56:11,"b'RT @OnlyFilmMedia: Check out the official trailer for #EverybodyKnows, starring #Pen\xc3\xa9lopeCruz and @BardemAntarctic.\nhttps://t.co/GCCD4ZlTzD'"
2018-11-15 21:52:51,b'\xf0\x9f\x8e\xac\xf0\x9f\x8e\xac #EverybodyKnows - Trailer Reaction &amp; Review: https://t.co/QYbdtH4tMx https://t.co/X9Gz8GcyPh'
2018-11-15 21:49:41,b'And #EverybodyKnows that #FakePresident #DonaldTrump is most definitely a Crack-Pot https://t.co/uMChSt04at'
2018-11-15 21:36:23,"b'RT @OnlyFilmMedia: Check out the official trailer for #EverybodyKnows, starring #Pen\xc3\xa9lopeCruz and @BardemAntarctic.\nhttps://t.co/GCCD4ZlTzD'"
2018-11-15 21:23:36,b'Everybody Knows: the trailer is released for Penelope Cruz and Javier @BardemAntarctic\xe2\x80\x99s new movie\xe2\x80\xa6 https://t.co/MYhE50uGme'
2018-11-15 21:23:06,b'RT @IMDb: Javier Bardem and Pen\xc3\xa9lope Cruz face their darkest secrets in the new trailer for #EverybodyKnows. https://t.co/DO7R820jqv https:\xe2\x80\xa6'
2018-11-15 21:13:48,"b'#EverybodyKnows that Montgomery is the capital of Alabama, but not the folks at @Endless_Games.'"
2018-11-15 21:11:00,b'RT @IMDb: Javier Bardem and Pen\xc3\xa9lope Cruz face their darkest secrets in the new trailer for #EverybodyKnows. https://t.co/DO7R820jqv https:\xe2\x80\xa6'
2018-11-15 21:02:34,"b'If #Brexit if it #occurs , #EverybodyKnows , will lose https://t.co/XJXgAn01R2'"
2018-11-15 21:01:19,"b'RT @everybodyknows: \xe2\x80\x9cCompulsively absorbing. A jigsaw puzzle of a film.\xe2\x80\x9d - Variety\n\nWatch the new trailer for #EverybodyKnows, starring @Ba\xe2\x80\xa6'"
2018-11-15 20:56:10,b'RT @IMDb: Javier Bardem and Pen\xc3\xa9lope Cruz face their darkest secrets in the new trailer for #EverybodyKnows. https://t.co/DO7R820jqv https:\xe2\x80\xa6'
2018-11-15 20:55:18,b'RT @IMDb: Javier Bardem and Pen\xc3\xa9lope Cruz face their darkest secrets in the new trailer for #EverybodyKnows. https://t.co/DO7R820jqv https:\xe2\x80\xa6'
2018-11-15 20:41:43,b'What do you all think of the trailer for #EverybodyKnows? #FilmTwitter https://t.co/blbnqJMaa0'
2018-11-15 20:40:01,"b'Asghar Farhadi has yet to disappoint me, and honestly, #EverybodyKnows does NOT look like it will break that streak. https://t.co/WFygOLIbbj'"
2018-11-15 20:14:14,"b'RT @everybodyknows: \xe2\x80\x9cCompulsively absorbing. A jigsaw puzzle of a film.\xe2\x80\x9d - Variety\n\nWatch the new trailer for #EverybodyKnows, starring @Ba\xe2\x80\xa6'"
2018-11-15 20:05:28,"b'RT @everybodyknows: Academy Award winners Javier Bardem and Pen\xc3\xa9lope Cruz star in #EverybodyKnows, a film by Asghar Farhadi.\n\nWatch the tra\xe2\x80\xa6'"
2018-11-15 19:44:36,"b'RT @everybodyknows: \xe2\x80\x9cCompulsively absorbing. A jigsaw puzzle of a film.\xe2\x80\x9d - Variety\n\nWatch the new trailer for #EverybodyKnows, starring @Ba\xe2\x80\xa6'"
2018-11-15 19:39:38,b'I am thoroughly pumped for how overwhelmingly depressed I am inevitably going to be after this movie.\xe2\x80\xa6 https://t.co/WeSgNAVjb1'
2018-11-15 19:32:21,"b'RT @TomorrowedBlog: #EverybodyKnows gets new trailer, releases February 8\nhttps://t.co/E3Mn9Yevoq https://t.co/LMVr8WfYHL'"
2018-11-15 19:32:08,"b'#EverybodyKnows gets new trailer, releases February 8\nhttps://t.co/E3Mn9Yevoq https://t.co/LMVr8WfYHL'"
2018-11-15 19:30:28,"b'RT @OnlyFilmMedia: Check out the official trailer for #EverybodyKnows, starring #Pen\xc3\xa9lopeCruz and @BardemAntarctic.\nhttps://t.co/GCCD4ZlTzD'"
2018-11-15 19:26:16,"b'RT @OnlyFilmMedia: Check out the official trailer for #EverybodyKnows, starring #Pen\xc3\xa9lopeCruz and @BardemAntarctic.\nhttps://t.co/GCCD4ZlTzD'"
2018-11-15 19:23:02,"b'RT @OnlyFilmMedia: Check out the official trailer for #EverybodyKnows, starring #Pen\xc3\xa9lopeCruz and @BardemAntarctic.\nhttps://t.co/GCCD4ZlTzD'"
2018-11-15 19:19:12,b'#EverybodyKnows Trailer: #Pen\xc3\xa9lopeCruz and #JavierBardem Team Up to Fall Apart https://t.co/kFHWKkzIhq'
2018-11-15 19:18:26,"b'Check out the official trailer for #EverybodyKnows, starring #Pen\xc3\xa9lopeCruz and @BardemAntarctic.\nhttps://t.co/GCCD4ZlTzD'"
2018-11-15 19:10:10,b'RT @IndieWire: #EverybodyKnows Official Trailer: Pen\xc3\xa9lope Cruz and Javier Bardem Team Up to Fall Apart https://t.co/l15iQZVK4f @FocusFeatur\xe2\x80\xa6'
2018-11-15 19:09:38,"b'RT @RegalMovies: The deeper the love, the darker the secrets. Watch the new trailer for #EverybodyKnows and see it at select Regal location\xe2\x80\xa6'"
2018-11-15 19:01:59,b'RT @IMDb: Javier Bardem and Pen\xc3\xa9lope Cruz face their darkest secrets in the new trailer for #EverybodyKnows. https://t.co/DO7R820jqv https:\xe2\x80\xa6'
2018-11-15 18:46:36,"b'RT @everybodyknows: Academy Award winners Javier Bardem and Pen\xc3\xa9lope Cruz star in #EverybodyKnows, a film by Asghar Farhadi.\n\nWatch the tra\xe2\x80\xa6'"
2018-11-15 18:33:23,b'RT @IMDb: Javier Bardem and Pen\xc3\xa9lope Cruz face their darkest secrets in the new trailer for #EverybodyKnows. https://t.co/DO7R820jqv https:\xe2\x80\xa6'
2018-11-15 18:33:02,"b'RT @everybodyknows: Academy Award winners Javier Bardem and Pen\xc3\xa9lope Cruz star in #EverybodyKnows, a film by Asghar Farhadi.\n\nWatch the tra\xe2\x80\xa6'"
2018-11-15 18:32:58,"b'RT @everybodyknows: \xe2\x80\x9cCompulsively absorbing. A jigsaw puzzle of a film.\xe2\x80\x9d - Variety\n\nWatch the new trailer for #EverybodyKnows, starring @Ba\xe2\x80\xa6'"
2018-11-15 18:32:57,b'RT @IMDb: Javier Bardem and Pen\xc3\xa9lope Cruz face their darkest secrets in the new trailer for #EverybodyKnows. https://t.co/DO7R820jqv https:\xe2\x80\xa6'
2018-11-15 18:30:33,"b'#EverybodyKnows Trailer https://t.co/7Dt1obBtRZ with #TrailerMusic ""Set Ablaze"" by @NinjaTracks in the 5-second pre\xe2\x80\xa6 https://t.co/f381dndL5R'"
2018-11-15 18:18:28,"b'RT @everybodyknows: Academy Award winners Javier Bardem and Pen\xc3\xa9lope Cruz star in #EverybodyKnows, a film by Asghar Farhadi.\n\nWatch the tra\xe2\x80\xa6'"
2018-11-15 18:17:10,"b'RT @everybodyknows: Academy Award winners Javier Bardem and Pen\xc3\xa9lope Cruz star in #EverybodyKnows, a film by Asghar Farhadi.\n\nWatch the tra\xe2\x80\xa6'"
2018-11-15 18:03:48,"b'RT @everybodyknows: Academy Award winners Javier Bardem and Pen\xc3\xa9lope Cruz star in #EverybodyKnows, a film by Asghar Farhadi.\n\nWatch the tra\xe2\x80\xa6'"
2018-11-15 18:03:21,b'RT @IMDb: Javier Bardem and Pen\xc3\xa9lope Cruz face their darkest secrets in the new trailer for #EverybodyKnows. https://t.co/DO7R820jqv https:\xe2\x80\xa6'
2018-11-15 17:55:18,"b""RT @PasteMagazine: Javier Bardem (@BardemAntarctic) and Penelope Cruz star in the new trailer for Asghar Farhadi's latest moral drama #Ever\xe2\x80\xa6"""
2018-11-15 17:51:43,"b""Javier Bardem (@BardemAntarctic) and Penelope Cruz star in the new trailer for Asghar Farhadi's latest moral drama\xe2\x80\xa6 https://t.co/mgpSLQOStR"""
2018-11-15 17:50:25,b'i know\nyou know\nwe know\n#EVERYBODYKNOWS'
2018-11-15 17:41:30,b'RT @IMDb: Javier Bardem and Pen\xc3\xa9lope Cruz face their darkest secrets in the new trailer for #EverybodyKnows. https://t.co/DO7R820jqv https:\xe2\x80\xa6'
2018-11-15 17:41:21,b'Penelope Cruz and Javier Bardem Face Their Darkest Secrets in the New Trailer for #EverybodyKnows\xe2\x80\xa6 https://t.co/P1BStQo1Ha'
2018-11-15 17:36:43,"b'RT @everybodyknows: Academy Award winners Javier Bardem and Pen\xc3\xa9lope Cruz star in #EverybodyKnows, a film by Asghar Farhadi.\n\nWatch the tra\xe2\x80\xa6'"
2018-11-15 17:34:41,b'RT @IMDb: Javier Bardem and Pen\xc3\xa9lope Cruz face their darkest secrets in the new trailer for #EverybodyKnows. https://t.co/DO7R820jqv https:\xe2\x80\xa6'
2018-11-15 17:34:09,"b'RT @everybodyknows: Academy Award winners Javier Bardem and Pen\xc3\xa9lope Cruz star in #EverybodyKnows, a film by Asghar Farhadi.\n\nWatch the tra\xe2\x80\xa6'"
2018-11-15 17:22:58,b'RT @IMDb: Javier Bardem and Pen\xc3\xa9lope Cruz face their darkest secrets in the new trailer for #EverybodyKnows. https://t.co/DO7R820jqv https:\xe2\x80\xa6'
2018-11-15 17:21:59,b'RT @IMDb: Javier Bardem and Pen\xc3\xa9lope Cruz face their darkest secrets in the new trailer for #EverybodyKnows. https://t.co/DO7R820jqv https:\xe2\x80\xa6'
2018-11-15 17:18:32,b'RT @IMDb: Javier Bardem and Pen\xc3\xa9lope Cruz face their darkest secrets in the new trailer for #EverybodyKnows. https://t.co/DO7R820jqv https:\xe2\x80\xa6'
2018-11-15 17:17:11,b'RT @IndieWire: #EverybodyKnows Official Trailer: Pen\xc3\xa9lope Cruz and Javier Bardem Team Up to Fall Apart https://t.co/l15iQZVK4f @FocusFeatur\xe2\x80\xa6'
2018-11-15 17:12:37,b'RT @IMDb: Javier Bardem and Pen\xc3\xa9lope Cruz face their darkest secrets in the new trailer for #EverybodyKnows. https://t.co/DO7R820jqv https:\xe2\x80\xa6'
2018-11-15 17:12:10,b'RT @IMDb: Javier Bardem and Pen\xc3\xa9lope Cruz face their darkest secrets in the new trailer for #EverybodyKnows. https://t.co/DO7R820jqv https:\xe2\x80\xa6'
2018-11-15 17:08:55,"b""Asghar Farhadi's #EverybodyKnows gets a debut trailer!\n\nhttps://t.co/TYRwBPljlZ https://t.co/i9A7tadOfV"""
2018-11-15 17:06:50,b'RT @IMDb: Javier Bardem and Pen\xc3\xa9lope Cruz face their darkest secrets in the new trailer for #EverybodyKnows. https://t.co/DO7R820jqv https:\xe2\x80\xa6'
2018-11-15 17:05:10,"b'Watch the new trailer for crime drama #EverybodyKnows, starring Pen\xc3\xa9lope Cruz and Javier Bardem\xe2\x80\xa6 https://t.co/ZroF5yuBkU'"
2018-11-15 17:03:09,b'RT @IMDb: Javier Bardem and Pen\xc3\xa9lope Cruz face their darkest secrets in the new trailer for #EverybodyKnows. https://t.co/DO7R820jqv https:\xe2\x80\xa6'
2018-11-15 16:55:36,b'RT @IMDb: Javier Bardem and Pen\xc3\xa9lope Cruz face their darkest secrets in the new trailer for #EverybodyKnows. https://t.co/DO7R820jqv https:\xe2\x80\xa6'
2018-11-15 16:55:10,"b""New trailer lands from Asghar Farhadi's #EverybodyKnows https://t.co/0Rb6vnhO2N https://t.co/kxHK3RYc45"""
2018-11-15 16:50:59,b'RT @IMDb: Javier Bardem and Pen\xc3\xa9lope Cruz face their darkest secrets in the new trailer for #EverybodyKnows. https://t.co/DO7R820jqv https:\xe2\x80\xa6'
2018-11-15 16:49:53,b'RT @IMDb: Javier Bardem and Pen\xc3\xa9lope Cruz face their darkest secrets in the new trailer for #EverybodyKnows. https://t.co/DO7R820jqv https:\xe2\x80\xa6'
2018-11-15 16:47:44,b'RT @IMDb: Javier Bardem and Pen\xc3\xa9lope Cruz face their darkest secrets in the new trailer for #EverybodyKnows. https://t.co/DO7R820jqv https:\xe2\x80\xa6'
2018-11-15 16:46:46,b'RT @IMDb: Javier Bardem and Pen\xc3\xa9lope Cruz face their darkest secrets in the new trailer for #EverybodyKnows. https://t.co/DO7R820jqv https:\xe2\x80\xa6'
2018-11-15 16:44:14,"b'RT @everybodyknows: \xe2\x80\x9cCompulsively absorbing. A jigsaw puzzle of a film.\xe2\x80\x9d - Variety\n\nWatch the new trailer for #EverybodyKnows, starring @Ba\xe2\x80\xa6'"
2018-11-15 16:44:00,b'RT @IMDb: Javier Bardem and Pen\xc3\xa9lope Cruz face their darkest secrets in the new trailer for #EverybodyKnows. https://t.co/DO7R820jqv https:\xe2\x80\xa6'
2018-11-15 16:41:47,b'RT @IMDb: Javier Bardem and Pen\xc3\xa9lope Cruz face their darkest secrets in the new trailer for #EverybodyKnows. https://t.co/DO7R820jqv https:\xe2\x80\xa6'
2018-11-15 16:40:26,b'RT @IMDb: Javier Bardem and Pen\xc3\xa9lope Cruz face their darkest secrets in the new trailer for #EverybodyKnows. https://t.co/DO7R820jqv https:\xe2\x80\xa6'
2018-11-15 16:38:52,b'RT @IMDb: Javier Bardem and Pen\xc3\xa9lope Cruz face their darkest secrets in the new trailer for #EverybodyKnows. https://t.co/DO7R820jqv https:\xe2\x80\xa6'
2018-11-15 16:38:32,b'RT @IMDb: Javier Bardem and Pen\xc3\xa9lope Cruz face their darkest secrets in the new trailer for #EverybodyKnows. https://t.co/DO7R820jqv https:\xe2\x80\xa6'
2018-11-15 16:37:31,b'RT @IndieWire: Asghar Farhadi + Pen\xc3\xa9lope Cruz + Javier Bardem. #EverybodyKnows is a riveting psychological drama you need to see in 2019. W\xe2\x80\xa6'
2018-11-15 16:36:27,b'\xf0\x9f\x9a\xa8TRAILER ALERT\xf0\x9f\x9a\xa8\nJavier Bardem and Pen\xc3\xa9lope Cruz face their darkest secrets in the new trailer for #EverybodyKnows\n\nhttps://t.co/l2JCHrkz3F'
2018-11-15 16:34:45,b'RT @IMDb: Javier Bardem and Pen\xc3\xa9lope Cruz face their darkest secrets in the new trailer for #EverybodyKnows. https://t.co/DO7R820jqv https:\xe2\x80\xa6'
2018-11-15 16:34:42,"b'RT @everybodyknows: \xe2\x80\x9cCompulsively absorbing. A jigsaw puzzle of a film.\xe2\x80\x9d - Variety\n\nWatch the new trailer for #EverybodyKnows, starring @Ba\xe2\x80\xa6'"
2018-11-15 16:34:36,b'RT @IMDb: Javier Bardem and Pen\xc3\xa9lope Cruz face their darkest secrets in the new trailer for #EverybodyKnows. https://t.co/DO7R820jqv https:\xe2\x80\xa6'
2018-11-15 16:33:56,"b'RT @everybodyknows: Academy Award winners Javier Bardem and Pen\xc3\xa9lope Cruz star in #EverybodyKnows, a film by Asghar Farhadi.\n\nWatch the tra\xe2\x80\xa6'"
2018-11-15 16:33:47,b'RT @IMDb: Javier Bardem and Pen\xc3\xa9lope Cruz face their darkest secrets in the new trailer for #EverybodyKnows. https://t.co/DO7R820jqv https:\xe2\x80\xa6'
2018-11-15 16:32:08,b'RT @IMDb: Javier Bardem and Pen\xc3\xa9lope Cruz face their darkest secrets in the new trailer for #EverybodyKnows. https://t.co/DO7R820jqv https:\xe2\x80\xa6'
2018-11-15 16:30:42,"b'RT @everybodyknows: Academy Award winners Javier Bardem and Pen\xc3\xa9lope Cruz star in #EverybodyKnows, a film by Asghar Farhadi.\n\nWatch the tra\xe2\x80\xa6'"
2018-11-15 16:30:05,b'RT @IMDb: Javier Bardem and Pen\xc3\xa9lope Cruz face their darkest secrets in the new trailer for #EverybodyKnows. https://t.co/DO7R820jqv https:\xe2\x80\xa6'
2018-11-15 16:28:53,b'RT @IndieWire: Asghar Farhadi + Pen\xc3\xa9lope Cruz + Javier Bardem. #EverybodyKnows is a riveting psychological drama you need to see in 2019. W\xe2\x80\xa6'
2018-11-15 16:28:36,b'RT @IndieWire: Asghar Farhadi + Pen\xc3\xa9lope Cruz + Javier Bardem. #EverybodyKnows is a riveting psychological drama you need to see in 2019. W\xe2\x80\xa6'
2018-11-15 16:27:46,"b""The trailer for #EverybodyKnows looks intense! I love both actors in this film &amp; can't wait to watch this in Februa\xe2\x80\xa6 https://t.co/ODlGP2xCc8"""
2018-11-15 16:27:15,b'RT @IMDb: Javier Bardem and Pen\xc3\xa9lope Cruz face their darkest secrets in the new trailer for #EverybodyKnows. https://t.co/DO7R820jqv https:\xe2\x80\xa6'
2018-11-15 16:26:58,"b'RT @everybodyknows: \xe2\x80\x9cCompulsively absorbing. A jigsaw puzzle of a film.\xe2\x80\x9d - Variety\n\nWatch the new trailer for #EverybodyKnows, starring @Ba\xe2\x80\xa6'"
2018-11-15 16:26:16,b'RT @IMDb: Javier Bardem and Pen\xc3\xa9lope Cruz face their darkest secrets in the new trailer for #EverybodyKnows. https://t.co/DO7R820jqv https:\xe2\x80\xa6'
2018-11-15 16:25:24,"b'RT @Cinemark: \xe2\x80\x9cCompulsively absorbing. A jigsaw puzzle of a film.\xe2\x80\x9d - Variety&lt;br&gt;&lt;br&gt;Watch the new trailer for #EverybodyKnows, starring @Ba\xe2\x80\xa6'"
2018-11-15 16:25:14,b'New @FocusFeatures thriller starring Javier Bardem and Penelope Cruz hits theaters Feb 8 2019 -- sneak peak trailer\xe2\x80\xa6 https://t.co/rfuitM8yyJ'
2018-11-15 16:25:12,b'RT @IMDb: Javier Bardem and Pen\xc3\xa9lope Cruz face their darkest secrets in the new trailer for #EverybodyKnows. https://t.co/DO7R820jqv https:\xe2\x80\xa6'
2018-11-15 16:24:49,b'RT @IMDb: Javier Bardem and Pen\xc3\xa9lope Cruz face their darkest secrets in the new trailer for #EverybodyKnows. https://t.co/DO7R820jqv https:\xe2\x80\xa6'
2018-11-15 16:24:18,b'RT @IMDb: Javier Bardem and Pen\xc3\xa9lope Cruz face their darkest secrets in the new trailer for #EverybodyKnows. https://t.co/DO7R820jqv https:\xe2\x80\xa6'
2018-11-15 16:23:27,b'RT @IMDb: Javier Bardem and Pen\xc3\xa9lope Cruz face their darkest secrets in the new trailer for #EverybodyKnows. https://t.co/DO7R820jqv https:\xe2\x80\xa6'
2018-11-15 16:23:05,b'RT @IMDb: Javier Bardem and Pen\xc3\xa9lope Cruz face their darkest secrets in the new trailer for #EverybodyKnows. https://t.co/DO7R820jqv https:\xe2\x80\xa6'
2018-11-15 16:22:59,b'RT @IMDb: Javier Bardem and Pen\xc3\xa9lope Cruz face their darkest secrets in the new trailer for #EverybodyKnows. https://t.co/DO7R820jqv https:\xe2\x80\xa6'
2018-11-15 16:22:51,b'RT @IMDb: Javier Bardem and Pen\xc3\xa9lope Cruz face their darkest secrets in the new trailer for #EverybodyKnows. https://t.co/DO7R820jqv https:\xe2\x80\xa6'
2018-11-15 16:22:50,b'RT @IMDb: Javier Bardem and Pen\xc3\xa9lope Cruz face their darkest secrets in the new trailer for #EverybodyKnows. https://t.co/DO7R820jqv https:\xe2\x80\xa6'
2018-11-15 16:22:19,"b""There's something haunting about the new trailer for #EverybodyKnows &amp; we're looking forward to finding out where t\xe2\x80\xa6 https://t.co/AKHd40CoEL"""
2018-11-15 16:22:17,b'RT @IMDb: Javier Bardem and Pen\xc3\xa9lope Cruz face their darkest secrets in the new trailer for #EverybodyKnows. https://t.co/DO7R820jqv https:\xe2\x80\xa6'
2018-11-15 16:22:14,b'RT @IMDb: Javier Bardem and Pen\xc3\xa9lope Cruz face their darkest secrets in the new trailer for #EverybodyKnows. https://t.co/DO7R820jqv https:\xe2\x80\xa6'
2018-11-15 16:21:52,b'RT @IndieWire: #EverybodyKnows Official Trailer: Pen\xc3\xa9lope Cruz and Javier Bardem Team Up to Fall Apart https://t.co/l15iQZVK4f @FocusFeatur\xe2\x80\xa6'
2018-11-15 16:21:36,b'Javier Bardem and Pen\xc3\xa9lope Cruz face their darkest secrets in the new trailer for #EverybodyKnows.\xe2\x80\xa6 https://t.co/1z9v462YGO'
2018-11-15 16:20:05,"b'RT @screenrant: Pen\xc3\xa9lope Cruz &amp; Javier Bardem star in the trailer for the kidnapping thriller, #EverybodyKnows.\n\nCheck it out HERE \xe2\x9e\xa1\xef\xb8\x8fhttps:\xe2\x80\xa6'"
2018-11-15 16:19:31,"b'Pen\xc3\xa9lope Cruz &amp; Javier Bardem star in the trailer for the kidnapping thriller, #EverybodyKnows.\n\nCheck it out HERE\xe2\x80\xa6 https://t.co/tYSGbFHZhE'"
2018-11-15 16:18:59,"b'RT @YahooEnt: Watch the new trailer for #EverybodyKnows, starring @BardemAntarctic and Pen\xc3\xa9lope Cruz. In theaters February 2019. https://t.\xe2\x80\xa6'"
2018-11-15 16:18:49,b'RT @IndieWire: Asghar Farhadi + Pen\xc3\xa9lope Cruz + Javier Bardem. #EverybodyKnows is a riveting psychological drama you need to see in 2019. W\xe2\x80\xa6'
2018-11-15 16:18:35,"b'\xe2\x80\x9cCompulsively absorbing. A jigsaw puzzle of a film.\xe2\x80\x9d - Variety&lt;br&gt;&lt;br&gt;Watch the new trailer for #EverybodyKnows, st\xe2\x80\xa6 https://t.co/CRaHiSm8ib'"
2018-11-15 16:18:21,b'RT @IndieWire: Asghar Farhadi + Pen\xc3\xa9lope Cruz + Javier Bardem. #EverybodyKnows is a riveting psychological drama you need to see in 2019. W\xe2\x80\xa6'
2018-11-15 16:18:05,b'RT @IndieWire: Asghar Farhadi + Pen\xc3\xa9lope Cruz + Javier Bardem. #EverybodyKnows is a riveting psychological drama you need to see in 2019. W\xe2\x80\xa6'
2018-11-15 16:17:29,b'RT @IndieWire: Asghar Farhadi + Pen\xc3\xa9lope Cruz + Javier Bardem. #EverybodyKnows is a riveting psychological drama you need to see in 2019. W\xe2\x80\xa6'
2018-11-15 16:17:26,b'RT @IndieWire: Asghar Farhadi + Pen\xc3\xa9lope Cruz + Javier Bardem. #EverybodyKnows is a riveting psychological drama you need to see in 2019. W\xe2\x80\xa6'
2018-11-15 16:15:44,b'Asghar Farhadi + Pen\xc3\xa9lope Cruz + Javier Bardem. #EverybodyKnows is a riveting psychological drama you need to see i\xe2\x80\xa6 https://t.co/rlUpfhcURg'
2018-11-15 16:15:38,"b'RT @everybodyknows: \xe2\x80\x9cCompulsively absorbing. A jigsaw puzzle of a film.\xe2\x80\x9d - Variety\n\nWatch the new trailer for #EverybodyKnows, starring @Ba\xe2\x80\xa6'"
2018-11-15 16:12:33,"b'Check out the brand new trailer for #EverybodyKnows, starring Javier Bardem and Pen\xc3\xa9lope Cruz. The psychological th\xe2\x80\xa6 https://t.co/RqU7uf1w1z'"
2018-11-15 16:12:26,"b'Watch the new trailer for #EverybodyKnows, starring @BardemAntarctic and Pen\xc3\xa9lope Cruz. In theaters February 2019. https://t.co/0ichUyUXxf'"
2018-11-15 16:12:09,"b'Academy Award winners Javier Bardem and Pen\xc3\xa9lope Cruz star in #EverybodyKnows, a film by Asghar Farhadi.\n\nWatch the\xe2\x80\xa6 https://t.co/vWV8fUkF4U'"
2018-11-15 16:09:14,"b'RT @RegalMovies: The deeper the love, the darker the secrets. Watch the new trailer for #EverybodyKnows and see it at select Regal location\xe2\x80\xa6'"
2018-11-15 16:08:15,"b'RT @everybodyknows: \xe2\x80\x9cCompulsively absorbing. A jigsaw puzzle of a film.\xe2\x80\x9d - Variety\n\nWatch the new trailer for #EverybodyKnows, starring @Ba\xe2\x80\xa6'"
2018-11-15 16:08:12,"b'RT @everybodyknows: \xe2\x80\x9cCompulsively absorbing. A jigsaw puzzle of a film.\xe2\x80\x9d - Variety\n\nWatch the new trailer for #EverybodyKnows, starring @Ba\xe2\x80\xa6'"
2018-11-15 16:07:56,"b'Watch the new trailer for #EverybodyKnows, starring Javier Bardem and Pen\xc3\xa9lope Cruz. In theaters February 2019.Ever\xe2\x80\xa6 https://t.co/FKekpT8kkE'"
2018-11-15 16:07:41,"b'RT @RegalMovies: The deeper the love, the darker the secrets. Watch the new trailer for #EverybodyKnows and see it at select Regal location\xe2\x80\xa6'"
2018-11-15 16:07:34,"b'RT @everybodyknows: \xe2\x80\x9cCompulsively absorbing. A jigsaw puzzle of a film.\xe2\x80\x9d - Variety\n\nWatch the new trailer for #EverybodyKnows, starring @Ba\xe2\x80\xa6'"
2018-11-15 16:03:56,"b'The deeper the love, the darker the secrets. Watch the new trailer for #EverybodyKnows and see it at select Regal l\xe2\x80\xa6 https://t.co/NAZySSdpYO'"
2018-11-15 16:03:30,b'RT @IndieWire: #EverybodyKnows Official Trailer: Pen\xc3\xa9lope Cruz and Javier Bardem Team Up to Fall Apart https://t.co/l15iQZVK4f @FocusFeatur\xe2\x80\xa6'
2018-11-15 16:03:00,b'#EverybodyKnows Official Trailer: Pen\xc3\xa9lope Cruz and Javier Bardem Team Up to Fall Apart https://t.co/l15iQZVK4f\xe2\x80\xa6 https://t.co/HObxOIwXeL'
2018-11-15 16:01:37,"b'RT @everybodyknows: \xe2\x80\x9cCompulsively absorbing. A jigsaw puzzle of a film.\xe2\x80\x9d - Variety\n\nWatch the new trailer for #EverybodyKnows, starring @Ba\xe2\x80\xa6'"
2018-11-15 16:00:30,"b'RT @everybodyknows: \xe2\x80\x9cCompulsively absorbing. A jigsaw puzzle of a film.\xe2\x80\x9d - Variety\n\nWatch the new trailer for #EverybodyKnows, starring @Ba\xe2\x80\xa6'"
2018-11-15 16:00:05,"b'\xe2\x80\x9cCompulsively absorbing. A jigsaw puzzle of a film.\xe2\x80\x9d - Variety\n\nWatch the new trailer for #EverybodyKnows, starring\xe2\x80\xa6 https://t.co/j3a8m2QHiw'"
2018-11-15 15:22:59,"b'@Gingrich_of_PA Lyin Dimms/traitors in r govt hav no humility, no grace, no honor, no faith, no love, no morals, no\xe2\x80\xa6 https://t.co/JrwK94xkXN'"
2018-11-15 15:11:10,b'@realDonaldTrump include the biased media (talking heads/puppets) #EVERYBODYKNOWS #WikiLeaks #DNCLeakedEmails They\xe2\x80\xa6 https://t.co/oBaKFXsR3i'
2018-11-15 01:04:11,b'#EverybodyKnows is a perfect example of a great filmmaker whose latest is considered a disappointment for being merely \xe2\x80\x9cgood\xe2\x80\x9d'
2018-11-14 23:43:09,"b""RT @gohsgeorgia: Don't wait until it is too late to put your phone down when you are driving. #everybodyknows #headsUPgeorgia #handsfree #a\xe2\x80\xa6"""
2018-11-14 23:19:55,b'AFI Fest Review: \xe2\x80\x98Everybody Knows\xe2\x80\x99 But Asghar Farhadi Keeps You Guessing via @WeLiveNetwork https://t.co/AKRF1dhpRV\xe2\x80\xa6 https://t.co/kN2P9BYVrn'
2018-11-14 23:13:02,b'#AFIFEST screening today: #EverybodyKnows #TodosLoSaben . #AsgharFarhadi #RicardoDarin #JavierBardem\xe2\x80\xa6 https://t.co/anxJ5ycgtk'
2018-11-14 22:52:42,"b""RT @gohsgeorgia: Don't wait until it is too late to put your phone down when you are driving. #everybodyknows #headsUPgeorgia #handsfree #a\xe2\x80\xa6"""
2018-11-14 22:50:07,"b""Don't wait until it is too late to put your phone down when you are driving. #everybodyknows #headsUPgeorgia\xe2\x80\xa6 https://t.co/RbjZTTR00k"""
2018-11-14 22:44:54,b'At #EverybodyKnows #TodosLoSaben @AFIFEST screening #AsgharFahardi #AFIFEST (@ AFI FEST Presented By Audi in Hollyw\xe2\x80\xa6 https://t.co/DAyUjfdf3a'
2018-11-14 07:57:13,"b'Hey @realDonaldTrump, look what I found. Can actually buy this here in NZ. Fitting. Amazing how the majority of stu\xe2\x80\xa6 https://t.co/X2uj1K1kHL'"
2018-11-14 06:34:29,"b'The lovely @write2recite and I were happy to take in our 2018 AFI Fest screening of Everybody Knows, director Asgha\xe2\x80\xa6 https://t.co/9wM9MZnbmR'"
2018-11-14 01:55:11,b'I mean it\xe2\x80\x99s not like he isn\xe2\x80\x99t stating facts tho... #everybodyknows \xf0\x9f\x91\x80 https://t.co/yryrqorJ12'
2018-11-13 19:25:24,"b""Here for my 2nd day of #AFIFEST ... Hopefully I'll get in for #VoxLux then later on #InFabric and to close off the\xe2\x80\xa6 https://t.co/mu3MkUJRRH"""
2018-11-13 17:34:15,"b'Next time my boss wants clarification on a project, i\'m gonna say ""I released a statement yesterday.....""#lynching\xe2\x80\xa6 https://t.co/7QjZqZKqmh'"
