2018-11-24 04:36:02,"b""Because after directing TWILIGHT &amp; after how much money it took in at the box office, Hardwicke should've gotten th\xe2\x80\xa6 https://t.co/XRpbfZvhr0"""
2018-11-24 04:33:03,b'When you see a movie poster for the remake of #MissBala on the same day that Gina Rodriguez is getting called the f\xe2\x80\xa6 https://t.co/ifeemobCVs'
2018-11-24 04:07:04,b'@cinddy_m @DoctorJonPaul @HereIsGina So do you have any problem with the separate Latin Grammys \n@HereIsGina  tweet\xe2\x80\xa6 https://t.co/t3TGn0OmFq'
2018-11-24 01:49:23,b'RT @HereIsGina: So excited to share our first TV spot for #MissBala. Be sure to catch it tonight during the @LatinGRAMMYs! \xf0\x9f\x92\x83\xf0\x9f\x8f\xbd\xf0\x9f\x99\x8c\xf0\x9f\x8f\xbc https://t.c\xe2\x80\xa6'
2018-11-24 00:59:31,b'RT @MissBala: \xe2\x80\x9cI really want to put my energy towards creating sustainable change for those that are in the toughest circumstances.\xe2\x80\x9d - #Mis\xe2\x80\xa6'
2018-11-23 22:54:24,b'I\xe2\x80\x99m still sick to my stomach about McKenzie Milton\xe2\x80\x99s injury.... #MissBala'
2018-11-23 22:54:06,b'RT @MissBala: Plan every move. Play every side. Risk everything. Gina Rodriguez is #MissBala\xe2\x80\x93 in theaters February 1. https://t.co/6yuUY6w6\xe2\x80\xa6'
2018-11-23 21:59:22,b'@ShanelleLittle Well.. Gina Rodriguez will be walking it all back to save her new movie set to air in 2019\xf0\x9f\x98\x82\xf0\x9f\x98\x82\xf0\x9f\x98\x82\xf0\x9f\x98\x82\xf0\x9f\x98\x82\xf0\x9f\x98\x82\xf0\x9f\x98\x82\xf0\x9f\x98\x82\xf0\x9f\x98\x82\xe2\x80\xa6 https://t.co/6aRdGLafMl'
2018-11-23 18:08:54,b'@HereIsGina can just kiss #MissBala doing any numbers goodbye rnow. You wanna be oppressed so damn bad. \xf0\x9f\x99\x84'
2018-11-22 22:24:10,b'RT @HereIsGina: So excited to share our first TV spot for #MissBala. Be sure to catch it tonight during the @LatinGRAMMYs! \xf0\x9f\x92\x83\xf0\x9f\x8f\xbd\xf0\x9f\x99\x8c\xf0\x9f\x8f\xbc https://t.c\xe2\x80\xa6'
2018-11-22 18:10:00,b'Just saw the trailer for #MissBala &amp; I am looking forward to seeing it. Very dope preview.'
2018-11-22 15:04:54,b'RT @HereIsGina: So excited to share our first TV spot for #MissBala. Be sure to catch it tonight during the @LatinGRAMMYs! \xf0\x9f\x92\x83\xf0\x9f\x8f\xbd\xf0\x9f\x99\x8c\xf0\x9f\x8f\xbc https://t.c\xe2\x80\xa6'
2018-11-22 03:32:37,b'RT @HereIsGina: So excited to share our first TV spot for #MissBala. Be sure to catch it tonight during the @LatinGRAMMYs! \xf0\x9f\x92\x83\xf0\x9f\x8f\xbd\xf0\x9f\x99\x8c\xf0\x9f\x8f\xbc https://t.c\xe2\x80\xa6'
2018-11-21 22:28:07,b'RT @HereIsGina: So excited to share our first TV spot for #MissBala. Be sure to catch it tonight during the @LatinGRAMMYs! \xf0\x9f\x92\x83\xf0\x9f\x8f\xbd\xf0\x9f\x99\x8c\xf0\x9f\x8f\xbc https://t.c\xe2\x80\xa6'
2018-11-21 04:30:17,b'RT @HereIsGina: So excited to share our first TV spot for #MissBala. Be sure to catch it tonight during the @LatinGRAMMYs! \xf0\x9f\x92\x83\xf0\x9f\x8f\xbd\xf0\x9f\x99\x8c\xf0\x9f\x8f\xbc https://t.c\xe2\x80\xa6'
2018-11-21 01:50:26,"b'@Twitter .@HereIsGina, for one \xf0\x9f\x98\x83 #MissBala https://t.co/6TzyWAGeg0'"
2018-11-21 01:09:46,b'RT @MissBala: Plan every move. Play every side. Risk everything. Gina Rodriguez is #MissBala\xe2\x80\x93 in theaters February 1. https://t.co/6yuUY6w6\xe2\x80\xa6'
2018-11-20 17:59:22,b'RT @MissBala: Plan every move. Play every side. Risk everything. Gina Rodriguez is #MissBala\xe2\x80\x93 in theaters February 1. https://t.co/6yuUY6w6\xe2\x80\xa6'
2018-11-20 17:16:38,b'RT @HereIsGina: So excited to share our first TV spot for #MissBala. Be sure to catch it tonight during the @LatinGRAMMYs! \xf0\x9f\x92\x83\xf0\x9f\x8f\xbd\xf0\x9f\x99\x8c\xf0\x9f\x8f\xbc https://t.c\xe2\x80\xa6'
2018-11-20 17:08:55,b'RT @HereIsGina: So excited to share our first TV spot for #MissBala. Be sure to catch it tonight during the @LatinGRAMMYs! \xf0\x9f\x92\x83\xf0\x9f\x8f\xbd\xf0\x9f\x99\x8c\xf0\x9f\x8f\xbc https://t.c\xe2\x80\xa6'
2018-11-20 09:48:44,b'RT @HereIsGina: So excited to share our first TV spot for #MissBala. Be sure to catch it tonight during the @LatinGRAMMYs! \xf0\x9f\x92\x83\xf0\x9f\x8f\xbd\xf0\x9f\x99\x8c\xf0\x9f\x8f\xbc https://t.c\xe2\x80\xa6'
2018-11-20 05:38:35,b'RT @HereIsGina: So excited to share our first TV spot for #MissBala. Be sure to catch it tonight during the @LatinGRAMMYs! \xf0\x9f\x92\x83\xf0\x9f\x8f\xbd\xf0\x9f\x99\x8c\xf0\x9f\x8f\xbc https://t.c\xe2\x80\xa6'
2018-11-20 05:02:23,b'RT @HereIsGina: So excited to share our first TV spot for #MissBala. Be sure to catch it tonight during the @LatinGRAMMYs! \xf0\x9f\x92\x83\xf0\x9f\x8f\xbd\xf0\x9f\x99\x8c\xf0\x9f\x8f\xbc https://t.c\xe2\x80\xa6'
2018-11-19 23:12:28,b'RT @HereIsGina: So excited to share our first TV spot for #MissBala. Be sure to catch it tonight during the @LatinGRAMMYs! \xf0\x9f\x92\x83\xf0\x9f\x8f\xbd\xf0\x9f\x99\x8c\xf0\x9f\x8f\xbc https://t.c\xe2\x80\xa6'
2018-11-19 17:58:23,b'RT @jaimecamil: So proud of you #tvdaughter @HereIsGina \xf0\x9f\x91\x8f\xf0\x9f\x8f\xbc\xf0\x9f\x91\x8f\xf0\x9f\x8f\xbc @missbala #missbala https://t.co/DgwFj3fGF4'
2018-11-19 07:34:38,b'RT @HereIsGina: So excited to share our first TV spot for #MissBala. Be sure to catch it tonight during the @LatinGRAMMYs! \xf0\x9f\x92\x83\xf0\x9f\x8f\xbd\xf0\x9f\x99\x8c\xf0\x9f\x8f\xbc https://t.c\xe2\x80\xa6'
2018-11-19 00:36:24,b'RT @HereIsGina: So excited to share our first TV spot for #MissBala. Be sure to catch it tonight during the @LatinGRAMMYs! \xf0\x9f\x92\x83\xf0\x9f\x8f\xbd\xf0\x9f\x99\x8c\xf0\x9f\x8f\xbc https://t.c\xe2\x80\xa6'
2018-11-18 23:10:06,b'RT @HereIsGina: So excited to share our first TV spot for #MissBala. Be sure to catch it tonight during the @LatinGRAMMYs! \xf0\x9f\x92\x83\xf0\x9f\x8f\xbd\xf0\x9f\x99\x8c\xf0\x9f\x8f\xbc https://t.c\xe2\x80\xa6'
2018-11-18 17:07:20,b'RT @HereIsGina: So excited to share our first TV spot for #MissBala. Be sure to catch it tonight during the @LatinGRAMMYs! \xf0\x9f\x92\x83\xf0\x9f\x8f\xbd\xf0\x9f\x99\x8c\xf0\x9f\x8f\xbc https://t.c\xe2\x80\xa6'
2018-11-18 16:46:59,b'RT @HereIsGina: So excited to share our first TV spot for #MissBala. Be sure to catch it tonight during the @LatinGRAMMYs! \xf0\x9f\x92\x83\xf0\x9f\x8f\xbd\xf0\x9f\x99\x8c\xf0\x9f\x8f\xbc https://t.c\xe2\x80\xa6'
2018-11-18 16:26:07,b'RT @HereIsGina: So excited to share our first TV spot for #MissBala. Be sure to catch it tonight during the @LatinGRAMMYs! \xf0\x9f\x92\x83\xf0\x9f\x8f\xbd\xf0\x9f\x99\x8c\xf0\x9f\x8f\xbc https://t.c\xe2\x80\xa6'
2018-11-18 11:31:17,b'RT @HereIsGina: So excited to share our first TV spot for #MissBala. Be sure to catch it tonight during the @LatinGRAMMYs! \xf0\x9f\x92\x83\xf0\x9f\x8f\xbd\xf0\x9f\x99\x8c\xf0\x9f\x8f\xbc https://t.c\xe2\x80\xa6'
2018-11-17 22:38:35,"b'Miss Bala, Miss Bala, she got it, she got it. I can not wait! #MissBala'"
2018-11-17 21:25:48,b'just saw the #missbala trailer and I want y\xe2\x80\x99all to know I am going to watch that at LEAST once per week for every week it is in theaters'
2018-11-17 20:49:51,b'CANNOT WAIT to watch @HereIsGina  kill it in #MissBala!!!!'
2018-11-17 17:10:55,b'RT @HereIsGina: So excited to share our first TV spot for #MissBala. Be sure to catch it tonight during the @LatinGRAMMYs! \xf0\x9f\x92\x83\xf0\x9f\x8f\xbd\xf0\x9f\x99\x8c\xf0\x9f\x8f\xbc https://t.c\xe2\x80\xa6'
2018-11-17 12:48:52,b'RT @HereIsGina: So excited to share our first TV spot for #MissBala. Be sure to catch it tonight during the @LatinGRAMMYs! \xf0\x9f\x92\x83\xf0\x9f\x8f\xbd\xf0\x9f\x99\x8c\xf0\x9f\x8f\xbc https://t.c\xe2\x80\xa6'
2018-11-17 08:40:24,b'RT @HereIsGina: So excited to share our first TV spot for #MissBala. Be sure to catch it tonight during the @LatinGRAMMYs! \xf0\x9f\x92\x83\xf0\x9f\x8f\xbd\xf0\x9f\x99\x8c\xf0\x9f\x8f\xbc https://t.c\xe2\x80\xa6'
2018-11-17 07:58:38,b'RT @HereIsGina: So excited to share our first TV spot for #MissBala. Be sure to catch it tonight during the @LatinGRAMMYs! \xf0\x9f\x92\x83\xf0\x9f\x8f\xbd\xf0\x9f\x99\x8c\xf0\x9f\x8f\xbc https://t.c\xe2\x80\xa6'
2018-11-17 04:33:30,b'RT @MissBala: Plan every move. Play every side. Risk everything. Gina Rodriguez is #MissBala\xe2\x80\x93 in theaters February 1. https://t.co/6yuUY6w6\xe2\x80\xa6'
2018-11-17 04:07:27,b'RT @MissBala: Plan every move. Play every side. Risk everything. Gina Rodriguez is #MissBala\xe2\x80\x93 in theaters February 1. https://t.co/6yuUY6w6\xe2\x80\xa6'
2018-11-17 03:46:44,b'RT @MissBala: \xe2\x80\x9cI really want to put my energy towards creating sustainable change for those that are in the toughest circumstances.\xe2\x80\x9d - #Mis\xe2\x80\xa6'
2018-11-17 03:28:58,b'RT @MissBala: Who would you become to save your family? Gina Rodriguez is #MissBala\xe2\x80\x93 in theaters February 1. https://t.co/FFyvMoI69H'
2018-11-17 03:28:35,b'RT @MissBala: Plan every move. Play every side. Risk everything. Gina Rodriguez is #MissBala\xe2\x80\x93 in theaters February 1. https://t.co/6yuUY6w6\xe2\x80\xa6'
2018-11-17 00:42:12,b'RT @MissBala: \xe2\x80\x9cI really want to put my energy towards creating sustainable change for those that are in the toughest circumstances.\xe2\x80\x9d - #Mis\xe2\x80\xa6'
2018-11-16 20:08:33,b'RT @HereIsGina: So excited to share our first TV spot for #MissBala. Be sure to catch it tonight during the @LatinGRAMMYs! \xf0\x9f\x92\x83\xf0\x9f\x8f\xbd\xf0\x9f\x99\x8c\xf0\x9f\x8f\xbc https://t.c\xe2\x80\xa6'
2018-11-16 20:01:46,b'RT @MissBala: Plan every move. Play every side. Risk everything. Gina Rodriguez is #MissBala\xe2\x80\x93 in theaters February 1. https://t.co/6yuUY6w6\xe2\x80\xa6'
2018-11-16 18:54:45,b'RT @HereIsGina: So excited to share our first TV spot for #MissBala. Be sure to catch it tonight during the @LatinGRAMMYs! \xf0\x9f\x92\x83\xf0\x9f\x8f\xbd\xf0\x9f\x99\x8c\xf0\x9f\x8f\xbc https://t.c\xe2\x80\xa6'
2018-11-16 18:41:39,b'RT @MissBala: \xe2\x80\x9cI really want to put my energy towards creating sustainable change for those that are in the toughest circumstances.\xe2\x80\x9d - #Mis\xe2\x80\xa6'
2018-11-16 18:40:06,b'RT @HereIsGina: So excited to share our first TV spot for #MissBala. Be sure to catch it tonight during the @LatinGRAMMYs! \xf0\x9f\x92\x83\xf0\x9f\x8f\xbd\xf0\x9f\x99\x8c\xf0\x9f\x8f\xbc https://t.c\xe2\x80\xa6'
2018-11-16 18:03:50,b'RT @HereIsGina: So excited to share our first TV spot for #MissBala. Be sure to catch it tonight during the @LatinGRAMMYs! \xf0\x9f\x92\x83\xf0\x9f\x8f\xbd\xf0\x9f\x99\x8c\xf0\x9f\x8f\xbc https://t.c\xe2\x80\xa6'
2018-11-16 17:49:16,b'Close your eyes and open your heart!!\n.\n#MissBala https://t.co/mrFZQVtuhY'
2018-11-16 17:47:49,b'\xe2\x80\x9cI really want to put my energy towards creating sustainable change for those that are in the toughest circumstance\xe2\x80\xa6 https://t.co/yJVDPTbIka'
2018-11-16 17:03:18,b'RT @HereIsGina: So excited to share our first TV spot for #MissBala. Be sure to catch it tonight during the @LatinGRAMMYs! \xf0\x9f\x92\x83\xf0\x9f\x8f\xbd\xf0\x9f\x99\x8c\xf0\x9f\x8f\xbc https://t.c\xe2\x80\xa6'
2018-11-16 16:30:15,b'RT @HereIsGina: So excited to share our first TV spot for #MissBala. Be sure to catch it tonight during the @LatinGRAMMYs! \xf0\x9f\x92\x83\xf0\x9f\x8f\xbd\xf0\x9f\x99\x8c\xf0\x9f\x8f\xbc https://t.c\xe2\x80\xa6'
2018-11-16 16:06:51,b'RT @HereIsGina: So excited to share our first TV spot for #MissBala. Be sure to catch it tonight during the @LatinGRAMMYs! \xf0\x9f\x92\x83\xf0\x9f\x8f\xbd\xf0\x9f\x99\x8c\xf0\x9f\x8f\xbc https://t.c\xe2\x80\xa6'
2018-11-16 14:09:18,b'RT @HereIsGina: So excited to share our first TV spot for #MissBala. Be sure to catch it tonight during the @LatinGRAMMYs! \xf0\x9f\x92\x83\xf0\x9f\x8f\xbd\xf0\x9f\x99\x8c\xf0\x9f\x8f\xbc https://t.c\xe2\x80\xa6'
2018-11-16 13:20:11,b'RT @HereIsGina: So excited to share our first TV spot for #MissBala. Be sure to catch it tonight during the @LatinGRAMMYs! \xf0\x9f\x92\x83\xf0\x9f\x8f\xbd\xf0\x9f\x99\x8c\xf0\x9f\x8f\xbc https://t.c\xe2\x80\xa6'
2018-11-16 13:14:33,b'RT @HereIsGina: So excited to share our first TV spot for #MissBala. Be sure to catch it tonight during the @LatinGRAMMYs! \xf0\x9f\x92\x83\xf0\x9f\x8f\xbd\xf0\x9f\x99\x8c\xf0\x9f\x8f\xbc https://t.c\xe2\x80\xa6'
2018-11-16 12:58:45,b'RT @HereIsGina: So excited to share our first TV spot for #MissBala. Be sure to catch it tonight during the @LatinGRAMMYs! \xf0\x9f\x92\x83\xf0\x9f\x8f\xbd\xf0\x9f\x99\x8c\xf0\x9f\x8f\xbc https://t.c\xe2\x80\xa6'
2018-11-16 10:58:15,b'RT @HereIsGina: So excited to share our first TV spot for #MissBala. Be sure to catch it tonight during the @LatinGRAMMYs! \xf0\x9f\x92\x83\xf0\x9f\x8f\xbd\xf0\x9f\x99\x8c\xf0\x9f\x8f\xbc https://t.c\xe2\x80\xa6'
2018-11-16 10:39:58,b'RT @HereIsGina: So excited to share our first TV spot for #MissBala. Be sure to catch it tonight during the @LatinGRAMMYs! \xf0\x9f\x92\x83\xf0\x9f\x8f\xbd\xf0\x9f\x99\x8c\xf0\x9f\x8f\xbc https://t.c\xe2\x80\xa6'
2018-11-16 10:26:57,b'RT @HereIsGina: So excited to share our first TV spot for #MissBala. Be sure to catch it tonight during the @LatinGRAMMYs! \xf0\x9f\x92\x83\xf0\x9f\x8f\xbd\xf0\x9f\x99\x8c\xf0\x9f\x8f\xbc https://t.c\xe2\x80\xa6'
2018-11-16 09:40:25,b'RT @HereIsGina: So excited to share our first TV spot for #MissBala. Be sure to catch it tonight during the @LatinGRAMMYs! \xf0\x9f\x92\x83\xf0\x9f\x8f\xbd\xf0\x9f\x99\x8c\xf0\x9f\x8f\xbc https://t.c\xe2\x80\xa6'
2018-11-16 08:46:12,b'RT @HereIsGina: So excited to share our first TV spot for #MissBala. Be sure to catch it tonight during the @LatinGRAMMYs! \xf0\x9f\x92\x83\xf0\x9f\x8f\xbd\xf0\x9f\x99\x8c\xf0\x9f\x8f\xbc https://t.c\xe2\x80\xa6'
2018-11-16 07:52:42,b'RT @HereIsGina: So excited to share our first TV spot for #MissBala. Be sure to catch it tonight during the @LatinGRAMMYs! \xf0\x9f\x92\x83\xf0\x9f\x8f\xbd\xf0\x9f\x99\x8c\xf0\x9f\x8f\xbc https://t.c\xe2\x80\xa6'
2018-11-16 07:48:14,b'RT @HereIsGina: So excited to share our first TV spot for #MissBala. Be sure to catch it tonight during the @LatinGRAMMYs! \xf0\x9f\x92\x83\xf0\x9f\x8f\xbd\xf0\x9f\x99\x8c\xf0\x9f\x8f\xbc https://t.c\xe2\x80\xa6'
2018-11-16 07:29:41,b'RT @HereIsGina: So excited to share our first TV spot for #MissBala. Be sure to catch it tonight during the @LatinGRAMMYs! \xf0\x9f\x92\x83\xf0\x9f\x8f\xbd\xf0\x9f\x99\x8c\xf0\x9f\x8f\xbc https://t.c\xe2\x80\xa6'
2018-11-16 07:21:00,b'RT @HereIsGina: So excited to share our first TV spot for #MissBala. Be sure to catch it tonight during the @LatinGRAMMYs! \xf0\x9f\x92\x83\xf0\x9f\x8f\xbd\xf0\x9f\x99\x8c\xf0\x9f\x8f\xbc https://t.c\xe2\x80\xa6'
2018-11-16 07:20:30,b'RT @HereIsGina: So excited to share our first TV spot for #MissBala. Be sure to catch it tonight during the @LatinGRAMMYs! \xf0\x9f\x92\x83\xf0\x9f\x8f\xbd\xf0\x9f\x99\x8c\xf0\x9f\x8f\xbc https://t.c\xe2\x80\xa6'
2018-11-16 06:40:54,"b""I'll be checking this out! It\nlooks riveting! It reminds me\nof the same kind of gritty\nentertainment like the Queen\xe2\x80\xa6 https://t.co/vNjBHWLj3w"""
2018-11-16 06:22:18,b'RT @HereIsGina: So excited to share our first TV spot for #MissBala. Be sure to catch it tonight during the @LatinGRAMMYs! \xf0\x9f\x92\x83\xf0\x9f\x8f\xbd\xf0\x9f\x99\x8c\xf0\x9f\x8f\xbc https://t.c\xe2\x80\xa6'
2018-11-16 06:11:24,b'RT @HereIsGina: So excited to share our first TV spot for #MissBala. Be sure to catch it tonight during the @LatinGRAMMYs! \xf0\x9f\x92\x83\xf0\x9f\x8f\xbd\xf0\x9f\x99\x8c\xf0\x9f\x8f\xbc https://t.c\xe2\x80\xa6'
2018-11-16 06:05:28,b'RT @HereIsGina: So excited to share our first TV spot for #MissBala. Be sure to catch it tonight during the @LatinGRAMMYs! \xf0\x9f\x92\x83\xf0\x9f\x8f\xbd\xf0\x9f\x99\x8c\xf0\x9f\x8f\xbc https://t.c\xe2\x80\xa6'
2018-11-16 05:47:04,b'RT @HereIsGina: So excited to share our first TV spot for #MissBala. Be sure to catch it tonight during the @LatinGRAMMYs! \xf0\x9f\x92\x83\xf0\x9f\x8f\xbd\xf0\x9f\x99\x8c\xf0\x9f\x8f\xbc https://t.c\xe2\x80\xa6'
2018-11-16 05:30:05,b'RT @HereIsGina: So excited to share our first TV spot for #MissBala. Be sure to catch it tonight during the @LatinGRAMMYs! \xf0\x9f\x92\x83\xf0\x9f\x8f\xbd\xf0\x9f\x99\x8c\xf0\x9f\x8f\xbc https://t.c\xe2\x80\xa6'
2018-11-16 05:19:13,b'RT @HereIsGina: So excited to share our first TV spot for #MissBala. Be sure to catch it tonight during the @LatinGRAMMYs! \xf0\x9f\x92\x83\xf0\x9f\x8f\xbd\xf0\x9f\x99\x8c\xf0\x9f\x8f\xbc https://t.c\xe2\x80\xa6'
2018-11-16 05:07:11,b'RT @HereIsGina: So excited to share our first TV spot for #MissBala. Be sure to catch it tonight during the @LatinGRAMMYs! \xf0\x9f\x92\x83\xf0\x9f\x8f\xbd\xf0\x9f\x99\x8c\xf0\x9f\x8f\xbc https://t.c\xe2\x80\xa6'
2018-11-16 05:03:40,b'RT @CineplexMovies: .@HereIsGina is out to save her family in the new trailer for #MissBala! https://t.co/xihccMdIVg'
2018-11-16 05:03:21,b'RT @HereIsGina: So excited to share our first TV spot for #MissBala. Be sure to catch it tonight during the @LatinGRAMMYs! \xf0\x9f\x92\x83\xf0\x9f\x8f\xbd\xf0\x9f\x99\x8c\xf0\x9f\x8f\xbc https://t.c\xe2\x80\xa6'
2018-11-16 04:58:07,b'RT @HereIsGina: So excited to share our first TV spot for #MissBala. Be sure to catch it tonight during the @LatinGRAMMYs! \xf0\x9f\x92\x83\xf0\x9f\x8f\xbd\xf0\x9f\x99\x8c\xf0\x9f\x8f\xbc https://t.c\xe2\x80\xa6'
2018-11-16 04:34:25,b'RT @HereIsGina: So excited to share our first TV spot for #MissBala. Be sure to catch it tonight during the @LatinGRAMMYs! \xf0\x9f\x92\x83\xf0\x9f\x8f\xbd\xf0\x9f\x99\x8c\xf0\x9f\x8f\xbc https://t.c\xe2\x80\xa6'
2018-11-16 04:31:27,b'RT @HereIsGina: So excited to share our first TV spot for #MissBala. Be sure to catch it tonight during the @LatinGRAMMYs! \xf0\x9f\x92\x83\xf0\x9f\x8f\xbd\xf0\x9f\x99\x8c\xf0\x9f\x8f\xbc https://t.c\xe2\x80\xa6'
2018-11-16 04:31:09,b'RT @MissBala: Plan every move. Play every side. Risk everything. Gina Rodriguez is #MissBala\xe2\x80\x93 in theaters February 1. https://t.co/6yuUY6w6\xe2\x80\xa6'
2018-11-16 04:29:03,b'RT @HereIsGina: So excited to share our first TV spot for #MissBala. Be sure to catch it tonight during the @LatinGRAMMYs! \xf0\x9f\x92\x83\xf0\x9f\x8f\xbd\xf0\x9f\x99\x8c\xf0\x9f\x8f\xbc https://t.c\xe2\x80\xa6'
2018-11-16 04:13:02,b'RT @MissBala: Plan every move. Play every side. Risk everything. Gina Rodriguez is #MissBala\xe2\x80\x93 in theaters February 1. https://t.co/6yuUY6w6\xe2\x80\xa6'
2018-11-16 03:56:30,b'RT @HereIsGina: So excited to share our first TV spot for #MissBala. Be sure to catch it tonight during the @LatinGRAMMYs! \xf0\x9f\x92\x83\xf0\x9f\x8f\xbd\xf0\x9f\x99\x8c\xf0\x9f\x8f\xbc https://t.c\xe2\x80\xa6'
2018-11-16 03:53:11,b'RT @HereIsGina: So excited to share our first TV spot for #MissBala. Be sure to catch it tonight during the @LatinGRAMMYs! \xf0\x9f\x92\x83\xf0\x9f\x8f\xbd\xf0\x9f\x99\x8c\xf0\x9f\x8f\xbc https://t.c\xe2\x80\xa6'
2018-11-16 03:40:02,b'RT @HereIsGina: So excited to share our first TV spot for #MissBala. Be sure to catch it tonight during the @LatinGRAMMYs! \xf0\x9f\x92\x83\xf0\x9f\x8f\xbd\xf0\x9f\x99\x8c\xf0\x9f\x8f\xbc https://t.c\xe2\x80\xa6'
2018-11-16 03:34:10,b'RT @HereIsGina: So excited to share our first TV spot for #MissBala. Be sure to catch it tonight during the @LatinGRAMMYs! \xf0\x9f\x92\x83\xf0\x9f\x8f\xbd\xf0\x9f\x99\x8c\xf0\x9f\x8f\xbc https://t.c\xe2\x80\xa6'
2018-11-16 03:24:40,b'RT @HereIsGina: So excited to share our first TV spot for #MissBala. Be sure to catch it tonight during the @LatinGRAMMYs! \xf0\x9f\x92\x83\xf0\x9f\x8f\xbd\xf0\x9f\x99\x8c\xf0\x9f\x8f\xbc https://t.c\xe2\x80\xa6'
2018-11-16 03:03:52,b'RT @HereIsGina: So excited to share our first TV spot for #MissBala. Be sure to catch it tonight during the @LatinGRAMMYs! \xf0\x9f\x92\x83\xf0\x9f\x8f\xbd\xf0\x9f\x99\x8c\xf0\x9f\x8f\xbc https://t.c\xe2\x80\xa6'
2018-11-16 02:57:45,b'RT @HereIsGina: So excited to share our first TV spot for #MissBala. Be sure to catch it tonight during the @LatinGRAMMYs! \xf0\x9f\x92\x83\xf0\x9f\x8f\xbd\xf0\x9f\x99\x8c\xf0\x9f\x8f\xbc https://t.c\xe2\x80\xa6'
2018-11-16 02:51:59,b'RT @HereIsGina: So excited to share our first TV spot for #MissBala. Be sure to catch it tonight during the @LatinGRAMMYs! \xf0\x9f\x92\x83\xf0\x9f\x8f\xbd\xf0\x9f\x99\x8c\xf0\x9f\x8f\xbc https://t.c\xe2\x80\xa6'
2018-11-16 02:43:06,b'RT @HereIsGina: So excited to share our first TV spot for #MissBala. Be sure to catch it tonight during the @LatinGRAMMYs! \xf0\x9f\x92\x83\xf0\x9f\x8f\xbd\xf0\x9f\x99\x8c\xf0\x9f\x8f\xbc https://t.c\xe2\x80\xa6'
2018-11-16 02:41:51,b'RT @HereIsGina: So excited to share our first TV spot for #MissBala. Be sure to catch it tonight during the @LatinGRAMMYs! \xf0\x9f\x92\x83\xf0\x9f\x8f\xbd\xf0\x9f\x99\x8c\xf0\x9f\x8f\xbc https://t.c\xe2\x80\xa6'
2018-11-16 02:38:20,b'RT @HereIsGina: So excited to share our first TV spot for #MissBala. Be sure to catch it tonight during the @LatinGRAMMYs! \xf0\x9f\x92\x83\xf0\x9f\x8f\xbd\xf0\x9f\x99\x8c\xf0\x9f\x8f\xbc https://t.c\xe2\x80\xa6'
2018-11-16 02:25:48,b'RT @HereIsGina: So excited to share our first TV spot for #MissBala. Be sure to catch it tonight during the @LatinGRAMMYs! \xf0\x9f\x92\x83\xf0\x9f\x8f\xbd\xf0\x9f\x99\x8c\xf0\x9f\x8f\xbc https://t.c\xe2\x80\xa6'
2018-11-16 02:08:31,b'RT @HereIsGina: So excited to share our first TV spot for #MissBala. Be sure to catch it tonight during the @LatinGRAMMYs! \xf0\x9f\x92\x83\xf0\x9f\x8f\xbd\xf0\x9f\x99\x8c\xf0\x9f\x8f\xbc https://t.c\xe2\x80\xa6'
2018-11-16 02:03:13,b'RT @HereIsGina: So excited to share our first TV spot for #MissBala. Be sure to catch it tonight during the @LatinGRAMMYs! \xf0\x9f\x92\x83\xf0\x9f\x8f\xbd\xf0\x9f\x99\x8c\xf0\x9f\x8f\xbc https://t.c\xe2\x80\xa6'
2018-11-16 02:01:10,b'RT @HereIsGina: So excited to share our first TV spot for #MissBala. Be sure to catch it tonight during the @LatinGRAMMYs! \xf0\x9f\x92\x83\xf0\x9f\x8f\xbd\xf0\x9f\x99\x8c\xf0\x9f\x8f\xbc https://t.c\xe2\x80\xa6'
2018-11-16 01:57:29,b'RT @HereIsGina: So excited to share our first TV spot for #MissBala. Be sure to catch it tonight during the @LatinGRAMMYs! \xf0\x9f\x92\x83\xf0\x9f\x8f\xbd\xf0\x9f\x99\x8c\xf0\x9f\x8f\xbc https://t.c\xe2\x80\xa6'
2018-11-16 01:55:27,b'RT @HereIsGina: So excited to share our first TV spot for #MissBala. Be sure to catch it tonight during the @LatinGRAMMYs! \xf0\x9f\x92\x83\xf0\x9f\x8f\xbd\xf0\x9f\x99\x8c\xf0\x9f\x8f\xbc https://t.c\xe2\x80\xa6'
2018-11-16 01:47:18,b'RT @HereIsGina: So excited to share our first TV spot for #MissBala. Be sure to catch it tonight during the @LatinGRAMMYs! \xf0\x9f\x92\x83\xf0\x9f\x8f\xbd\xf0\x9f\x99\x8c\xf0\x9f\x8f\xbc https://t.c\xe2\x80\xa6'
2018-11-16 01:43:39,b'RT @HereIsGina: So excited to share our first TV spot for #MissBala. Be sure to catch it tonight during the @LatinGRAMMYs! \xf0\x9f\x92\x83\xf0\x9f\x8f\xbd\xf0\x9f\x99\x8c\xf0\x9f\x8f\xbc https://t.c\xe2\x80\xa6'
2018-11-16 01:31:30,b'RT @HereIsGina: So excited to share our first TV spot for #MissBala. Be sure to catch it tonight during the @LatinGRAMMYs! \xf0\x9f\x92\x83\xf0\x9f\x8f\xbd\xf0\x9f\x99\x8c\xf0\x9f\x8f\xbc https://t.c\xe2\x80\xa6'
2018-11-16 01:29:56,b'RT @HereIsGina: So excited to share our first TV spot for #MissBala. Be sure to catch it tonight during the @LatinGRAMMYs! \xf0\x9f\x92\x83\xf0\x9f\x8f\xbd\xf0\x9f\x99\x8c\xf0\x9f\x8f\xbc https://t.c\xe2\x80\xa6'
2018-11-16 01:28:54,b'RT @HereIsGina: So excited to share our first TV spot for #MissBala. Be sure to catch it tonight during the @LatinGRAMMYs! \xf0\x9f\x92\x83\xf0\x9f\x8f\xbd\xf0\x9f\x99\x8c\xf0\x9f\x8f\xbc https://t.c\xe2\x80\xa6'
2018-11-16 01:21:57,b'RT @HereIsGina: So excited to share our first TV spot for #MissBala. Be sure to catch it tonight during the @LatinGRAMMYs! \xf0\x9f\x92\x83\xf0\x9f\x8f\xbd\xf0\x9f\x99\x8c\xf0\x9f\x8f\xbc https://t.c\xe2\x80\xa6'
2018-11-16 01:11:40,b'RT @HereIsGina: So excited to share our first TV spot for #MissBala. Be sure to catch it tonight during the @LatinGRAMMYs! \xf0\x9f\x92\x83\xf0\x9f\x8f\xbd\xf0\x9f\x99\x8c\xf0\x9f\x8f\xbc https://t.c\xe2\x80\xa6'
2018-11-16 01:03:19,b'RT @HereIsGina: So excited to share our first TV spot for #MissBala. Be sure to catch it tonight during the @LatinGRAMMYs! \xf0\x9f\x92\x83\xf0\x9f\x8f\xbd\xf0\x9f\x99\x8c\xf0\x9f\x8f\xbc https://t.c\xe2\x80\xa6'
2018-11-16 00:54:27,b'RT @HereIsGina: So excited to share our first TV spot for #MissBala. Be sure to catch it tonight during the @LatinGRAMMYs! \xf0\x9f\x92\x83\xf0\x9f\x8f\xbd\xf0\x9f\x99\x8c\xf0\x9f\x8f\xbc https://t.c\xe2\x80\xa6'
2018-11-16 00:54:25,b'RT @HereIsGina: So excited to share our first TV spot for #MissBala. Be sure to catch it tonight during the @LatinGRAMMYs! \xf0\x9f\x92\x83\xf0\x9f\x8f\xbd\xf0\x9f\x99\x8c\xf0\x9f\x8f\xbc https://t.c\xe2\x80\xa6'
2018-11-16 00:52:25,b'RT @HereIsGina: So excited to share our first TV spot for #MissBala. Be sure to catch it tonight during the @LatinGRAMMYs! \xf0\x9f\x92\x83\xf0\x9f\x8f\xbd\xf0\x9f\x99\x8c\xf0\x9f\x8f\xbc https://t.c\xe2\x80\xa6'
2018-11-16 00:37:23,b'RT @HereIsGina: So excited to share our first TV spot for #MissBala. Be sure to catch it tonight during the @LatinGRAMMYs! \xf0\x9f\x92\x83\xf0\x9f\x8f\xbd\xf0\x9f\x99\x8c\xf0\x9f\x8f\xbc https://t.c\xe2\x80\xa6'
2018-11-16 00:24:27,b'RT @HereIsGina: So excited to share our first TV spot for #MissBala. Be sure to catch it tonight during the @LatinGRAMMYs! \xf0\x9f\x92\x83\xf0\x9f\x8f\xbd\xf0\x9f\x99\x8c\xf0\x9f\x8f\xbc https://t.c\xe2\x80\xa6'
2018-11-16 00:21:02,b'@HereIsGina @LatinGRAMMYs Yessssssss my girl!!! So happy to see you working it \xf0\x9f\x99\x8c\xf0\x9f\x8f\xbd\xf0\x9f\x91\x8d\xf0\x9f\x8f\xbd\xf0\x9f\x98\x8a! #MissBala'
2018-11-16 00:20:25,b'RT @HereIsGina: So excited to share our first TV spot for #MissBala. Be sure to catch it tonight during the @LatinGRAMMYs! \xf0\x9f\x92\x83\xf0\x9f\x8f\xbd\xf0\x9f\x99\x8c\xf0\x9f\x8f\xbc https://t.c\xe2\x80\xa6'
2018-11-16 00:20:18,b'RT @HereIsGina: So excited to share our first TV spot for #MissBala. Be sure to catch it tonight during the @LatinGRAMMYs! \xf0\x9f\x92\x83\xf0\x9f\x8f\xbd\xf0\x9f\x99\x8c\xf0\x9f\x8f\xbc https://t.c\xe2\x80\xa6'
2018-11-16 00:19:39,b'RT @HereIsGina: So excited to share our first TV spot for #MissBala. Be sure to catch it tonight during the @LatinGRAMMYs! \xf0\x9f\x92\x83\xf0\x9f\x8f\xbd\xf0\x9f\x99\x8c\xf0\x9f\x8f\xbc https://t.c\xe2\x80\xa6'
2018-11-16 00:07:42,b'RT @HereIsGina: So excited to share our first TV spot for #MissBala. Be sure to catch it tonight during the @LatinGRAMMYs! \xf0\x9f\x92\x83\xf0\x9f\x8f\xbd\xf0\x9f\x99\x8c\xf0\x9f\x8f\xbc https://t.c\xe2\x80\xa6'
2018-11-16 00:02:35,b'RT @HereIsGina: So excited to share our first TV spot for #MissBala. Be sure to catch it tonight during the @LatinGRAMMYs! \xf0\x9f\x92\x83\xf0\x9f\x8f\xbd\xf0\x9f\x99\x8c\xf0\x9f\x8f\xbc https://t.c\xe2\x80\xa6'
2018-11-15 23:55:37,b'RT @HereIsGina: So excited to share our first TV spot for #MissBala. Be sure to catch it tonight during the @LatinGRAMMYs! \xf0\x9f\x92\x83\xf0\x9f\x8f\xbd\xf0\x9f\x99\x8c\xf0\x9f\x8f\xbc https://t.c\xe2\x80\xa6'
2018-11-15 23:49:05,b'RT @HereIsGina: So excited to share our first TV spot for #MissBala. Be sure to catch it tonight during the @LatinGRAMMYs! \xf0\x9f\x92\x83\xf0\x9f\x8f\xbd\xf0\x9f\x99\x8c\xf0\x9f\x8f\xbc https://t.c\xe2\x80\xa6'
2018-11-15 23:45:51,b'RT @HereIsGina: So excited to share our first TV spot for #MissBala. Be sure to catch it tonight during the @LatinGRAMMYs! \xf0\x9f\x92\x83\xf0\x9f\x8f\xbd\xf0\x9f\x99\x8c\xf0\x9f\x8f\xbc https://t.c\xe2\x80\xa6'
2018-11-15 23:42:51,b'RT @HereIsGina: So excited to share our first TV spot for #MissBala. Be sure to catch it tonight during the @LatinGRAMMYs! \xf0\x9f\x92\x83\xf0\x9f\x8f\xbd\xf0\x9f\x99\x8c\xf0\x9f\x8f\xbc https://t.c\xe2\x80\xa6'
2018-11-15 23:39:45,b'RT @HereIsGina: So excited to share our first TV spot for #MissBala. Be sure to catch it tonight during the @LatinGRAMMYs! \xf0\x9f\x92\x83\xf0\x9f\x8f\xbd\xf0\x9f\x99\x8c\xf0\x9f\x8f\xbc https://t.c\xe2\x80\xa6'
2018-11-15 23:39:37,b'RT @HereIsGina: So excited to share our first TV spot for #MissBala. Be sure to catch it tonight during the @LatinGRAMMYs! \xf0\x9f\x92\x83\xf0\x9f\x8f\xbd\xf0\x9f\x99\x8c\xf0\x9f\x8f\xbc https://t.c\xe2\x80\xa6'
2018-11-15 23:20:25,b'RT @HereIsGina: So excited to share our first TV spot for #MissBala. Be sure to catch it tonight during the @LatinGRAMMYs! \xf0\x9f\x92\x83\xf0\x9f\x8f\xbd\xf0\x9f\x99\x8c\xf0\x9f\x8f\xbc https://t.c\xe2\x80\xa6'
2018-11-15 23:18:22,b'RT @HereIsGina: So excited to share our first TV spot for #MissBala. Be sure to catch it tonight during the @LatinGRAMMYs! \xf0\x9f\x92\x83\xf0\x9f\x8f\xbd\xf0\x9f\x99\x8c\xf0\x9f\x8f\xbc https://t.c\xe2\x80\xa6'
2018-11-15 23:15:10,b'RT @HereIsGina: So excited to share our first TV spot for #MissBala. Be sure to catch it tonight during the @LatinGRAMMYs! \xf0\x9f\x92\x83\xf0\x9f\x8f\xbd\xf0\x9f\x99\x8c\xf0\x9f\x8f\xbc https://t.c\xe2\x80\xa6'
2018-11-15 23:05:16,b'RT @HereIsGina: So excited to share our first TV spot for #MissBala. Be sure to catch it tonight during the @LatinGRAMMYs! \xf0\x9f\x92\x83\xf0\x9f\x8f\xbd\xf0\x9f\x99\x8c\xf0\x9f\x8f\xbc https://t.c\xe2\x80\xa6'
2018-11-15 22:59:02,b'RT @HereIsGina: So excited to share our first TV spot for #MissBala. Be sure to catch it tonight during the @LatinGRAMMYs! \xf0\x9f\x92\x83\xf0\x9f\x8f\xbd\xf0\x9f\x99\x8c\xf0\x9f\x8f\xbc https://t.c\xe2\x80\xa6'
2018-11-15 22:52:50,b'RT @HereIsGina: So excited to share our first TV spot for #MissBala. Be sure to catch it tonight during the @LatinGRAMMYs! \xf0\x9f\x92\x83\xf0\x9f\x8f\xbd\xf0\x9f\x99\x8c\xf0\x9f\x8f\xbc https://t.c\xe2\x80\xa6'
2018-11-15 22:45:46,b'RT @HereIsGina: So excited to share our first TV spot for #MissBala. Be sure to catch it tonight during the @LatinGRAMMYs! \xf0\x9f\x92\x83\xf0\x9f\x8f\xbd\xf0\x9f\x99\x8c\xf0\x9f\x8f\xbc https://t.c\xe2\x80\xa6'
2018-11-15 22:42:27,b'RT @HereIsGina: So excited to share our first TV spot for #MissBala. Be sure to catch it tonight during the @LatinGRAMMYs! \xf0\x9f\x92\x83\xf0\x9f\x8f\xbd\xf0\x9f\x99\x8c\xf0\x9f\x8f\xbc https://t.c\xe2\x80\xa6'
2018-11-15 22:39:42,b'RT @HereIsGina: So excited to share our first TV spot for #MissBala. Be sure to catch it tonight during the @LatinGRAMMYs! \xf0\x9f\x92\x83\xf0\x9f\x8f\xbd\xf0\x9f\x99\x8c\xf0\x9f\x8f\xbc https://t.c\xe2\x80\xa6'
2018-11-15 22:37:08,b'RT @HereIsGina: So excited to share our first TV spot for #MissBala. Be sure to catch it tonight during the @LatinGRAMMYs! \xf0\x9f\x92\x83\xf0\x9f\x8f\xbd\xf0\x9f\x99\x8c\xf0\x9f\x8f\xbc https://t.c\xe2\x80\xa6'
2018-11-15 22:35:08,b'RT @HereIsGina: So excited to share our first TV spot for #MissBala. Be sure to catch it tonight during the @LatinGRAMMYs! \xf0\x9f\x92\x83\xf0\x9f\x8f\xbd\xf0\x9f\x99\x8c\xf0\x9f\x8f\xbc https://t.c\xe2\x80\xa6'
2018-11-15 22:31:31,b'RT @HereIsGina: So excited to share our first TV spot for #MissBala. Be sure to catch it tonight during the @LatinGRAMMYs! \xf0\x9f\x92\x83\xf0\x9f\x8f\xbd\xf0\x9f\x99\x8c\xf0\x9f\x8f\xbc https://t.c\xe2\x80\xa6'
2018-11-15 22:25:11,b'RT @HereIsGina: So excited to share our first TV spot for #MissBala. Be sure to catch it tonight during the @LatinGRAMMYs! \xf0\x9f\x92\x83\xf0\x9f\x8f\xbd\xf0\x9f\x99\x8c\xf0\x9f\x8f\xbc https://t.c\xe2\x80\xa6'
2018-11-15 22:24:07,"b'Hi @SigmanStephanie I\xe2\x80\x99m watching your movie #MissBala for the first time and wow, this is a riveting film.  You\xe2\x80\x99re fantastic in it.'"
2018-11-15 22:20:54,b'RT @HereIsGina: So excited to share our first TV spot for #MissBala. Be sure to catch it tonight during the @LatinGRAMMYs! \xf0\x9f\x92\x83\xf0\x9f\x8f\xbd\xf0\x9f\x99\x8c\xf0\x9f\x8f\xbc https://t.c\xe2\x80\xa6'
2018-11-15 22:19:37,b'RT @HereIsGina: So excited to share our first TV spot for #MissBala. Be sure to catch it tonight during the @LatinGRAMMYs! \xf0\x9f\x92\x83\xf0\x9f\x8f\xbd\xf0\x9f\x99\x8c\xf0\x9f\x8f\xbc https://t.c\xe2\x80\xa6'
2018-11-15 22:13:44,b'RT @HereIsGina: So excited to share our first TV spot for #MissBala. Be sure to catch it tonight during the @LatinGRAMMYs! \xf0\x9f\x92\x83\xf0\x9f\x8f\xbd\xf0\x9f\x99\x8c\xf0\x9f\x8f\xbc https://t.c\xe2\x80\xa6'
2018-11-15 22:10:57,b'RT @HereIsGina: So excited to share our first TV spot for #MissBala. Be sure to catch it tonight during the @LatinGRAMMYs! \xf0\x9f\x92\x83\xf0\x9f\x8f\xbd\xf0\x9f\x99\x8c\xf0\x9f\x8f\xbc https://t.c\xe2\x80\xa6'
2018-11-15 22:08:19,b'RT @HereIsGina: So excited to share our first TV spot for #MissBala. Be sure to catch it tonight during the @LatinGRAMMYs! \xf0\x9f\x92\x83\xf0\x9f\x8f\xbd\xf0\x9f\x99\x8c\xf0\x9f\x8f\xbc https://t.c\xe2\x80\xa6'
2018-11-15 22:01:30,b'RT @HereIsGina: So excited to share our first TV spot for #MissBala. Be sure to catch it tonight during the @LatinGRAMMYs! \xf0\x9f\x92\x83\xf0\x9f\x8f\xbd\xf0\x9f\x99\x8c\xf0\x9f\x8f\xbc https://t.c\xe2\x80\xa6'
2018-11-15 22:01:16,b'RT @HereIsGina: So excited to share our first TV spot for #MissBala. Be sure to catch it tonight during the @LatinGRAMMYs! \xf0\x9f\x92\x83\xf0\x9f\x8f\xbd\xf0\x9f\x99\x8c\xf0\x9f\x8f\xbc https://t.c\xe2\x80\xa6'
2018-11-15 21:57:09,b'RT @HereIsGina: So excited to share our first TV spot for #MissBala. Be sure to catch it tonight during the @LatinGRAMMYs! \xf0\x9f\x92\x83\xf0\x9f\x8f\xbd\xf0\x9f\x99\x8c\xf0\x9f\x8f\xbc https://t.c\xe2\x80\xa6'
2018-11-15 21:52:57,b'RT @HereIsGina: So excited to share our first TV spot for #MissBala. Be sure to catch it tonight during the @LatinGRAMMYs! \xf0\x9f\x92\x83\xf0\x9f\x8f\xbd\xf0\x9f\x99\x8c\xf0\x9f\x8f\xbc https://t.c\xe2\x80\xa6'
2018-11-15 21:42:15,b'RT @HereIsGina: So excited to share our first TV spot for #MissBala. Be sure to catch it tonight during the @LatinGRAMMYs! \xf0\x9f\x92\x83\xf0\x9f\x8f\xbd\xf0\x9f\x99\x8c\xf0\x9f\x8f\xbc https://t.c\xe2\x80\xa6'
2018-11-15 21:40:14,b'RT @HereIsGina: So excited to share our first TV spot for #MissBala. Be sure to catch it tonight during the @LatinGRAMMYs! \xf0\x9f\x92\x83\xf0\x9f\x8f\xbd\xf0\x9f\x99\x8c\xf0\x9f\x8f\xbc https://t.c\xe2\x80\xa6'
2018-11-15 21:39:54,b'RT @HereIsGina: So excited to share our first TV spot for #MissBala. Be sure to catch it tonight during the @LatinGRAMMYs! \xf0\x9f\x92\x83\xf0\x9f\x8f\xbd\xf0\x9f\x99\x8c\xf0\x9f\x8f\xbc https://t.c\xe2\x80\xa6'
2018-11-15 21:37:48,b'RT @HereIsGina: So excited to share our first TV spot for #MissBala. Be sure to catch it tonight during the @LatinGRAMMYs! \xf0\x9f\x92\x83\xf0\x9f\x8f\xbd\xf0\x9f\x99\x8c\xf0\x9f\x8f\xbc https://t.c\xe2\x80\xa6'
2018-11-15 21:34:37,b'RT @HereIsGina: So excited to share our first TV spot for #MissBala. Be sure to catch it tonight during the @LatinGRAMMYs! \xf0\x9f\x92\x83\xf0\x9f\x8f\xbd\xf0\x9f\x99\x8c\xf0\x9f\x8f\xbc https://t.c\xe2\x80\xa6'
2018-11-15 21:28:37,b'RT @HereIsGina: So excited to share our first TV spot for #MissBala. Be sure to catch it tonight during the @LatinGRAMMYs! \xf0\x9f\x92\x83\xf0\x9f\x8f\xbd\xf0\x9f\x99\x8c\xf0\x9f\x8f\xbc https://t.c\xe2\x80\xa6'
2018-11-15 21:14:39,b'RT @HereIsGina: So excited to share our first TV spot for #MissBala. Be sure to catch it tonight during the @LatinGRAMMYs! \xf0\x9f\x92\x83\xf0\x9f\x8f\xbd\xf0\x9f\x99\x8c\xf0\x9f\x8f\xbc https://t.c\xe2\x80\xa6'
2018-11-15 21:11:45,b'RT @HereIsGina: So excited to share our first TV spot for #MissBala. Be sure to catch it tonight during the @LatinGRAMMYs! \xf0\x9f\x92\x83\xf0\x9f\x8f\xbd\xf0\x9f\x99\x8c\xf0\x9f\x8f\xbc https://t.c\xe2\x80\xa6'
2018-11-15 21:09:20,b'RT @HereIsGina: So excited to share our first TV spot for #MissBala. Be sure to catch it tonight during the @LatinGRAMMYs! \xf0\x9f\x92\x83\xf0\x9f\x8f\xbd\xf0\x9f\x99\x8c\xf0\x9f\x8f\xbc https://t.c\xe2\x80\xa6'
2018-11-15 21:07:54,b'RT @HereIsGina: So excited to share our first TV spot for #MissBala. Be sure to catch it tonight during the @LatinGRAMMYs! \xf0\x9f\x92\x83\xf0\x9f\x8f\xbd\xf0\x9f\x99\x8c\xf0\x9f\x8f\xbc https://t.c\xe2\x80\xa6'
2018-11-15 21:07:14,b'RT @HereIsGina: So excited to share our first TV spot for #MissBala. Be sure to catch it tonight during the @LatinGRAMMYs! \xf0\x9f\x92\x83\xf0\x9f\x8f\xbd\xf0\x9f\x99\x8c\xf0\x9f\x8f\xbc https://t.c\xe2\x80\xa6'
2018-11-15 20:59:52,b'RT @HereIsGina: So excited to share our first TV spot for #MissBala. Be sure to catch it tonight during the @LatinGRAMMYs! \xf0\x9f\x92\x83\xf0\x9f\x8f\xbd\xf0\x9f\x99\x8c\xf0\x9f\x8f\xbc https://t.c\xe2\x80\xa6'
2018-11-15 20:58:40,b'RT @HereIsGina: So excited to share our first TV spot for #MissBala. Be sure to catch it tonight during the @LatinGRAMMYs! \xf0\x9f\x92\x83\xf0\x9f\x8f\xbd\xf0\x9f\x99\x8c\xf0\x9f\x8f\xbc https://t.c\xe2\x80\xa6'
2018-11-15 20:57:11,b'RT @HereIsGina: So excited to share our first TV spot for #MissBala. Be sure to catch it tonight during the @LatinGRAMMYs! \xf0\x9f\x92\x83\xf0\x9f\x8f\xbd\xf0\x9f\x99\x8c\xf0\x9f\x8f\xbc https://t.c\xe2\x80\xa6'
2018-11-15 20:56:48,b'RT @HereIsGina: So excited to share our first TV spot for #MissBala. Be sure to catch it tonight during the @LatinGRAMMYs! \xf0\x9f\x92\x83\xf0\x9f\x8f\xbd\xf0\x9f\x99\x8c\xf0\x9f\x8f\xbc https://t.c\xe2\x80\xa6'
2018-11-15 20:55:05,b'RT @HereIsGina: So excited to share our first TV spot for #MissBala. Be sure to catch it tonight during the @LatinGRAMMYs! \xf0\x9f\x92\x83\xf0\x9f\x8f\xbd\xf0\x9f\x99\x8c\xf0\x9f\x8f\xbc https://t.c\xe2\x80\xa6'
2018-11-15 20:54:43,b'RT @HereIsGina: So excited to share our first TV spot for #MissBala. Be sure to catch it tonight during the @LatinGRAMMYs! \xf0\x9f\x92\x83\xf0\x9f\x8f\xbd\xf0\x9f\x99\x8c\xf0\x9f\x8f\xbc https://t.c\xe2\x80\xa6'
2018-11-15 20:50:44,b'RT @HereIsGina: So excited to share our first TV spot for #MissBala. Be sure to catch it tonight during the @LatinGRAMMYs! \xf0\x9f\x92\x83\xf0\x9f\x8f\xbd\xf0\x9f\x99\x8c\xf0\x9f\x8f\xbc https://t.c\xe2\x80\xa6'
2018-11-15 20:50:11,b'RT @HereIsGina: So excited to share our first TV spot for #MissBala. Be sure to catch it tonight during the @LatinGRAMMYs! \xf0\x9f\x92\x83\xf0\x9f\x8f\xbd\xf0\x9f\x99\x8c\xf0\x9f\x8f\xbc https://t.c\xe2\x80\xa6'
2018-11-15 20:49:24,b'RT @HereIsGina: So excited to share our first TV spot for #MissBala. Be sure to catch it tonight during the @LatinGRAMMYs! \xf0\x9f\x92\x83\xf0\x9f\x8f\xbd\xf0\x9f\x99\x8c\xf0\x9f\x8f\xbc https://t.c\xe2\x80\xa6'
2018-11-15 20:43:48,b'RT @HereIsGina: So excited to share our first TV spot for #MissBala. Be sure to catch it tonight during the @LatinGRAMMYs! \xf0\x9f\x92\x83\xf0\x9f\x8f\xbd\xf0\x9f\x99\x8c\xf0\x9f\x8f\xbc https://t.c\xe2\x80\xa6'
2018-11-15 20:43:47,b'RT @HereIsGina: So excited to share our first TV spot for #MissBala. Be sure to catch it tonight during the @LatinGRAMMYs! \xf0\x9f\x92\x83\xf0\x9f\x8f\xbd\xf0\x9f\x99\x8c\xf0\x9f\x8f\xbc https://t.c\xe2\x80\xa6'
2018-11-15 20:41:57,b'RT @HereIsGina: So excited to share our first TV spot for #MissBala. Be sure to catch it tonight during the @LatinGRAMMYs! \xf0\x9f\x92\x83\xf0\x9f\x8f\xbd\xf0\x9f\x99\x8c\xf0\x9f\x8f\xbc https://t.c\xe2\x80\xa6'
2018-11-15 20:37:57,b'RT @HereIsGina: So excited to share our first TV spot for #MissBala. Be sure to catch it tonight during the @LatinGRAMMYs! \xf0\x9f\x92\x83\xf0\x9f\x8f\xbd\xf0\x9f\x99\x8c\xf0\x9f\x8f\xbc https://t.c\xe2\x80\xa6'
2018-11-15 20:37:01,b'RT @HereIsGina: So excited to share our first TV spot for #MissBala. Be sure to catch it tonight during the @LatinGRAMMYs! \xf0\x9f\x92\x83\xf0\x9f\x8f\xbd\xf0\x9f\x99\x8c\xf0\x9f\x8f\xbc https://t.c\xe2\x80\xa6'
2018-11-15 20:36:54,b'RT @HereIsGina: So excited to share our first TV spot for #MissBala. Be sure to catch it tonight during the @LatinGRAMMYs! \xf0\x9f\x92\x83\xf0\x9f\x8f\xbd\xf0\x9f\x99\x8c\xf0\x9f\x8f\xbc https://t.c\xe2\x80\xa6'
2018-11-15 20:36:00,b'RT @HereIsGina: So excited to share our first TV spot for #MissBala. Be sure to catch it tonight during the @LatinGRAMMYs! \xf0\x9f\x92\x83\xf0\x9f\x8f\xbd\xf0\x9f\x99\x8c\xf0\x9f\x8f\xbc https://t.c\xe2\x80\xa6'
2018-11-15 20:34:39,b'RT @HereIsGina: So excited to share our first TV spot for #MissBala. Be sure to catch it tonight during the @LatinGRAMMYs! \xf0\x9f\x92\x83\xf0\x9f\x8f\xbd\xf0\x9f\x99\x8c\xf0\x9f\x8f\xbc https://t.c\xe2\x80\xa6'
2018-11-15 20:33:59,b'RT @HereIsGina: So excited to share our first TV spot for #MissBala. Be sure to catch it tonight during the @LatinGRAMMYs! \xf0\x9f\x92\x83\xf0\x9f\x8f\xbd\xf0\x9f\x99\x8c\xf0\x9f\x8f\xbc https://t.c\xe2\x80\xa6'
2018-11-15 20:32:18,b'RT @HereIsGina: So excited to share our first TV spot for #MissBala. Be sure to catch it tonight during the @LatinGRAMMYs! \xf0\x9f\x92\x83\xf0\x9f\x8f\xbd\xf0\x9f\x99\x8c\xf0\x9f\x8f\xbc https://t.c\xe2\x80\xa6'
2018-11-15 20:30:49,b'RT @HereIsGina: So excited to share our first TV spot for #MissBala. Be sure to catch it tonight during the @LatinGRAMMYs! \xf0\x9f\x92\x83\xf0\x9f\x8f\xbd\xf0\x9f\x99\x8c\xf0\x9f\x8f\xbc https://t.c\xe2\x80\xa6'
2018-11-15 20:25:53,b'RT @HereIsGina: So excited to share our first TV spot for #MissBala. Be sure to catch it tonight during the @LatinGRAMMYs! \xf0\x9f\x92\x83\xf0\x9f\x8f\xbd\xf0\x9f\x99\x8c\xf0\x9f\x8f\xbc https://t.c\xe2\x80\xa6'
2018-11-15 20:25:01,b'RT @HereIsGina: So excited to share our first TV spot for #MissBala. Be sure to catch it tonight during the @LatinGRAMMYs! \xf0\x9f\x92\x83\xf0\x9f\x8f\xbd\xf0\x9f\x99\x8c\xf0\x9f\x8f\xbc https://t.c\xe2\x80\xa6'
2018-11-15 20:21:18,b'RT @HereIsGina: So excited to share our first TV spot for #MissBala. Be sure to catch it tonight during the @LatinGRAMMYs! \xf0\x9f\x92\x83\xf0\x9f\x8f\xbd\xf0\x9f\x99\x8c\xf0\x9f\x8f\xbc https://t.c\xe2\x80\xa6'
2018-11-15 20:20:28,b'RT @HereIsGina: So excited to share our first TV spot for #MissBala. Be sure to catch it tonight during the @LatinGRAMMYs! \xf0\x9f\x92\x83\xf0\x9f\x8f\xbd\xf0\x9f\x99\x8c\xf0\x9f\x8f\xbc https://t.c\xe2\x80\xa6'
2018-11-15 20:17:20,b'RT @HereIsGina: So excited to share our first TV spot for #MissBala. Be sure to catch it tonight during the @LatinGRAMMYs! \xf0\x9f\x92\x83\xf0\x9f\x8f\xbd\xf0\x9f\x99\x8c\xf0\x9f\x8f\xbc https://t.c\xe2\x80\xa6'
2018-11-15 20:14:55,b'RT @HereIsGina: So excited to share our first TV spot for #MissBala. Be sure to catch it tonight during the @LatinGRAMMYs! \xf0\x9f\x92\x83\xf0\x9f\x8f\xbd\xf0\x9f\x99\x8c\xf0\x9f\x8f\xbc https://t.c\xe2\x80\xa6'
2018-11-15 20:14:18,b'RT @HereIsGina: So excited to share our first TV spot for #MissBala. Be sure to catch it tonight during the @LatinGRAMMYs! \xf0\x9f\x92\x83\xf0\x9f\x8f\xbd\xf0\x9f\x99\x8c\xf0\x9f\x8f\xbc https://t.c\xe2\x80\xa6'
2018-11-15 20:13:29,b'RT @HereIsGina: So excited to share our first TV spot for #MissBala. Be sure to catch it tonight during the @LatinGRAMMYs! \xf0\x9f\x92\x83\xf0\x9f\x8f\xbd\xf0\x9f\x99\x8c\xf0\x9f\x8f\xbc https://t.c\xe2\x80\xa6'
2018-11-15 20:11:16,b'RT @HereIsGina: So excited to share our first TV spot for #MissBala. Be sure to catch it tonight during the @LatinGRAMMYs! \xf0\x9f\x92\x83\xf0\x9f\x8f\xbd\xf0\x9f\x99\x8c\xf0\x9f\x8f\xbc https://t.c\xe2\x80\xa6'
2018-11-15 20:10:39,b'RT @HereIsGina: So excited to share our first TV spot for #MissBala. Be sure to catch it tonight during the @LatinGRAMMYs! \xf0\x9f\x92\x83\xf0\x9f\x8f\xbd\xf0\x9f\x99\x8c\xf0\x9f\x8f\xbc https://t.c\xe2\x80\xa6'
2018-11-15 20:09:20,b'RT @HereIsGina: So excited to share our first TV spot for #MissBala. Be sure to catch it tonight during the @LatinGRAMMYs! \xf0\x9f\x92\x83\xf0\x9f\x8f\xbd\xf0\x9f\x99\x8c\xf0\x9f\x8f\xbc https://t.c\xe2\x80\xa6'
2018-11-15 20:08:16,b'RT @HereIsGina: So excited to share our first TV spot for #MissBala. Be sure to catch it tonight during the @LatinGRAMMYs! \xf0\x9f\x92\x83\xf0\x9f\x8f\xbd\xf0\x9f\x99\x8c\xf0\x9f\x8f\xbc https://t.c\xe2\x80\xa6'
2018-11-15 20:07:01,b'RT @HereIsGina: So excited to share our first TV spot for #MissBala. Be sure to catch it tonight during the @LatinGRAMMYs! \xf0\x9f\x92\x83\xf0\x9f\x8f\xbd\xf0\x9f\x99\x8c\xf0\x9f\x8f\xbc https://t.c\xe2\x80\xa6'
2018-11-15 20:05:35,b'RT @HereIsGina: So excited to share our first TV spot for #MissBala. Be sure to catch it tonight during the @LatinGRAMMYs! \xf0\x9f\x92\x83\xf0\x9f\x8f\xbd\xf0\x9f\x99\x8c\xf0\x9f\x8f\xbc https://t.c\xe2\x80\xa6'
2018-11-15 20:03:39,b'RT @HereIsGina: So excited to share our first TV spot for #MissBala. Be sure to catch it tonight during the @LatinGRAMMYs! \xf0\x9f\x92\x83\xf0\x9f\x8f\xbd\xf0\x9f\x99\x8c\xf0\x9f\x8f\xbc https://t.c\xe2\x80\xa6'
2018-11-15 19:57:41,b'RT @HereIsGina: So excited to share our first TV spot for #MissBala. Be sure to catch it tonight during the @LatinGRAMMYs! \xf0\x9f\x92\x83\xf0\x9f\x8f\xbd\xf0\x9f\x99\x8c\xf0\x9f\x8f\xbc https://t.c\xe2\x80\xa6'
2018-11-15 19:57:09,b'RT @MissBala: Plan every move. Play every side. Risk everything. Gina Rodriguez is #MissBala\xe2\x80\x93 in theaters February 1. https://t.co/6yuUY6w6\xe2\x80\xa6'
2018-11-15 19:54:12,b'RT @HereIsGina: So excited to share our first TV spot for #MissBala. Be sure to catch it tonight during the @LatinGRAMMYs! \xf0\x9f\x92\x83\xf0\x9f\x8f\xbd\xf0\x9f\x99\x8c\xf0\x9f\x8f\xbc https://t.c\xe2\x80\xa6'
2018-11-15 19:51:19,b'RT @HereIsGina: So excited to share our first TV spot for #MissBala. Be sure to catch it tonight during the @LatinGRAMMYs! \xf0\x9f\x92\x83\xf0\x9f\x8f\xbd\xf0\x9f\x99\x8c\xf0\x9f\x8f\xbc https://t.c\xe2\x80\xa6'
2018-11-15 19:49:38,b'RT @HereIsGina: So excited to share our first TV spot for #MissBala. Be sure to catch it tonight during the @LatinGRAMMYs! \xf0\x9f\x92\x83\xf0\x9f\x8f\xbd\xf0\x9f\x99\x8c\xf0\x9f\x8f\xbc https://t.c\xe2\x80\xa6'
2018-11-15 19:48:34,b'RT @HereIsGina: So excited to share our first TV spot for #MissBala. Be sure to catch it tonight during the @LatinGRAMMYs! \xf0\x9f\x92\x83\xf0\x9f\x8f\xbd\xf0\x9f\x99\x8c\xf0\x9f\x8f\xbc https://t.c\xe2\x80\xa6'
2018-11-15 19:47:15,b'RT @HereIsGina: So excited to share our first TV spot for #MissBala. Be sure to catch it tonight during the @LatinGRAMMYs! \xf0\x9f\x92\x83\xf0\x9f\x8f\xbd\xf0\x9f\x99\x8c\xf0\x9f\x8f\xbc https://t.c\xe2\x80\xa6'
2018-11-15 19:43:22,b'RT @HereIsGina: So excited to share our first TV spot for #MissBala. Be sure to catch it tonight during the @LatinGRAMMYs! \xf0\x9f\x92\x83\xf0\x9f\x8f\xbd\xf0\x9f\x99\x8c\xf0\x9f\x8f\xbc https://t.c\xe2\x80\xa6'
2018-11-15 19:41:38,b'RT @HereIsGina: So excited to share our first TV spot for #MissBala. Be sure to catch it tonight during the @LatinGRAMMYs! \xf0\x9f\x92\x83\xf0\x9f\x8f\xbd\xf0\x9f\x99\x8c\xf0\x9f\x8f\xbc https://t.c\xe2\x80\xa6'
2018-11-15 19:40:19,b'RT @HereIsGina: So excited to share our first TV spot for #MissBala. Be sure to catch it tonight during the @LatinGRAMMYs! \xf0\x9f\x92\x83\xf0\x9f\x8f\xbd\xf0\x9f\x99\x8c\xf0\x9f\x8f\xbc https://t.c\xe2\x80\xa6'
2018-11-15 19:40:17,b'RT @HereIsGina: So excited to share our first TV spot for #MissBala. Be sure to catch it tonight during the @LatinGRAMMYs! \xf0\x9f\x92\x83\xf0\x9f\x8f\xbd\xf0\x9f\x99\x8c\xf0\x9f\x8f\xbc https://t.c\xe2\x80\xa6'
2018-11-15 19:40:09,b'RT @HereIsGina: So excited to share our first TV spot for #MissBala. Be sure to catch it tonight during the @LatinGRAMMYs! \xf0\x9f\x92\x83\xf0\x9f\x8f\xbd\xf0\x9f\x99\x8c\xf0\x9f\x8f\xbc https://t.c\xe2\x80\xa6'
2018-11-15 19:38:30,b'RT @HereIsGina: So excited to share our first TV spot for #MissBala. Be sure to catch it tonight during the @LatinGRAMMYs! \xf0\x9f\x92\x83\xf0\x9f\x8f\xbd\xf0\x9f\x99\x8c\xf0\x9f\x8f\xbc https://t.c\xe2\x80\xa6'
2018-11-15 19:36:59,b'RT @HereIsGina: So excited to share our first TV spot for #MissBala. Be sure to catch it tonight during the @LatinGRAMMYs! \xf0\x9f\x92\x83\xf0\x9f\x8f\xbd\xf0\x9f\x99\x8c\xf0\x9f\x8f\xbc https://t.c\xe2\x80\xa6'
2018-11-15 19:35:02,b'RT @HereIsGina: So excited to share our first TV spot for #MissBala. Be sure to catch it tonight during the @LatinGRAMMYs! \xf0\x9f\x92\x83\xf0\x9f\x8f\xbd\xf0\x9f\x99\x8c\xf0\x9f\x8f\xbc https://t.c\xe2\x80\xa6'
2018-11-15 19:34:57,b'RT @HereIsGina: So excited to share our first TV spot for #MissBala. Be sure to catch it tonight during the @LatinGRAMMYs! \xf0\x9f\x92\x83\xf0\x9f\x8f\xbd\xf0\x9f\x99\x8c\xf0\x9f\x8f\xbc https://t.c\xe2\x80\xa6'
2018-11-15 19:32:55,b'RT @HereIsGina: So excited to share our first TV spot for #MissBala. Be sure to catch it tonight during the @LatinGRAMMYs! \xf0\x9f\x92\x83\xf0\x9f\x8f\xbd\xf0\x9f\x99\x8c\xf0\x9f\x8f\xbc https://t.c\xe2\x80\xa6'
2018-11-15 19:31:38,b'RT @HereIsGina: So excited to share our first TV spot for #MissBala. Be sure to catch it tonight during the @LatinGRAMMYs! \xf0\x9f\x92\x83\xf0\x9f\x8f\xbd\xf0\x9f\x99\x8c\xf0\x9f\x8f\xbc https://t.c\xe2\x80\xa6'
2018-11-15 19:30:04,b'RT @HereIsGina: So excited to share our first TV spot for #MissBala. Be sure to catch it tonight during the @LatinGRAMMYs! \xf0\x9f\x92\x83\xf0\x9f\x8f\xbd\xf0\x9f\x99\x8c\xf0\x9f\x8f\xbc https://t.c\xe2\x80\xa6'
2018-11-15 19:30:04,b'RT @HereIsGina: So excited to share our first TV spot for #MissBala. Be sure to catch it tonight during the @LatinGRAMMYs! \xf0\x9f\x92\x83\xf0\x9f\x8f\xbd\xf0\x9f\x99\x8c\xf0\x9f\x8f\xbc https://t.c\xe2\x80\xa6'
2018-11-15 19:29:02,b'RT @HereIsGina: So excited to share our first TV spot for #MissBala. Be sure to catch it tonight during the @LatinGRAMMYs! \xf0\x9f\x92\x83\xf0\x9f\x8f\xbd\xf0\x9f\x99\x8c\xf0\x9f\x8f\xbc https://t.c\xe2\x80\xa6'
2018-11-15 19:28:34,b'RT @HereIsGina: So excited to share our first TV spot for #MissBala. Be sure to catch it tonight during the @LatinGRAMMYs! \xf0\x9f\x92\x83\xf0\x9f\x8f\xbd\xf0\x9f\x99\x8c\xf0\x9f\x8f\xbc https://t.c\xe2\x80\xa6'
2018-11-15 19:28:31,b'RT @HereIsGina: So excited to share our first TV spot for #MissBala. Be sure to catch it tonight during the @LatinGRAMMYs! \xf0\x9f\x92\x83\xf0\x9f\x8f\xbd\xf0\x9f\x99\x8c\xf0\x9f\x8f\xbc https://t.c\xe2\x80\xa6'
2018-11-15 19:28:31,b'RT @HereIsGina: So excited to share our first TV spot for #MissBala. Be sure to catch it tonight during the @LatinGRAMMYs! \xf0\x9f\x92\x83\xf0\x9f\x8f\xbd\xf0\x9f\x99\x8c\xf0\x9f\x8f\xbc https://t.c\xe2\x80\xa6'
2018-11-15 19:28:21,b'RT @HereIsGina: So excited to share our first TV spot for #MissBala. Be sure to catch it tonight during the @LatinGRAMMYs! \xf0\x9f\x92\x83\xf0\x9f\x8f\xbd\xf0\x9f\x99\x8c\xf0\x9f\x8f\xbc https://t.c\xe2\x80\xa6'
2018-11-15 19:27:04,b'RT @HereIsGina: So excited to share our first TV spot for #MissBala. Be sure to catch it tonight during the @LatinGRAMMYs! \xf0\x9f\x92\x83\xf0\x9f\x8f\xbd\xf0\x9f\x99\x8c\xf0\x9f\x8f\xbc https://t.c\xe2\x80\xa6'
2018-11-15 19:26:39,b'RT @HereIsGina: So excited to share our first TV spot for #MissBala. Be sure to catch it tonight during the @LatinGRAMMYs! \xf0\x9f\x92\x83\xf0\x9f\x8f\xbd\xf0\x9f\x99\x8c\xf0\x9f\x8f\xbc https://t.c\xe2\x80\xa6'
2018-11-15 19:26:14,b'RT @HereIsGina: So excited to share our first TV spot for #MissBala. Be sure to catch it tonight during the @LatinGRAMMYs! \xf0\x9f\x92\x83\xf0\x9f\x8f\xbd\xf0\x9f\x99\x8c\xf0\x9f\x8f\xbc https://t.c\xe2\x80\xa6'
2018-11-15 19:26:13,b'RT @HereIsGina: So excited to share our first TV spot for #MissBala. Be sure to catch it tonight during the @LatinGRAMMYs! \xf0\x9f\x92\x83\xf0\x9f\x8f\xbd\xf0\x9f\x99\x8c\xf0\x9f\x8f\xbc https://t.c\xe2\x80\xa6'
2018-11-15 19:25:56,b'RT @HereIsGina: So excited to share our first TV spot for #MissBala. Be sure to catch it tonight during the @LatinGRAMMYs! \xf0\x9f\x92\x83\xf0\x9f\x8f\xbd\xf0\x9f\x99\x8c\xf0\x9f\x8f\xbc https://t.c\xe2\x80\xa6'
2018-11-15 19:24:41,b'RT @HereIsGina: So excited to share our first TV spot for #MissBala. Be sure to catch it tonight during the @LatinGRAMMYs! \xf0\x9f\x92\x83\xf0\x9f\x8f\xbd\xf0\x9f\x99\x8c\xf0\x9f\x8f\xbc https://t.c\xe2\x80\xa6'
2018-11-15 19:24:39,b'RT @HereIsGina: So excited to share our first TV spot for #MissBala. Be sure to catch it tonight during the @LatinGRAMMYs! \xf0\x9f\x92\x83\xf0\x9f\x8f\xbd\xf0\x9f\x99\x8c\xf0\x9f\x8f\xbc https://t.c\xe2\x80\xa6'
2018-11-15 19:23:51,b'RT @HereIsGina: So excited to share our first TV spot for #MissBala. Be sure to catch it tonight during the @LatinGRAMMYs! \xf0\x9f\x92\x83\xf0\x9f\x8f\xbd\xf0\x9f\x99\x8c\xf0\x9f\x8f\xbc https://t.c\xe2\x80\xa6'
2018-11-15 19:23:24,b'RT @HereIsGina: So excited to share our first TV spot for #MissBala. Be sure to catch it tonight during the @LatinGRAMMYs! \xf0\x9f\x92\x83\xf0\x9f\x8f\xbd\xf0\x9f\x99\x8c\xf0\x9f\x8f\xbc https://t.c\xe2\x80\xa6'
2018-11-15 19:23:23,b'RT @HereIsGina: So excited to share our first TV spot for #MissBala. Be sure to catch it tonight during the @LatinGRAMMYs! \xf0\x9f\x92\x83\xf0\x9f\x8f\xbd\xf0\x9f\x99\x8c\xf0\x9f\x8f\xbc https://t.c\xe2\x80\xa6'
2018-11-15 19:23:13,b'RT @HereIsGina: So excited to share our first TV spot for #MissBala. Be sure to catch it tonight during the @LatinGRAMMYs! \xf0\x9f\x92\x83\xf0\x9f\x8f\xbd\xf0\x9f\x99\x8c\xf0\x9f\x8f\xbc https://t.c\xe2\x80\xa6'
2018-11-15 19:22:40,b'RT @HereIsGina: So excited to share our first TV spot for #MissBala. Be sure to catch it tonight during the @LatinGRAMMYs! \xf0\x9f\x92\x83\xf0\x9f\x8f\xbd\xf0\x9f\x99\x8c\xf0\x9f\x8f\xbc https://t.c\xe2\x80\xa6'
2018-11-15 19:21:21,b'RT @HereIsGina: So excited to share our first TV spot for #MissBala. Be sure to catch it tonight during the @LatinGRAMMYs! \xf0\x9f\x92\x83\xf0\x9f\x8f\xbd\xf0\x9f\x99\x8c\xf0\x9f\x8f\xbc https://t.c\xe2\x80\xa6'
2018-11-15 19:21:14,b'RT @HereIsGina: So excited to share our first TV spot for #MissBala. Be sure to catch it tonight during the @LatinGRAMMYs! \xf0\x9f\x92\x83\xf0\x9f\x8f\xbd\xf0\x9f\x99\x8c\xf0\x9f\x8f\xbc https://t.c\xe2\x80\xa6'
2018-11-15 19:21:12,b'RT @HereIsGina: So excited to share our first TV spot for #MissBala. Be sure to catch it tonight during the @LatinGRAMMYs! \xf0\x9f\x92\x83\xf0\x9f\x8f\xbd\xf0\x9f\x99\x8c\xf0\x9f\x8f\xbc https://t.c\xe2\x80\xa6'
2018-11-15 19:21:09,b'RT @HereIsGina: So excited to share our first TV spot for #MissBala. Be sure to catch it tonight during the @LatinGRAMMYs! \xf0\x9f\x92\x83\xf0\x9f\x8f\xbd\xf0\x9f\x99\x8c\xf0\x9f\x8f\xbc https://t.c\xe2\x80\xa6'
2018-11-15 19:18:55,b'RT @HereIsGina: So excited to share our first TV spot for #MissBala. Be sure to catch it tonight during the @LatinGRAMMYs! \xf0\x9f\x92\x83\xf0\x9f\x8f\xbd\xf0\x9f\x99\x8c\xf0\x9f\x8f\xbc https://t.c\xe2\x80\xa6'
2018-11-15 19:18:30,b'RT @HereIsGina: So excited to share our first TV spot for #MissBala. Be sure to catch it tonight during the @LatinGRAMMYs! \xf0\x9f\x92\x83\xf0\x9f\x8f\xbd\xf0\x9f\x99\x8c\xf0\x9f\x8f\xbc https://t.c\xe2\x80\xa6'
2018-11-15 19:18:23,b'RT @HereIsGina: So excited to share our first TV spot for #MissBala. Be sure to catch it tonight during the @LatinGRAMMYs! \xf0\x9f\x92\x83\xf0\x9f\x8f\xbd\xf0\x9f\x99\x8c\xf0\x9f\x8f\xbc https://t.c\xe2\x80\xa6'
2018-11-15 19:18:06,b'RT @HereIsGina: So excited to share our first TV spot for #MissBala. Be sure to catch it tonight during the @LatinGRAMMYs! \xf0\x9f\x92\x83\xf0\x9f\x8f\xbd\xf0\x9f\x99\x8c\xf0\x9f\x8f\xbc https://t.c\xe2\x80\xa6'
2018-11-15 19:17:55,b'RT @HereIsGina: So excited to share our first TV spot for #MissBala. Be sure to catch it tonight during the @LatinGRAMMYs! \xf0\x9f\x92\x83\xf0\x9f\x8f\xbd\xf0\x9f\x99\x8c\xf0\x9f\x8f\xbc https://t.c\xe2\x80\xa6'
2018-11-15 19:17:55,b'RT @HereIsGina: So excited to share our first TV spot for #MissBala. Be sure to catch it tonight during the @LatinGRAMMYs! \xf0\x9f\x92\x83\xf0\x9f\x8f\xbd\xf0\x9f\x99\x8c\xf0\x9f\x8f\xbc https://t.c\xe2\x80\xa6'
2018-11-15 19:17:30,b'RT @HereIsGina: So excited to share our first TV spot for #MissBala. Be sure to catch it tonight during the @LatinGRAMMYs! \xf0\x9f\x92\x83\xf0\x9f\x8f\xbd\xf0\x9f\x99\x8c\xf0\x9f\x8f\xbc https://t.c\xe2\x80\xa6'
2018-11-15 19:17:09,b'RT @HereIsGina: So excited to share our first TV spot for #MissBala. Be sure to catch it tonight during the @LatinGRAMMYs! \xf0\x9f\x92\x83\xf0\x9f\x8f\xbd\xf0\x9f\x99\x8c\xf0\x9f\x8f\xbc https://t.c\xe2\x80\xa6'
2018-11-15 19:17:04,b'RT @HereIsGina: So excited to share our first TV spot for #MissBala. Be sure to catch it tonight during the @LatinGRAMMYs! \xf0\x9f\x92\x83\xf0\x9f\x8f\xbd\xf0\x9f\x99\x8c\xf0\x9f\x8f\xbc https://t.c\xe2\x80\xa6'
2018-11-15 19:16:55,b'RT @HereIsGina: So excited to share our first TV spot for #MissBala. Be sure to catch it tonight during the @LatinGRAMMYs! \xf0\x9f\x92\x83\xf0\x9f\x8f\xbd\xf0\x9f\x99\x8c\xf0\x9f\x8f\xbc https://t.c\xe2\x80\xa6'
2018-11-15 19:16:27,b'RT @HereIsGina: So excited to share our first TV spot for #MissBala. Be sure to catch it tonight during the @LatinGRAMMYs! \xf0\x9f\x92\x83\xf0\x9f\x8f\xbd\xf0\x9f\x99\x8c\xf0\x9f\x8f\xbc https://t.c\xe2\x80\xa6'
2018-11-15 19:16:08,b'RT @HereIsGina: So excited to share our first TV spot for #MissBala. Be sure to catch it tonight during the @LatinGRAMMYs! \xf0\x9f\x92\x83\xf0\x9f\x8f\xbd\xf0\x9f\x99\x8c\xf0\x9f\x8f\xbc https://t.c\xe2\x80\xa6'
2018-11-15 19:15:57,b'RT @HereIsGina: So excited to share our first TV spot for #MissBala. Be sure to catch it tonight during the @LatinGRAMMYs! \xf0\x9f\x92\x83\xf0\x9f\x8f\xbd\xf0\x9f\x99\x8c\xf0\x9f\x8f\xbc https://t.c\xe2\x80\xa6'
2018-11-15 19:15:46,b'RT @HereIsGina: So excited to share our first TV spot for #MissBala. Be sure to catch it tonight during the @LatinGRAMMYs! \xf0\x9f\x92\x83\xf0\x9f\x8f\xbd\xf0\x9f\x99\x8c\xf0\x9f\x8f\xbc https://t.c\xe2\x80\xa6'
2018-11-15 19:15:43,b'RT @HereIsGina: So excited to share our first TV spot for #MissBala. Be sure to catch it tonight during the @LatinGRAMMYs! \xf0\x9f\x92\x83\xf0\x9f\x8f\xbd\xf0\x9f\x99\x8c\xf0\x9f\x8f\xbc https://t.c\xe2\x80\xa6'
2018-11-15 19:15:23,b'RT @HereIsGina: So excited to share our first TV spot for #MissBala. Be sure to catch it tonight during the @LatinGRAMMYs! \xf0\x9f\x92\x83\xf0\x9f\x8f\xbd\xf0\x9f\x99\x8c\xf0\x9f\x8f\xbc https://t.c\xe2\x80\xa6'
2018-11-15 19:15:10,b'RT @HereIsGina: So excited to share our first TV spot for #MissBala. Be sure to catch it tonight during the @LatinGRAMMYs! \xf0\x9f\x92\x83\xf0\x9f\x8f\xbd\xf0\x9f\x99\x8c\xf0\x9f\x8f\xbc https://t.c\xe2\x80\xa6'
2018-11-15 19:14:57,b'RT @HereIsGina: So excited to share our first TV spot for #MissBala. Be sure to catch it tonight during the @LatinGRAMMYs! \xf0\x9f\x92\x83\xf0\x9f\x8f\xbd\xf0\x9f\x99\x8c\xf0\x9f\x8f\xbc https://t.c\xe2\x80\xa6'
2018-11-15 19:14:46,b'RT @HereIsGina: So excited to share our first TV spot for #MissBala. Be sure to catch it tonight during the @LatinGRAMMYs! \xf0\x9f\x92\x83\xf0\x9f\x8f\xbd\xf0\x9f\x99\x8c\xf0\x9f\x8f\xbc https://t.c\xe2\x80\xa6'
2018-11-15 19:14:38,b'RT @HereIsGina: So excited to share our first TV spot for #MissBala. Be sure to catch it tonight during the @LatinGRAMMYs! \xf0\x9f\x92\x83\xf0\x9f\x8f\xbd\xf0\x9f\x99\x8c\xf0\x9f\x8f\xbc https://t.c\xe2\x80\xa6'
2018-11-15 19:14:28,b'RT @HereIsGina: So excited to share our first TV spot for #MissBala. Be sure to catch it tonight during the @LatinGRAMMYs! \xf0\x9f\x92\x83\xf0\x9f\x8f\xbd\xf0\x9f\x99\x8c\xf0\x9f\x8f\xbc https://t.c\xe2\x80\xa6'
2018-11-15 19:14:25,b'RT @HereIsGina: So excited to share our first TV spot for #MissBala. Be sure to catch it tonight during the @LatinGRAMMYs! \xf0\x9f\x92\x83\xf0\x9f\x8f\xbd\xf0\x9f\x99\x8c\xf0\x9f\x8f\xbc https://t.c\xe2\x80\xa6'
2018-11-15 19:13:42,b'RT @HereIsGina: So excited to share our first TV spot for #MissBala. Be sure to catch it tonight during the @LatinGRAMMYs! \xf0\x9f\x92\x83\xf0\x9f\x8f\xbd\xf0\x9f\x99\x8c\xf0\x9f\x8f\xbc https://t.c\xe2\x80\xa6'
2018-11-15 19:13:39,"b""@HereIsGina @LatinGRAMMYs You are such a BOSS in #MissBala can't wait to see it"""
2018-11-15 19:13:34,b'RT @HereIsGina: So excited to share our first TV spot for #MissBala. Be sure to catch it tonight during the @LatinGRAMMYs! \xf0\x9f\x92\x83\xf0\x9f\x8f\xbd\xf0\x9f\x99\x8c\xf0\x9f\x8f\xbc https://t.c\xe2\x80\xa6'
2018-11-15 19:13:19,b'RT @HereIsGina: So excited to share our first TV spot for #MissBala. Be sure to catch it tonight during the @LatinGRAMMYs! \xf0\x9f\x92\x83\xf0\x9f\x8f\xbd\xf0\x9f\x99\x8c\xf0\x9f\x8f\xbc https://t.c\xe2\x80\xa6'
2018-11-15 19:13:16,b'RT @HereIsGina: So excited to share our first TV spot for #MissBala. Be sure to catch it tonight during the @LatinGRAMMYs! \xf0\x9f\x92\x83\xf0\x9f\x8f\xbd\xf0\x9f\x99\x8c\xf0\x9f\x8f\xbc https://t.c\xe2\x80\xa6'
2018-11-15 19:12:46,b'RT @HereIsGina: So excited to share our first TV spot for #MissBala. Be sure to catch it tonight during the @LatinGRAMMYs! \xf0\x9f\x92\x83\xf0\x9f\x8f\xbd\xf0\x9f\x99\x8c\xf0\x9f\x8f\xbc https://t.c\xe2\x80\xa6'
2018-11-15 19:12:21,b'RT @HereIsGina: So excited to share our first TV spot for #MissBala. Be sure to catch it tonight during the @LatinGRAMMYs! \xf0\x9f\x92\x83\xf0\x9f\x8f\xbd\xf0\x9f\x99\x8c\xf0\x9f\x8f\xbc https://t.c\xe2\x80\xa6'
2018-11-15 19:11:43,b'RT @HereIsGina: So excited to share our first TV spot for #MissBala. Be sure to catch it tonight during the @LatinGRAMMYs! \xf0\x9f\x92\x83\xf0\x9f\x8f\xbd\xf0\x9f\x99\x8c\xf0\x9f\x8f\xbc https://t.c\xe2\x80\xa6'
2018-11-15 19:11:41,b'RT @HereIsGina: So excited to share our first TV spot for #MissBala. Be sure to catch it tonight during the @LatinGRAMMYs! \xf0\x9f\x92\x83\xf0\x9f\x8f\xbd\xf0\x9f\x99\x8c\xf0\x9f\x8f\xbc https://t.c\xe2\x80\xa6'
2018-11-15 19:11:11,b'RT @HereIsGina: So excited to share our first TV spot for #MissBala. Be sure to catch it tonight during the @LatinGRAMMYs! \xf0\x9f\x92\x83\xf0\x9f\x8f\xbd\xf0\x9f\x99\x8c\xf0\x9f\x8f\xbc https://t.c\xe2\x80\xa6'
2018-11-15 19:11:09,b'RT @HereIsGina: So excited to share our first TV spot for #MissBala. Be sure to catch it tonight during the @LatinGRAMMYs! \xf0\x9f\x92\x83\xf0\x9f\x8f\xbd\xf0\x9f\x99\x8c\xf0\x9f\x8f\xbc https://t.c\xe2\x80\xa6'
2018-11-15 19:11:05,b'RT @HereIsGina: So excited to share our first TV spot for #MissBala. Be sure to catch it tonight during the @LatinGRAMMYs! \xf0\x9f\x92\x83\xf0\x9f\x8f\xbd\xf0\x9f\x99\x8c\xf0\x9f\x8f\xbc https://t.c\xe2\x80\xa6'
2018-11-15 19:10:57,b'So excited to share our first TV spot for #MissBala. Be sure to catch it tonight during the @LatinGRAMMYs! \xf0\x9f\x92\x83\xf0\x9f\x8f\xbd\xf0\x9f\x99\x8c\xf0\x9f\x8f\xbc https://t.co/swowe6KCVP'
2018-11-15 18:40:09,"b""When anyone asks what I'm most looking forward to in 2019, the answer is easy: watching mi amiga be the kick-ass mo\xe2\x80\xa6 https://t.co/jUdHZ1PMmF"""
2018-11-15 17:21:05,b'Looking forward to this American remake of Miss Bala. The original film @@missbalafilm is a masterpiece. #MissBala\nhttps://t.co/M5JzcHMWG7'
2018-11-14 13:07:10,b'More women kicking ass please.  2.1.19. #MissBala https://t.co/EPlM8vKtge'
2018-11-14 12:19:20,b'RT @MissBala: Plan every move. Play every side. Risk everything. Gina Rodriguez is #MissBala\xe2\x80\x93 in theaters February 1. https://t.co/6yuUY6w6\xe2\x80\xa6'
2018-11-13 18:05:41,b'Not even gonna lie the opening of the trailer for #MissBala was triggering.'
