2018-11-24 08:38:59,b'RT @OnlyFilmMedia: Latest international poster for #Replicas (2018 film).\n#KeanuReeves. https://t.co/aNZn67R7g7'
2018-11-24 08:29:06,"b'RT @Mangostone01: Just received the new 2019 Kay\xe2\x80\x99s Art Diary, with our new colour add.... #sets #props #models #cfx #sfx #replicas #creatur\xe2\x80\xa6'"
2018-11-24 07:57:24,b'RT @OnlyFilmMedia: Latest international poster for #Replicas (2018 film).\n#KeanuReeves. https://t.co/aNZn67R7g7'
2018-11-24 01:03:55,b'RT @OnlyFilmMedia: Latest international poster for #Replicas (2018 film).\n#KeanuReeves. https://t.co/aNZn67R7g7'
2018-11-23 23:33:46,"b'I put this on and halfway through the first song, the Boy came into the room and asked, ""What is this? It sounds li\xe2\x80\xa6 https://t.co/qzc6ZT9xbS'"
2018-11-23 21:15:15,"b'Coming out Nov 30, 2018: Replicas,\nA scientist becomes obsessed with bringing back his family members who died in a\xe2\x80\xa6 https://t.co/jL9QFH9M2B'"
2018-11-23 17:16:59,b'RT @OnlyFilmMedia: Latest international poster for #Replicas (2018 film).\n#KeanuReeves. https://t.co/aNZn67R7g7'
2018-11-23 17:16:56,b'RT @PoklukarJ: @Regran_ed from @angelofberlin2000  -  \xf0\x9f\x98\xa2\xf0\x9f\x98\xaa\n#keanureeves #replicas   - https://t.co/gmRCou5xU2'
2018-11-23 15:00:25,"b'RT @artofjosevega: Hey guys, this is the released poster fo the first movie I worked on as a concept artist. I really enjoyed the experienc\xe2\x80\xa6'"
2018-11-23 14:56:15,"b'Hey guys, this is the released poster fo the first movie I worked on as a concept artist. I really enjoyed the expe\xe2\x80\xa6 https://t.co/EJJuX58Z52'"
2018-11-23 13:32:48,b'RT @OnlyFilmMedia: Latest international poster for #Replicas (2018 film).\n#KeanuReeves. https://t.co/aNZn67R7g7'
2018-11-23 13:17:47,b'RT @OnlyFilmMedia: Latest international poster for #Replicas (2018 film).\n#KeanuReeves. https://t.co/aNZn67R7g7'
2018-11-23 13:17:27,b'RT @OnlyFilmMedia: Latest international poster for #Replicas (2018 film).\n#KeanuReeves. https://t.co/aNZn67R7g7'
2018-11-23 13:02:02,b'Make a start on your Christmas shopping with our special #BlackFriday online discount of 30% off selected replica a\xe2\x80\xa6 https://t.co/ySi8iuH1Uj'
2018-11-23 12:43:04,b'RT @OnlyFilmMedia: Latest international poster for #Replicas (2018 film).\n#KeanuReeves. https://t.co/aNZn67R7g7'
2018-11-23 11:23:57,"b'RT @Fandango: Keanu Reeves returns to sci-fi in the brand new trailer for #Replicas. \nDoes the trailer get a ""whoa""? https://t.co/kmnlvCvFJM'"
2018-11-23 11:23:46,b'RT @OnlyFilmMedia: Latest international poster for #Replicas (2018 film).\n#KeanuReeves. https://t.co/aNZn67R7g7'
2018-11-23 08:32:15,b'RT @PoklukarJ: @Regran_ed from @angelofberlin2000  -  \xf0\x9f\x98\xa2\xf0\x9f\x98\xaa\n#keanureeves #replicas   - https://t.co/gmRCou5xU2'
2018-11-23 07:05:03,b'RT @PoklukarJ: @Regran_ed from @angelofberlin2000  -  \xf0\x9f\x98\xa2\xf0\x9f\x98\xaa\n#keanureeves #replicas   - https://t.co/gmRCou5xU2'
2018-11-23 05:20:10,b'@Regran_ed from @angelofberlin2000  -  \xf0\x9f\x98\xa2\xf0\x9f\x98\xaa\n#keanureeves #replicas   - https://t.co/gmRCou5xU2'
2018-11-23 02:16:28,b'RT @FilmBookdotCom: #Replicas (2018) Movie Trailer 3: #KeanuReeves Breaks the Ban on Human Cloning https://t.co/4JzqUz9sBp https://t.co/Rey\xe2\x80\xa6'
2018-11-23 02:15:09,b'RT @CircleK_Fans: Here Are REPLICAS New Trailer And New Poster with Keanu Reeves #KeanuReeves #Replicas #Movie https://t.co/X0tEW9F2wM http\xe2\x80\xa6'
2018-11-23 01:51:08,b'RT @Keanuital: Thanks! #keanureeves #replicas https://t.co/8wEGAOPcrJ'
2018-11-23 01:27:14,b'Replicas (2018 movie) TRAILER\n\nWATCH: https://t.co/CTlgZu57a9\n\n#replicas #startattle #movie #trailer #2018movie\xe2\x80\xa6 https://t.co/znQ27GAJCY'
2018-11-22 22:23:24,b'RT @Keanuital: Thanks! #keanureeves #replicas https://t.co/8wEGAOPcrJ'
2018-11-22 22:01:22,b'Hey Twitter I make cool stuff #replicas #godofwar #cosplay https://t.co/g6U8298L5G'
2018-11-22 20:36:07,b'RT @keanu__planet: \xf0\x9f\x8e\xacReplicas Playlist \xe2\x9d\xa4\n#keanureeves\n#replicas\n#replicasmovie\n\nTrailers and more on YouTube Channel Keanu Planet (non-profi\xe2\x80\xa6'
2018-11-22 20:33:20,"b'RT @keanu__planet: New pictures (edited) of #keanureeves in \xf0\x9f\x8e\xacReplicas \xf0\x9f\x92\x96 \n\nRelease dates in 3rd pic (already in Cinemas in Russia, Latvia, M\xe2\x80\xa6'"
2018-11-22 20:33:14,b'RT @OnlyFilmMedia: Latest international poster for #Replicas (2018 film).\n#KeanuReeves. https://t.co/aNZn67R7g7'
2018-11-22 20:05:00,b'#KeanuReeves literally resurrects his family in the upcoming thriller #Replicas. Check out the trailer:\xe2\x80\xa6 https://t.co/tzRvZkmgo6'
2018-11-22 20:03:53,"b'RT @FilmesRome: The film #Replicas OFFICIAL TRAILER Starring #KeanuReeves In Theaters January 11, 2019 https://t.co/ISfmr8wu2U via @YouTube\xe2\x80\xa6'"
2018-11-22 20:02:39,"b'The film #Replicas OFFICIAL TRAILER Starring #KeanuReeves In Theaters January 11, 2019 https://t.co/ISfmr8wu2U via @YouTube @ESGlobalMedia'"
2018-11-22 19:36:10,b'RT @keanu__planet: \xf0\x9f\x8e\xacReplicas \n#keanureeves talking about the movie... \xf0\x9f\x92\x96\nThanks to @mr_reeves_blog \xf0\x9f\x99\x8f\xf0\x9f\x91\x8d\n#replicas \n#replicasmovie https://t.co\xe2\x80\xa6'
2018-11-22 18:53:43,b'RT @keanu__planet: \xf0\x9f\x8e\xacReplicas \n#keanureeves talking about the movie... \xf0\x9f\x92\x96\nThanks to @mr_reeves_blog \xf0\x9f\x99\x8f\xf0\x9f\x91\x8d\n#replicas \n#replicasmovie https://t.co\xe2\x80\xa6'
2018-11-22 17:48:18,b'RT @OnlyFilmMedia: Latest international poster for #Replicas (2018 film).\n#KeanuReeves. https://t.co/aNZn67R7g7'
2018-11-22 17:41:43,"b'RT @keanu__planet: New pictures (edited) of #keanureeves in \xf0\x9f\x8e\xacReplicas \xf0\x9f\x92\x96 \n\nRelease dates in 3rd pic (already in Cinemas in Russia, Latvia, M\xe2\x80\xa6'"
2018-11-22 17:41:08,b'RT @OnlyFilmMedia: Latest international poster for #Replicas (2018 film).\n#KeanuReeves. https://t.co/aNZn67R7g7'
2018-11-22 17:12:01,b'RT @Keanuital: Thanks! #keanureeves #replicas https://t.co/8wEGAOPcrJ'
2018-11-22 16:53:33,"b'RT @keanu__planet: New pictures (edited) of #keanureeves in \xf0\x9f\x8e\xacReplicas \xf0\x9f\x92\x96 \n\nRelease dates in 3rd pic (already in Cinemas in Russia, Latvia, M\xe2\x80\xa6'"
2018-11-22 16:52:21,b'\xf0\x9f\x8e\xacReplicas Playlist \xe2\x9d\xa4\n#keanureeves\n#replicas\n#replicasmovie\n\nTrailers and more on YouTube Channel Keanu Planet (non-\xe2\x80\xa6 https://t.co/mT9Z9W3grz'
2018-11-22 16:41:58,"b'RT @keanu__planet: New pictures (edited) of #keanureeves in \xf0\x9f\x8e\xacReplicas \xf0\x9f\x92\x96 \n\nRelease dates in 3rd pic (already in Cinemas in Russia, Latvia, M\xe2\x80\xa6'"
2018-11-22 16:37:47,"b'New pictures (edited) of #keanureeves in \xf0\x9f\x8e\xacReplicas \xf0\x9f\x92\x96 \n\nRelease dates in 3rd pic (already in Cinemas in Russia, Latv\xe2\x80\xa6 https://t.co/BKobmFVOR2'"
2018-11-22 16:14:26,b'\xf0\x9f\x8e\xacReplicas \n#keanureeves talking about the movie... \xf0\x9f\x92\x96\nThanks to @mr_reeves_blog \xf0\x9f\x99\x8f\xf0\x9f\x91\x8d\n#replicas \n#replicasmovie https://t.co/NNsJqxerMz'
2018-11-22 15:56:58,b'RT @Keanuital: Thanks! #keanureeves #replicas https://t.co/8wEGAOPcrJ'
2018-11-22 15:32:32,b'Thanks! #keanureeves #replicas https://t.co/8wEGAOPcrJ'
2018-11-22 15:15:14,b'Here is a halter bridal gown with beautiful embroidery. Have this #wedding dress made as shown or with any changes.\xe2\x80\xa6 https://t.co/Aj7e4t9Kga'
2018-11-22 14:57:56,b'RT @okka_nyan: \xe2\x80\x98Replicas\xe2\x80\x99 Trailer: Keanu Reeves Defies Every Law Of Nature To Get His Family Back \nhttps://t.co/UGSLealIi5 @deadline\n#Keanu\xe2\x80\xa6'
2018-11-22 14:12:49,"b'RT @Mangostone01: Just received the new 2019 Kay\xe2\x80\x99s Art Diary, with our new colour add.... #sets #props #models #cfx #sfx #replicas #creatur\xe2\x80\xa6'"
2018-11-22 14:10:52,"b'Just received the new 2019 Kay\xe2\x80\x99s Art Diary, with our new colour add.... #sets #props #models #cfx #sfx #replicas\xe2\x80\xa6 https://t.co/54lrOF3bpf'"
2018-11-22 14:08:59,"b'@cara_claire Same, check our add on page 139... #sets #props #models #sfx #creatures #replicas #animatronics and so\xe2\x80\xa6 https://t.co/xVHXFCOdnP'"
2018-11-22 13:27:52,b'RT @tracksuitplugz: More PSG Tracksuits...Follow is on Instagram @tracksuitplugz for more...#PSG #Tracksuit #Replicas #AUSvIND #Thanksgivin\xe2\x80\xa6'
2018-11-22 12:43:42,b'RT @TheYungCritic: Lmao i thought this was a poster from some random keanu movie in the 2000\xe2\x80\x99s but this is a movie that is actually coming\xe2\x80\xa6'
2018-11-22 11:15:45,b'Lmao i thought this was a poster from some random keanu movie in the 2000\xe2\x80\x99s but this is a movie that is actually co\xe2\x80\xa6 https://t.co/3OxQZJ5gaN'
2018-11-22 10:25:57,"b'RT @TheGeeksCore: NEW TRAILER: Keanu Reeves brings back his family to life in a new Sci-Fi movie, #Replicas  https://t.co/68jICj1bg4'"
2018-11-22 10:21:21,"b'RT @ThePlaylist: ""It will be like it never happened.""\n#Replicas Trailer with #KeanuReeves https://t.co/lehWaVXtpE https://t.co/ItZOyaJK0d'"
2018-11-22 08:45:19,"b'RT @ThePlaylist: ""It will be like it never happened.""\n#Replicas Trailer with #KeanuReeves https://t.co/lehWaVXtpE https://t.co/ItZOyaJK0d'"
2018-11-22 08:36:50,b'More PSG Tracksuits...Follow is on Instagram @tracksuitplugz for more...#PSG #Tracksuit #Replicas #AUSvIND\xe2\x80\xa6 https://t.co/CXOIfN43oU'
2018-11-22 08:16:10,b'RT @OnlyFilmMedia: Latest international poster for #Replicas (2018 film).\n#KeanuReeves. https://t.co/aNZn67R7g7'
2018-11-22 07:12:58,"b'RT @ThePlaylist: ""It will be like it never happened.""\n#Replicas Trailer with #KeanuReeves https://t.co/lehWaVXtpE https://t.co/ItZOyaJK0d'"
2018-11-22 06:53:41,b'RT @OnlyFilmMedia: Latest international poster for #Replicas (2018 film).\n#KeanuReeves. https://t.co/aNZn67R7g7'
2018-11-22 03:48:17,b'RT @OnlyFilmMedia: Latest international poster for #Replicas (2018 film).\n#KeanuReeves. https://t.co/aNZn67R7g7'
2018-11-22 03:35:15,b'RT @filmaniaindo: #Replicas Official Poster &amp; Trailer https://t.co/Z2fmANtYau https://t.co/7jtQRkijss'
2018-11-22 03:08:17,"b'RT @ThePlaylist: ""It will be like it never happened.""\n#Replicas Trailer with #KeanuReeves https://t.co/lehWaVXtpE https://t.co/ItZOyaJK0d'"
2018-11-22 02:19:35,"b'RT @ThePlaylist: ""It will be like it never happened.""\n#Replicas Trailer with #KeanuReeves https://t.co/lehWaVXtpE https://t.co/ItZOyaJK0d'"
2018-11-22 01:27:17,"b'RT @ThePlaylist: ""It will be like it never happened.""\n#Replicas Trailer with #KeanuReeves https://t.co/lehWaVXtpE https://t.co/ItZOyaJK0d'"
2018-11-22 01:03:49,b'RT @OnlyFilmMedia: Latest international poster for #Replicas (2018 film).\n#KeanuReeves. https://t.co/aNZn67R7g7'
2018-11-22 00:41:43,"b'RT @TheGeeksCore: NEW TRAILER: Keanu Reeves brings back his family to life in a new Sci-Fi movie, #Replicas  https://t.co/68jICj1bg4'"
2018-11-22 00:29:22,b'RT @OnlyFilmMedia: Latest international poster for #Replicas (2018 film).\n#KeanuReeves. https://t.co/aNZn67R7g7'
2018-11-22 00:25:25,b'RT @OnlyFilmMedia: Latest international poster for #Replicas (2018 film).\n#KeanuReeves. https://t.co/aNZn67R7g7'
2018-11-21 23:55:45,b'RT @SkeltonCrew: ICYMI!\n\nOur new Anywhere Key will be going live on the site at 12:01 a.m. EST on Friday &amp; the first 300 signed by @joe_hil\xe2\x80\xa6'
2018-11-21 23:43:09,b'Latest international poster for #Replicas (2018 film).\n#KeanuReeves. https://t.co/aNZn67R7g7'
2018-11-21 22:51:07,b'Keanu Reeves Plays God In New Trailer For Sci-fi Thriller #Replicas  https://t.co/gFQuQzPxqb https://t.co/kkToDEB99p'
2018-11-21 20:56:42,"b'RT @ThePlaylist: ""It will be like it never happened.""\n#Replicas Trailer with #KeanuReeves https://t.co/lehWaVXtpE https://t.co/ItZOyaJK0d'"
2018-11-21 19:45:41,b'RT @SkeltonCrew: ICYMI!\n\nOur new Anywhere Key will be going live on the site at 12:01 a.m. EST on Friday &amp; the first 300 signed by @joe_hil\xe2\x80\xa6'
2018-11-21 19:41:42,"b""RT @mr_reeves_blog: Another New Trailer for Sci-Fi Film 'Replicas' Starring Keanu Reeves https://t.co/esqL6v3KHI via @firstshowing #Replica\xe2\x80\xa6"""
2018-11-21 19:38:16,"b'RT @TheGeeksCore: NEW TRAILER: Keanu Reeves brings back his family to life in a new Sci-Fi movie, #Replicas  https://t.co/68jICj1bg4'"
2018-11-21 19:30:00,b'ICYMI!\n\nOur new Anywhere Key will be going live on the site at 12:01 a.m. EST on Friday &amp; the first 300 signed by\xe2\x80\xa6 https://t.co/sRraCxRDZn'
2018-11-21 19:28:58,b'RT @mr_reeves_blog: Gallery of 17 Replica stills - decent size - includes new ones from today &amp; Chinese poster https://t.co/Jm5bU2qcwL #Rep\xe2\x80\xa6'
2018-11-21 19:18:39,b'Be sure to take advantage of our Free Shipping Promo this holiday weekend too!\n\nhttps://t.co/V8TjTBnFeE\xe2\x80\xa6 https://t.co/IvAT8O1c8e'
2018-11-21 18:34:33,"b'RT @TheGeeksCore: NEW TRAILER: Keanu Reeves brings back his family to life in a new Sci-Fi movie, #Replicas  https://t.co/68jICj1bg4'"
2018-11-21 18:17:58,b'RT @FilmBookdotCom: #Replicas (2018) Movie Trailer 3: #KeanuReeves Breaks the Ban on Human Cloning https://t.co/4JzqUz9sBp https://t.co/Rey\xe2\x80\xa6'
2018-11-21 18:17:56,"b'RT @TheGeeksCore: NEW TRAILER: Keanu Reeves brings back his family to life in a new Sci-Fi movie, #Replicas  https://t.co/68jICj1bg4'"
2018-11-21 18:13:19,b'RT @CultureCrave: \xf0\x9f\x8e\xa5 Keanu Reeves brings his family back to life in new trailer for #Replicas https://t.co/Z6vGk7DJRQ'
2018-11-21 17:30:07,b'#Replicas trailer: Keanu Reeves defies every law of nature to get his family back https://t.co/Iq1cZnt6wS #ReplicasMovie #JKMETROMEDIA'
2018-11-21 17:18:28,"b'RT @ThePlaylist: ""It will be like it never happened.""\n#Replicas Trailer with #KeanuReeves https://t.co/lehWaVXtpE https://t.co/ItZOyaJK0d'"
2018-11-21 17:13:16,"b'RT @ThePlaylist: ""It will be like it never happened.""\n#Replicas Trailer with #KeanuReeves https://t.co/lehWaVXtpE https://t.co/ItZOyaJK0d'"
2018-11-21 17:09:47,"b'RT @ThePlaylist: ""It will be like it never happened.""\n#Replicas Trailer with #KeanuReeves https://t.co/lehWaVXtpE https://t.co/ItZOyaJK0d'"
2018-11-21 17:00:10,"b'RT @MyFilmClub: Check out new trailer and poster for #Replicas, sci-fi film starring #KeanuReeves and #AliceEve. https://t.co/J68T3ouxKM ht\xe2\x80\xa6'"
2018-11-21 16:04:35,b'RT @Minnesota_MB: \xe2\x80\x9cSome Humans Are Unstoppable\xe2\x80\x9d\n\n1.11.19\n\n#Replicas https://t.co/PeHSF8Tu4j'
2018-11-21 16:03:47,b'\xe2\x80\x9cSome Humans Are Unstoppable\xe2\x80\x9d\n\n1.11.19\n\n#Replicas https://t.co/PeHSF8Tu4j'
2018-11-21 16:03:16,"b'RT @ThePlaylist: ""It will be like it never happened.""\n#Replicas Trailer with #KeanuReeves https://t.co/lehWaVXtpE https://t.co/ItZOyaJK0d'"
2018-11-21 15:47:22,"b'RT @ThePlaylist: ""It will be like it never happened.""\n#Replicas Trailer with #KeanuReeves https://t.co/lehWaVXtpE https://t.co/ItZOyaJK0d'"
2018-11-21 15:37:19,"b'RT @ThePlaylist: ""It will be like it never happened.""\n#Replicas Trailer with #KeanuReeves https://t.co/lehWaVXtpE https://t.co/ItZOyaJK0d'"
2018-11-21 15:31:09,"b'""It will be like it never happened.""\n#Replicas Trailer with #KeanuReeves https://t.co/lehWaVXtpE https://t.co/ItZOyaJK0d'"
2018-11-21 15:14:58,"b'RT @TheGeeksCore: NEW TRAILER: Keanu Reeves brings back his family to life in a new Sci-Fi movie, #Replicas  https://t.co/68jICj1bg4'"
2018-11-21 15:09:15,b'RT @CultureCrave: \xf0\x9f\x8e\xa5 Keanu Reeves brings his family back to life in new trailer for #Replicas https://t.co/Z6vGk7DJRQ'
2018-11-21 14:58:58,"b'RT @TheGeeksCore: NEW TRAILER: Keanu Reeves brings back his family to life in a new Sci-Fi movie, #Replicas  https://t.co/68jICj1bg4'"
2018-11-21 14:50:57,b'#KeanuReeves Plays God in the Newest Trailer for the Thriller #Replicas! Coming January 11th!\xe2\x80\xa6 https://t.co/ZMUrm5XmwU'
2018-11-21 14:49:19,"b'RT @TheGeeksCore: NEW TRAILER: Keanu Reeves brings back his family to life in a new Sci-Fi movie, #Replicas  https://t.co/68jICj1bg4'"
2018-11-21 14:31:49,b'RT @SkeltonCrew: Also going live this Friday at 12:01 a.m. EST....\n\nThe Limited Edition Head Key \xf0\x9f\x97\x9d\xef\xb8\x8f \n\nhttps://t.co/924h6R6J9q\n\n@joe_hill #G\xe2\x80\xa6'
2018-11-21 14:10:55,"b'RT @RottenTomatoes: ""Some humans are unstoppable"" New #Replicas poster recognizes the true power of Keanu. https://t.co/ot7YPKLJo3'"
2018-11-21 13:51:16,b'REPLICAS Trailer # 3 (NEW 2018) Keanu Reeves Sci-Fi Movie HD\n\nhttps://t.co/XgZtRy3qSQ\n\nWatch new trailer of\xe2\x80\xa6 https://t.co/J2PeGkOxeh'
2018-11-21 13:34:34,"b'RT @TheGeeksCore: NEW TRAILER: Keanu Reeves brings back his family to life in a new Sci-Fi movie, #Replicas  https://t.co/68jICj1bg4'"
2018-11-21 13:03:57,"b'RT @SCENECUT: We are ready, Keanu!!!!! #Replicas https://t.co/WcUn05wznD'"
2018-11-21 13:03:29,"b'RT @TheGeeksCore: NEW TRAILER: Keanu Reeves brings back his family to life in a new Sci-Fi movie, #Replicas  https://t.co/68jICj1bg4'"
2018-11-21 13:02:06,b'Visit our online shop for our exclusive #BlackFriday discount of 30% off selected arms and amour until 26 November.\xe2\x80\xa6 https://t.co/NgCXvlhYby'
2018-11-21 12:35:08,b'RT @CircleK_Fans: #Repost @liveforfilms\nMade by @Image.Downloader\n\xc2\xb7 \xc2\xb7 \xc2\xb7 \xc2\xb7\nWatch Keanu Reeves in the new trailer for Replicas  https://t.co/\xe2\x80\xa6'
2018-11-21 12:34:45,"b'RT @TheGeeksCore: NEW TRAILER: Keanu Reeves brings back his family to life in a new Sci-Fi movie, #Replicas  https://t.co/68jICj1bg4'"
2018-11-21 12:23:59,b'RT @filmaniaindo: #Replicas Official Poster &amp; Trailer https://t.co/Z2fmANtYau https://t.co/7jtQRkijss'
2018-11-21 12:20:36,b'RT @CultureCrave: \xf0\x9f\x8e\xa5 Keanu Reeves brings his family back to life in new trailer for #Replicas https://t.co/Z6vGk7DJRQ'
2018-11-21 12:15:16,b'RT @CultureCrave: \xf0\x9f\x8e\xa5 Keanu Reeves brings his family back to life in new trailer for #Replicas https://t.co/Z6vGk7DJRQ'
2018-11-21 11:57:10,b'RT @SCENECUT: Trailer for #Replicas:  https://t.co/GFdkkRFO2G'
2018-11-21 11:35:25,"b'RT @TheGeeksCore: NEW TRAILER: Keanu Reeves brings back his family to life in a new Sci-Fi movie, #Replicas  https://t.co/68jICj1bg4'"
2018-11-21 11:05:24,"b'RT @TheGeeksCore: NEW TRAILER: Keanu Reeves brings back his family to life in a new Sci-Fi movie, #Replicas  https://t.co/68jICj1bg4'"
2018-11-21 10:27:11,"b'RT @TheGeeksCore: NEW TRAILER: Keanu Reeves brings back his family to life in a new Sci-Fi movie, #Replicas  https://t.co/68jICj1bg4'"
2018-11-21 10:21:53,"b'RT @TheGeeksCore: NEW TRAILER: Keanu Reeves brings back his family to life in a new Sci-Fi movie, #Replicas  https://t.co/68jICj1bg4'"
2018-11-21 10:17:07,"b'RT @TheGeeksCore: NEW TRAILER: Keanu Reeves brings back his family to life in a new Sci-Fi movie, #Replicas  https://t.co/68jICj1bg4'"
2018-11-21 10:03:08,"b'RT @TheGeeksCore: NEW TRAILER: Keanu Reeves brings back his family to life in a new Sci-Fi movie, #Replicas  https://t.co/68jICj1bg4'"
2018-11-21 10:00:52,"b'RT @TheGeeksCore: NEW TRAILER: Keanu Reeves brings back his family to life in a new Sci-Fi movie, #Replicas  https://t.co/68jICj1bg4'"
2018-11-21 09:52:59,"b'RT @TheGeeksCore: NEW TRAILER: Keanu Reeves brings back his family to life in a new Sci-Fi movie, #Replicas  https://t.co/68jICj1bg4'"
2018-11-21 08:16:44,b'RT @OnlyFilmMedia: The new poster for #ReplicasMovie is here!\n#KeanuReeves #Replicas. https://t.co/K9TVE7lCIu'
2018-11-21 07:45:26,b'RT @CultureCrave: \xf0\x9f\x8e\xa5 Keanu Reeves brings his family back to life in new trailer for #Replicas https://t.co/Z6vGk7DJRQ'
2018-11-21 07:44:18,b'RT @CircleK_Fans: #Repost @liveforfilms\nMade by @Image.Downloader\n\xc2\xb7 \xc2\xb7 \xc2\xb7 \xc2\xb7\nWatch Keanu Reeves in the new trailer for Replicas  https://t.co/\xe2\x80\xa6'
2018-11-21 07:41:48,b'RT @filmaniaindo: #Replicas Official Poster &amp; Trailer https://t.co/Z2fmANtYau https://t.co/7jtQRkijss'
2018-11-21 07:35:25,b'RT @filmaniaindo: #Replicas Official Poster &amp; Trailer https://t.co/Z2fmANtYau https://t.co/7jtQRkijss'
2018-11-21 07:16:57,"b'RT @TheGeeksCore: NEW TRAILER: Keanu Reeves brings back his family to life in a new Sci-Fi movie, #Replicas  https://t.co/68jICj1bg4'"
2018-11-21 06:50:49,"b'RT @TheGeeksCore: NEW TRAILER: Keanu Reeves brings back his family to life in a new Sci-Fi movie, #Replicas  https://t.co/68jICj1bg4'"
2018-11-21 06:45:14,"b'RT @RottenTomatoes: ""Some humans are unstoppable"" New #Replicas poster recognizes the true power of Keanu. https://t.co/ot7YPKLJo3'"
2018-11-21 06:34:48,b'#Replicas Official Poster &amp; Trailer https://t.co/Z2fmANtYau https://t.co/7jtQRkijss'
2018-11-21 06:07:20,"b'RT @TheGeeksCore: NEW TRAILER: Keanu Reeves brings back his family to life in a new Sci-Fi movie, #Replicas  https://t.co/68jICj1bg4'"
2018-11-21 05:54:15,b'RT @OnlyFilmMedia: The new poster for #ReplicasMovie is here!\n#KeanuReeves #Replicas. https://t.co/K9TVE7lCIu'
2018-11-21 05:49:23,"b'RT @TheGeeksCore: NEW TRAILER: Keanu Reeves brings back his family to life in a new Sci-Fi movie, #Replicas  https://t.co/68jICj1bg4'"
2018-11-21 05:45:22,b'REPLICAS - Keanu Reeves | Official Trailer 3 (2019) https://t.co/3a33itqTcD\n\n#movies #theatre #video #movie #film\xe2\x80\xa6 https://t.co/mfkoqGyexH'
2018-11-21 05:44:11,b'REPLICAS - Keanu Reeves | Official Trailer 3 (2019) https://t.co/AVWEzLTtty\n\n#movies #theatre #video #movie #film\xe2\x80\xa6 https://t.co/SeU93gM4uX'
2018-11-21 05:36:33,b'RT @CultureCrave: \xf0\x9f\x8e\xa5 Keanu Reeves brings his family back to life in new trailer for #Replicas https://t.co/Z6vGk7DJRQ'
2018-11-21 04:53:34,b'RT @SCENECUT: Trailer for #Replicas:  https://t.co/GFdkkRFO2G'
2018-11-21 04:48:32,b'RT @HorrorNews: Keanu Reeves Brings Back the Dead in \xe2\x80\x98Replicas\xe2\x80\x99 Trailer https://t.co/8fdSSw2wSc #Replicas\n#ReplicasMovie #KeanuReeves #clon\xe2\x80\xa6'
2018-11-21 03:59:42,"b'RT @TheGeeksCore: NEW TRAILER: Keanu Reeves brings back his family to life in a new Sci-Fi movie, #Replicas  https://t.co/68jICj1bg4'"
2018-11-21 03:57:54,"b'RT @TheGeeksCore: NEW TRAILER: Keanu Reeves brings back his family to life in a new Sci-Fi movie, #Replicas  https://t.co/68jICj1bg4'"
2018-11-21 03:00:27,b'RT @CultureCrave: \xf0\x9f\x8e\xa5 Keanu Reeves brings his family back to life in new trailer for #Replicas https://t.co/Z6vGk7DJRQ'
2018-11-21 02:18:28,"b'RT @TheGeeksCore: NEW TRAILER: Keanu Reeves brings back his family to life in a new Sci-Fi movie, #Replicas  https://t.co/68jICj1bg4'"
2018-11-21 01:46:06,"b'RT @Fandango: Keanu Reeves returns to sci-fi in the brand new trailer for #Replicas. \nDoes the trailer get a ""whoa""? https://t.co/kmnlvCvFJM'"
2018-11-21 01:37:07,b'RT @CultureCrave: \xf0\x9f\x8e\xa5 Keanu Reeves brings his family back to life in new trailer for #Replicas https://t.co/Z6vGk7DJRQ'
2018-11-21 01:16:40,b'RT @CircleK_Fans: #Repost @liveforfilms\nMade by @Image.Downloader\n\xc2\xb7 \xc2\xb7 \xc2\xb7 \xc2\xb7\nWatch Keanu Reeves in the new trailer for Replicas  https://t.co/\xe2\x80\xa6'
2018-11-21 01:11:12,"b'RT @TheGeeksCore: NEW TRAILER: Keanu Reeves brings back his family to life in a new Sci-Fi movie, #Replicas  https://t.co/68jICj1bg4'"
2018-11-21 01:09:12,"b'\xf0\x9f\x91\x81\xef\xb8\x8f ""Some humans are unstoppable..."". \nWe share the preview of #REPLICAS, a new movie starring by #KeanuReeves! https://t.co/2RjQ8hwAlk'"
2018-11-21 00:41:31,b'RT @CultureCrave: \xf0\x9f\x8e\xa5 Keanu Reeves brings his family back to life in new trailer for #Replicas https://t.co/Z6vGk7DJRQ'
2018-11-21 00:21:46,"b'RT @TheGeeksCore: NEW TRAILER: Keanu Reeves brings back his family to life in a new Sci-Fi movie, #Replicas  https://t.co/68jICj1bg4'"
2018-11-21 00:06:52,"b'RT @TheGeeksCore: NEW TRAILER: Keanu Reeves brings back his family to life in a new Sci-Fi movie, #Replicas  https://t.co/68jICj1bg4'"
2018-11-20 23:45:18,b'RT @CultureCrave: \xf0\x9f\x8e\xa5 Keanu Reeves brings his family back to life in new trailer for #Replicas https://t.co/Z6vGk7DJRQ'
2018-11-20 23:39:03,b'#Replicas trailer: Keanu Reeves defies every law of nature to get his family back https://t.co/bxezs1vTRA #ReplicasMovie'
2018-11-20 23:37:00,b'RT @CultureCrave: \xf0\x9f\x8e\xa5 Keanu Reeves brings his family back to life in new trailer for #Replicas https://t.co/Z6vGk7DJRQ'
2018-11-20 23:36:15,b'RT @FilmBookdotCom: #Replicas (2018) Movie Trailer 3: #KeanuReeves Breaks the Ban on Human Cloning https://t.co/4JzqUz9sBp https://t.co/Rey\xe2\x80\xa6'
2018-11-20 23:35:09,"b'RT @TheGeeksCore: NEW TRAILER: Keanu Reeves brings back his family to life in a new Sci-Fi movie, #Replicas  https://t.co/68jICj1bg4'"
2018-11-20 23:29:35,"b'RT @TheGeeksCore: NEW TRAILER: Keanu Reeves brings back his family to life in a new Sci-Fi movie, #Replicas  https://t.co/68jICj1bg4'"
2018-11-20 23:28:55,"b'RT @TheGeeksCore: NEW TRAILER: Keanu Reeves brings back his family to life in a new Sci-Fi movie, #Replicas  https://t.co/68jICj1bg4'"
2018-11-20 23:28:50,"b'RT @TheGeeksCore: NEW TRAILER: Keanu Reeves brings back his family to life in a new Sci-Fi movie, #Replicas  https://t.co/68jICj1bg4'"
2018-11-20 23:26:51,"b'RT @TheGeeksCore: NEW TRAILER: Keanu Reeves brings back his family to life in a new Sci-Fi movie, #Replicas  https://t.co/68jICj1bg4'"
2018-11-20 23:26:05,"b'RT @TheGeeksCore: NEW TRAILER: Keanu Reeves brings back his family to life in a new Sci-Fi movie, #Replicas  https://t.co/68jICj1bg4'"
2018-11-20 23:23:11,"b'RT @TheGeeksCore: NEW TRAILER: Keanu Reeves brings back his family to life in a new Sci-Fi movie, #Replicas  https://t.co/68jICj1bg4'"
2018-11-20 23:15:58,"b'RT @TheGeeksCore: NEW TRAILER: Keanu Reeves brings back his family to life in a new Sci-Fi movie, #Replicas  https://t.co/68jICj1bg4'"
2018-11-20 23:01:09,"b'RT @RottenTomatoes: ""Some humans are unstoppable"" New #Replicas poster recognizes the true power of Keanu. https://t.co/ot7YPKLJo3'"
2018-11-20 22:57:45,b'RT @CultureCrave: \xf0\x9f\x8e\xa5 Keanu Reeves brings his family back to life in new trailer for #Replicas https://t.co/Z6vGk7DJRQ'
2018-11-20 22:52:01,b'RT @FilmBookdotCom: #Replicas (2018) Movie Trailer 3: #KeanuReeves Breaks the Ban on Human Cloning https://t.co/4JzqUz9sBp https://t.co/Rey\xe2\x80\xa6'
2018-11-20 22:51:18,b'RT @FilmBookdotCom: #Replicas (2018) Movie Trailer 3: #KeanuReeves Breaks the Ban on Human Cloning https://t.co/4JzqUz9sBp https://t.co/Rey\xe2\x80\xa6'
2018-11-20 22:42:42,b'RT @OnlyFilmMedia: The new poster for #ReplicasMovie is here!\n#KeanuReeves #Replicas. https://t.co/K9TVE7lCIu'
2018-11-20 22:38:02,b'RT @CultureCrave: \xf0\x9f\x8e\xa5 Keanu Reeves brings his family back to life in new trailer for #Replicas https://t.co/Z6vGk7DJRQ'
2018-11-20 22:33:44,b'RT @CircleK_Fans: #Repost @liveforfilms\nMade by @Image.Downloader\n\xc2\xb7 \xc2\xb7 \xc2\xb7 \xc2\xb7\nWatch Keanu Reeves in the new trailer for Replicas  https://t.co/\xe2\x80\xa6'
2018-11-20 22:29:20,"b'RT @TheGeeksCore: NEW TRAILER: Keanu Reeves brings back his family to life in a new Sci-Fi movie, #Replicas  https://t.co/68jICj1bg4'"
2018-11-20 22:16:46,"b'RT @TheGeeksCore: NEW TRAILER: Keanu Reeves brings back his family to life in a new Sci-Fi movie, #Replicas  https://t.co/68jICj1bg4'"
2018-11-20 21:51:07,"b'RT @TheGeeksCore: NEW TRAILER: Keanu Reeves brings back his family to life in a new Sci-Fi movie, #Replicas  https://t.co/68jICj1bg4'"
2018-11-20 21:50:11,"b'New trailers have been released for AQUAMAN, THE LIMIT, ONCE UPON A DEADPOOL and more.\n\nhttps://t.co/nuOJpmYJiw\xe2\x80\xa6 https://t.co/5eLLPlG1HW'"
2018-11-20 21:46:57,"b'RT @TheGeeksCore: NEW TRAILER: Keanu Reeves brings back his family to life in a new Sci-Fi movie, #Replicas  https://t.co/68jICj1bg4'"
2018-11-20 21:40:17,"b'RT @RottenTomatoes: ""Some humans are unstoppable"" New #Replicas poster recognizes the true power of Keanu. https://t.co/ot7YPKLJo3'"
2018-11-20 21:35:25,"b'RT @Fandango: Keanu Reeves returns to sci-fi in the brand new trailer for #Replicas. \nDoes the trailer get a ""whoa""? https://t.co/kmnlvCvFJM'"
2018-11-20 21:25:37,"b'RT @TheGeeksCore: NEW TRAILER: Keanu Reeves brings back his family to life in a new Sci-Fi movie, #Replicas  https://t.co/68jICj1bg4'"
2018-11-20 21:09:35,"b'RT @TheGeeksCore: NEW TRAILER: Keanu Reeves brings back his family to life in a new Sci-Fi movie, #Replicas  https://t.co/68jICj1bg4'"
2018-11-20 20:48:08,b'RT @Live_for_Films: Watch Keanu Reeves in the new trailer for Replicas  https://t.co/WBSRT1rxTJ #Replicas #KeanuReeves #replicasmovie #Alic\xe2\x80\xa6'
2018-11-20 20:46:28,"b'RT @TheGeeksCore: NEW TRAILER: Keanu Reeves brings back his family to life in a new Sci-Fi movie, #Replicas  https://t.co/68jICj1bg4'"
2018-11-20 20:44:15,"b'RT @RottenTomatoes: ""Some humans are unstoppable"" New #Replicas poster recognizes the true power of Keanu. https://t.co/ot7YPKLJo3'"
2018-11-20 20:44:14,b'RT @FilmBookdotCom: #Replicas (2018) Movie Trailer 3: #KeanuReeves Breaks the Ban on Human Cloning https://t.co/4JzqUz9sBp https://t.co/Rey\xe2\x80\xa6'
2018-11-20 20:44:06,b'RT @CircleK_Fans: Replicas\xe2\x80\x99 Trailer: Keanu Reeves Defies Every Law Of Nature To Get His Family Back #KeanuReeves #Replicas https://t.co/pMn\xe2\x80\xa6'
2018-11-20 20:43:53,b'RT @CircleK_Fans: #Repost @liveforfilms\nMade by @Image.Downloader\n\xc2\xb7 \xc2\xb7 \xc2\xb7 \xc2\xb7\nWatch Keanu Reeves in the new trailer for Replicas  https://t.co/\xe2\x80\xa6'
2018-11-20 20:43:11,"b'RT @TheGeeksCore: NEW TRAILER: Keanu Reeves brings back his family to life in a new Sci-Fi movie, #Replicas  https://t.co/68jICj1bg4'"
2018-11-20 20:40:48,"b'RT @RottenTomatoes: ""Some humans are unstoppable"" New #Replicas poster recognizes the true power of Keanu. https://t.co/ot7YPKLJo3'"
2018-11-20 20:38:27,b'RT @CultureCrave: \xf0\x9f\x8e\xa5 Keanu Reeves brings his family back to life in new trailer for #Replicas https://t.co/Z6vGk7DJRQ'
2018-11-20 20:36:46,b'RT @CultureCrave: \xf0\x9f\x8e\xa5 Keanu Reeves brings his family back to life in new trailer for #Replicas https://t.co/Z6vGk7DJRQ'
2018-11-20 20:36:07,b'RT @CircleK_Fans: #Repost @liveforfilms\nMade by @Image.Downloader\n\xc2\xb7 \xc2\xb7 \xc2\xb7 \xc2\xb7\nWatch Keanu Reeves in the new trailer for Replicas  https://t.co/\xe2\x80\xa6'
2018-11-20 20:33:33,b'RT @CircleK_Fans: #Repost @liveforfilms\nMade by @Image.Downloader\n\xc2\xb7 \xc2\xb7 \xc2\xb7 \xc2\xb7\nWatch Keanu Reeves in the new trailer for Replicas  https://t.co/\xe2\x80\xa6'
2018-11-20 20:20:05,"b'RT @Fandango: Keanu Reeves returns to sci-fi in the brand new trailer for #Replicas. \nDoes the trailer get a ""whoa""? https://t.co/kmnlvCvFJM'"
2018-11-20 20:20:05,b'RT @CultureCrave: \xf0\x9f\x8e\xa5 Keanu Reeves brings his family back to life in new trailer for #Replicas https://t.co/Z6vGk7DJRQ'
2018-11-20 20:19:54,b'RT @FilmBookdotCom: #Replicas (2018) Movie Trailer 3: #KeanuReeves Breaks the Ban on Human Cloning https://t.co/4JzqUz9sBp https://t.co/Rey\xe2\x80\xa6'
2018-11-20 20:17:49,b'RT @SkeltonCrew: Also going live this Friday at 12:01 a.m. EST....\n\nThe Limited Edition Head Key \xf0\x9f\x97\x9d\xef\xb8\x8f \n\nhttps://t.co/924h6R6J9q\n\n@joe_hill #G\xe2\x80\xa6'
2018-11-20 20:17:20,b'Also going live this Friday at 12:01 a.m. EST....\n\nThe Limited Edition Head Key \xf0\x9f\x97\x9d\xef\xb8\x8f \n\nhttps://t.co/924h6R6J9q\xe2\x80\xa6 https://t.co/ZfLWilfaE8'
2018-11-20 20:16:04,b'RT @FilmBookdotCom: #Replicas (2018) Movie Trailer 3: #KeanuReeves Breaks the Ban on Human Cloning https://t.co/4JzqUz9sBp https://t.co/Rey\xe2\x80\xa6'
2018-11-20 20:14:53,b'#Repost @liveforfilms\nMade by @Image.Downloader\n\xc2\xb7 \xc2\xb7 \xc2\xb7 \xc2\xb7\nWatch Keanu Reeves in the new trailer for Replicas\xe2\x80\xa6 https://t.co/i16Pn4D5ox'
2018-11-20 20:04:54,"b'RT @TheGeeksCore: NEW TRAILER: Keanu Reeves brings back his family to life in a new Sci-Fi movie, #Replicas  https://t.co/68jICj1bg4'"
2018-11-20 20:04:17,b'RT @OnlyFilmMedia: The new poster for #ReplicasMovie is here!\n#KeanuReeves #Replicas. https://t.co/K9TVE7lCIu'
2018-11-20 20:03:21,"b'RT @RottenTomatoes: ""Some humans are unstoppable"" New #Replicas poster recognizes the true power of Keanu. https://t.co/ot7YPKLJo3'"
2018-11-20 20:00:18,"b'RT @Fandango: Keanu Reeves returns to sci-fi in the brand new trailer for #Replicas. \nDoes the trailer get a ""whoa""? https://t.co/kmnlvCvFJM'"
2018-11-20 19:54:08,"b'RT @RottenTomatoes: ""Some humans are unstoppable"" New #Replicas poster recognizes the true power of Keanu. https://t.co/ot7YPKLJo3'"
2018-11-20 19:48:38,"b'RT @RottenTomatoes: ""Some humans are unstoppable"" New #Replicas poster recognizes the true power of Keanu. https://t.co/ot7YPKLJo3'"
2018-11-20 19:34:15,"b'RT @RottenTomatoes: ""Some humans are unstoppable"" New #Replicas poster recognizes the true power of Keanu. https://t.co/ot7YPKLJo3'"
2018-11-20 19:14:35,b'RT @CultureCrave: \xf0\x9f\x8e\xa5 Keanu Reeves brings his family back to life in new trailer for #Replicas https://t.co/Z6vGk7DJRQ'
2018-11-20 19:08:38,b'RT @CultureCrave: \xf0\x9f\x8e\xa5 Keanu Reeves brings his family back to life in new trailer for #Replicas https://t.co/Z6vGk7DJRQ'
2018-11-20 19:07:57,b'RT @CultureCrave: \xf0\x9f\x8e\xa5 Keanu Reeves brings his family back to life in new trailer for #Replicas https://t.co/Z6vGk7DJRQ'
2018-11-20 19:07:31,"b'RT @RottenTomatoes: ""Some humans are unstoppable"" New #Replicas poster recognizes the true power of Keanu. https://t.co/ot7YPKLJo3'"
2018-11-20 19:05:31,b'RT @CultureCrave: \xf0\x9f\x8e\xa5 Keanu Reeves brings his family back to life in new trailer for #Replicas https://t.co/Z6vGk7DJRQ'
2018-11-20 19:04:49,b'RT @CultureCrave: \xf0\x9f\x8e\xa5 Keanu Reeves brings his family back to life in new trailer for #Replicas https://t.co/Z6vGk7DJRQ'
2018-11-20 18:58:00,"b'RT @TheGeeksCore: NEW TRAILER: Keanu Reeves brings back his family to life in a new Sci-Fi movie, #Replicas  https://t.co/68jICj1bg4'"
2018-11-20 18:57:42,"b'RT @Fandango: Keanu Reeves returns to sci-fi in the brand new trailer for #Replicas. \nDoes the trailer get a ""whoa""? https://t.co/kmnlvCvFJM'"
2018-11-20 18:57:02,"b""RT @mr_reeves_blog: Another New Trailer for Sci-Fi Film 'Replicas' Starring Keanu Reeves https://t.co/esqL6v3KHI via @firstshowing #Replica\xe2\x80\xa6"""
2018-11-20 18:56:10,b'\xf0\x9f\x8e\xa5 Keanu Reeves brings his family back to life in new trailer for #Replicas https://t.co/Z6vGk7DJRQ'
2018-11-20 18:51:26,"b'RT @TheGeeksCore: NEW TRAILER: Keanu Reeves brings back his family to life in a new Sci-Fi movie, #Replicas  https://t.co/68jICj1bg4'"
2018-11-20 18:50:53,"b'In #Replicas, #KeanuReeves does everything he can to bring back his dead wife and kids. Watch the new trailer here\xe2\x80\xa6 https://t.co/AeNNnF1CjD'"
2018-11-20 18:49:40,"b'RT @TheGeeksCore: NEW TRAILER: Keanu Reeves brings back his family to life in a new Sci-Fi movie, #Replicas  https://t.co/68jICj1bg4'"
2018-11-20 18:42:36,b'#Replicas (2018) Movie Trailer 3: #KeanuReeves Breaks the Ban on Human Cloning https://t.co/4JzqUz9sBp https://t.co/ReyP5X3bJH'
2018-11-20 18:40:06,"b""RT @mr_reeves_blog: Another New Trailer for Sci-Fi Film 'Replicas' Starring Keanu Reeves https://t.co/esqL6v3KHI via @firstshowing #Replica\xe2\x80\xa6"""
2018-11-20 18:05:42,"b""RT @cosmicbooknews: New poster for Keanu Reeves' #Replicas \nhttps://t.co/6AXHzrFqU6 https://t.co/gNvK6Gm0YI"""
2018-11-20 18:04:29,"b""New poster for Keanu Reeves' #Replicas \nhttps://t.co/6AXHzrFqU6 https://t.co/gNvK6Gm0YI"""
2018-11-20 18:02:37,"b'RT @RottenTomatoes: ""Some humans are unstoppable"" New #Replicas poster recognizes the true power of Keanu. https://t.co/ot7YPKLJo3'"
2018-11-20 17:50:11,b'RT @okka_nyan: \xe2\x80\x98Replicas\xe2\x80\x99 Trailer: Keanu Reeves Defies Every Law Of Nature To Get His Family Back \nhttps://t.co/UGSLealIi5 @deadline\n#Keanu\xe2\x80\xa6'
2018-11-20 17:46:50,"b'RT @RottenTomatoes: ""Some humans are unstoppable"" New #Replicas poster recognizes the true power of Keanu. https://t.co/ot7YPKLJo3'"
2018-11-20 17:35:35,"b'RT @Fandango: Keanu Reeves returns to sci-fi in the brand new trailer for #Replicas. \nDoes the trailer get a ""whoa""? https://t.co/kmnlvCvFJM'"
2018-11-20 17:33:54,"b'RT @RottenTomatoes: ""Some humans are unstoppable"" New #Replicas poster recognizes the true power of Keanu. https://t.co/ot7YPKLJo3'"
2018-11-20 17:10:27,"b'RT @RottenTomatoes: ""Some humans are unstoppable"" New #Replicas poster recognizes the true power of Keanu. https://t.co/ot7YPKLJo3'"
2018-11-20 17:08:34,"b'RT @RottenTomatoes: ""Some humans are unstoppable"" New #Replicas poster recognizes the true power of Keanu. https://t.co/ot7YPKLJo3'"
2018-11-20 17:05:07,"b'RT @RottenTomatoes: ""Some humans are unstoppable"" New #Replicas poster recognizes the true power of Keanu. https://t.co/ot7YPKLJo3'"
2018-11-20 16:51:38,"b'RT @RottenTomatoes: ""Some humans are unstoppable"" New #Replicas poster recognizes the true power of Keanu. https://t.co/ot7YPKLJo3'"
2018-11-20 16:38:11,b'RT @keanu__planet: Thanks \xe2\x9d\xa4\n\xf0\x9f\x8e\xacReplicas now released in Nicaragua \xf0\x9f\x87\xb3\xf0\x9f\x87\xae \xf0\x9f\x98\x80\xe2\x9d\xa4\n#keanureeves\n#replicasmovie \n#replicas https://t.co/Mm4DynfDp8'
2018-11-20 16:37:32,b'RT @Gowatchamovie: Poster for the upcoming Keanue Reeves film #replicas https://t.co/q4WdDAWbov'
2018-11-20 16:37:12,b'RT @OnlyFilmMedia: The new poster for #ReplicasMovie is here!\n#KeanuReeves #Replicas. https://t.co/K9TVE7lCIu'
2018-11-20 16:37:00,b'RT @SCENECUT: Trailer for #Replicas:  https://t.co/GFdkkRFO2G'
2018-11-20 16:36:55,b'RT @Live_for_Films: Watch Keanu Reeves in the new trailer for Replicas  https://t.co/WBSRT1rxTJ #Replicas #KeanuReeves #replicasmovie #Alic\xe2\x80\xa6'
2018-11-20 16:33:32,b'RT @OnlyFilmMedia: The new poster for #ReplicasMovie is here!\n#KeanuReeves #Replicas. https://t.co/K9TVE7lCIu'
2018-11-20 16:31:47,"b'RT @RottenTomatoes: ""Some humans are unstoppable"" New #Replicas poster recognizes the true power of Keanu. https://t.co/ot7YPKLJo3'"
2018-11-20 16:23:38,"b'RT @TheGeeksCore: NEW TRAILER: Keanu Reeves brings back his family to life in a new Sci-Fi movie, #Replicas  https://t.co/68jICj1bg4'"
2018-11-20 16:15:01,"b'RT @RottenTomatoes: ""Some humans are unstoppable"" New #Replicas poster recognizes the true power of Keanu. https://t.co/ot7YPKLJo3'"
2018-11-20 16:14:01,"b'RT @RottenTomatoes: ""Some humans are unstoppable"" New #Replicas poster recognizes the true power of Keanu. https://t.co/ot7YPKLJo3'"
2018-11-20 16:09:08,"b'RT @RottenTomatoes: ""Some humans are unstoppable"" New #Replicas poster recognizes the true power of Keanu. https://t.co/ot7YPKLJo3'"
2018-11-20 16:07:42,b'Keanu Reeves Brings Back the Dead in \xe2\x80\x98Replicas\xe2\x80\x99 Trailer https://t.co/8fdSSw2wSc #Replicas\n#ReplicasMovie #KeanuReeves #cloning #aliceeve'
2018-11-20 15:56:50,"b'RT @RottenTomatoes: ""Some humans are unstoppable"" New #Replicas poster recognizes the true power of Keanu. https://t.co/ot7YPKLJo3'"
2018-11-20 15:52:01,"b'RT @RottenTomatoes: ""Some humans are unstoppable"" New #Replicas poster recognizes the true power of Keanu. https://t.co/ot7YPKLJo3'"
2018-11-20 15:50:37,"b'RT @RottenTomatoes: ""Some humans are unstoppable"" New #Replicas poster recognizes the true power of Keanu. https://t.co/ot7YPKLJo3'"
2018-11-20 15:48:28,b'RT @TMML: New trailer...\nREPLICAS (2019): https://t.co/YNrzCLm7zl\n#replicas #KeanuReeves #AliceEve #EmilyAlynLind \n#ThomasMiddleditch https\xe2\x80\xa6'
2018-11-20 15:48:24,b'RT @TMML: New trailer...\nREPLICAS (2019): https://t.co/YNrzCLm7zl\n#replicas #KeanuReeves #AliceEve #EmilyAlynLind \n#ThomasMiddleditch https\xe2\x80\xa6'
2018-11-20 15:48:15,b'RT @TMML: New trailer...\nREPLICAS (2019): https://t.co/YNrzCLm7zl\n#replicas #KeanuReeves #AliceEve #EmilyAlynLind \n#ThomasMiddleditch https\xe2\x80\xa6'
2018-11-20 15:48:05,b'New trailer...\nREPLICAS (2019): https://t.co/YNrzCLm7zl\n#replicas #KeanuReeves #AliceEve #EmilyAlynLind\xe2\x80\xa6 https://t.co/YI2TualFzi'
2018-11-20 15:40:21,"b'RT @RottenTomatoes: ""Some humans are unstoppable"" New #Replicas poster recognizes the true power of Keanu. https://t.co/ot7YPKLJo3'"
2018-11-20 15:40:01,"b'RT @RottenTomatoes: ""Some humans are unstoppable"" New #Replicas poster recognizes the true power of Keanu. https://t.co/ot7YPKLJo3'"
2018-11-20 15:37:00,"b""Trailer - Another New Trailer for Sci-Fi Film 'Replicas' Starring Keanu Reeves - https://t.co/fyw0E3SNvH - - -\xe2\x80\xa6 https://t.co/8SysnzgBPl"""
2018-11-20 15:36:51,b'RT @OnlyFilmMedia: The new poster for #ReplicasMovie is here!\n#KeanuReeves #Replicas. https://t.co/K9TVE7lCIu'
2018-11-20 15:29:04,"b'RT @RottenTomatoes: ""Some humans are unstoppable"" New #Replicas poster recognizes the true power of Keanu. https://t.co/ot7YPKLJo3'"
2018-11-20 15:25:05,b'RT @OnlyFilmMedia: The new poster for #ReplicasMovie is here!\n#KeanuReeves #Replicas. https://t.co/K9TVE7lCIu'
2018-11-20 15:24:23,"b'RT @RottenTomatoes: ""Some humans are unstoppable"" New #Replicas poster recognizes the true power of Keanu. https://t.co/ot7YPKLJo3'"
2018-11-20 15:24:14,"b'RT @TheGeeksCore: NEW TRAILER: Keanu Reeves brings back his family to life in a new Sci-Fi movie, #Replicas  https://t.co/68jICj1bg4'"
2018-11-20 15:19:50,"b'RT @RottenTomatoes: ""Some humans are unstoppable"" New #Replicas poster recognizes the true power of Keanu. https://t.co/ot7YPKLJo3'"
2018-11-20 15:17:20,b'New #Replicas poster featuring Keanu Reaves\n\n(h/t @RottenTomatoes) https://t.co/iDndl2cRK5'
2018-11-20 14:55:37,"b'RT @RottenTomatoes: ""Some humans are unstoppable"" New #Replicas poster recognizes the true power of Keanu. https://t.co/ot7YPKLJo3'"
2018-11-20 14:55:15,"b'RT @RottenTomatoes: ""Some humans are unstoppable"" New #Replicas poster recognizes the true power of Keanu. https://t.co/ot7YPKLJo3'"
2018-11-20 14:55:05,"b'RT @RottenTomatoes: ""Some humans are unstoppable"" New #Replicas poster recognizes the true power of Keanu. https://t.co/ot7YPKLJo3'"
2018-11-20 14:53:40,b'@RottenTomatoes Producer of Transformers? That is not a selling point. #Replicas'
2018-11-20 14:51:23,b'RT @OnlyFilmMedia: The new poster for #ReplicasMovie is here!\n#KeanuReeves #Replicas. https://t.co/K9TVE7lCIu'
2018-11-20 14:43:17,"b'RT @RottenTomatoes: ""Some humans are unstoppable"" New #Replicas poster recognizes the true power of Keanu. https://t.co/ot7YPKLJo3'"
2018-11-20 14:42:13,b'RT @SCENECUT: Trailer for #Replicas:  https://t.co/GFdkkRFO2G'
2018-11-20 14:40:28,"b'RT @RottenTomatoes: ""Some humans are unstoppable"" New #Replicas poster recognizes the true power of Keanu. https://t.co/ot7YPKLJo3'"
2018-11-20 14:40:23,"b'RT @RottenTomatoes: ""Some humans are unstoppable"" New #Replicas poster recognizes the true power of Keanu. https://t.co/ot7YPKLJo3'"
2018-11-20 14:39:12,"b'RT @RottenTomatoes: ""Some humans are unstoppable"" New #Replicas poster recognizes the true power of Keanu. https://t.co/ot7YPKLJo3'"
2018-11-20 14:36:43,"b'RT @RottenTomatoes: ""Some humans are unstoppable"" New #Replicas poster recognizes the true power of Keanu. https://t.co/ot7YPKLJo3'"
2018-11-20 14:35:30,"b'RT @RottenTomatoes: ""Some humans are unstoppable"" New #Replicas poster recognizes the true power of Keanu. https://t.co/ot7YPKLJo3'"
2018-11-20 14:35:28,"b'RT @TheGeeksCore: NEW TRAILER: Keanu Reeves brings back his family to life in a new Sci-Fi movie, #Replicas  https://t.co/68jICj1bg4'"
2018-11-20 14:34:32,"b'RT @RottenTomatoes: ""Some humans are unstoppable"" New #Replicas poster recognizes the true power of Keanu. https://t.co/ot7YPKLJo3'"
2018-11-20 14:32:13,"b'RT @RottenTomatoes: ""Some humans are unstoppable"" New #Replicas poster recognizes the true power of Keanu. https://t.co/ot7YPKLJo3'"
2018-11-20 14:32:05,"b'RT @RottenTomatoes: ""Some humans are unstoppable"" New #Replicas poster recognizes the true power of Keanu. https://t.co/ot7YPKLJo3'"
2018-11-20 14:31:42,"b'RT @RottenTomatoes: ""Some humans are unstoppable"" New #Replicas poster recognizes the true power of Keanu. https://t.co/ot7YPKLJo3'"
2018-11-20 14:30:21,"b'RT @RottenTomatoes: ""Some humans are unstoppable"" New #Replicas poster recognizes the true power of Keanu. https://t.co/ot7YPKLJo3'"
2018-11-20 14:29:39,"b'RT @RottenTomatoes: ""Some humans are unstoppable"" New #Replicas poster recognizes the true power of Keanu. https://t.co/ot7YPKLJo3'"
2018-11-20 14:29:30,"b'RT @RottenTomatoes: ""Some humans are unstoppable"" New #Replicas poster recognizes the true power of Keanu. https://t.co/ot7YPKLJo3'"
2018-11-20 14:29:20,"b'RT @RottenTomatoes: ""Some humans are unstoppable"" New #Replicas poster recognizes the true power of Keanu. https://t.co/ot7YPKLJo3'"
2018-11-20 14:28:16,"b'RT @RottenTomatoes: ""Some humans are unstoppable"" New #Replicas poster recognizes the true power of Keanu. https://t.co/ot7YPKLJo3'"
2018-11-20 14:26:05,"b'RT @RottenTomatoes: ""Some humans are unstoppable"" New #Replicas poster recognizes the true power of Keanu. https://t.co/ot7YPKLJo3'"
2018-11-20 14:25:30,"b'RT @RottenTomatoes: ""Some humans are unstoppable"" New #Replicas poster recognizes the true power of Keanu. https://t.co/ot7YPKLJo3'"
2018-11-20 14:22:02,"b'RT @RottenTomatoes: ""Some humans are unstoppable"" New #Replicas poster recognizes the true power of Keanu. https://t.co/ot7YPKLJo3'"
2018-11-20 14:20:49,"b'RT @RottenTomatoes: ""Some humans are unstoppable"" New #Replicas poster recognizes the true power of Keanu. https://t.co/ot7YPKLJo3'"
2018-11-20 14:20:33,"b'RT @RottenTomatoes: ""Some humans are unstoppable"" New #Replicas poster recognizes the true power of Keanu. https://t.co/ot7YPKLJo3'"
2018-11-20 14:18:22,"b'RT @RottenTomatoes: ""Some humans are unstoppable"" New #Replicas poster recognizes the true power of Keanu. https://t.co/ot7YPKLJo3'"
2018-11-20 14:17:07,"b'RT @RottenTomatoes: ""Some humans are unstoppable"" New #Replicas poster recognizes the true power of Keanu. https://t.co/ot7YPKLJo3'"
2018-11-20 14:16:38,b'RT @SCENECUT: Trailer for #Replicas:  https://t.co/GFdkkRFO2G'
2018-11-20 14:14:22,b'RT @SCENECUT: Trailer for #Replicas:  https://t.co/GFdkkRFO2G'
2018-11-20 14:14:19,"b'RT @SCENECUT: We are ready, Keanu!!!!! #Replicas https://t.co/WcUn05wznD'"
2018-11-20 14:14:15,"b'RT @RottenTomatoes: ""Some humans are unstoppable"" New #Replicas poster recognizes the true power of Keanu. https://t.co/ot7YPKLJo3'"
2018-11-20 14:13:43,"b'RT @TheGeeksCore: NEW TRAILER: Keanu Reeves brings back his family to life in a new Sci-Fi movie, #Replicas  https://t.co/68jICj1bg4'"
2018-11-20 14:13:25,"b'RT @RottenTomatoes: ""Some humans are unstoppable"" New #Replicas poster recognizes the true power of Keanu. https://t.co/ot7YPKLJo3'"
2018-11-20 14:12:01,"b'We are ready, Keanu!!!!! #Replicas https://t.co/WcUn05wznD'"
2018-11-20 14:11:15,b'Trailer for #Replicas:  https://t.co/GFdkkRFO2G'
2018-11-20 14:10:15,"b'RT @RottenTomatoes: ""Some humans are unstoppable"" New #Replicas poster recognizes the true power of Keanu. https://t.co/ot7YPKLJo3'"
2018-11-20 14:10:07,"b'Check out new trailer and poster for #Replicas, sci-fi film starring #KeanuReeves and #AliceEve.\xe2\x80\xa6 https://t.co/pUaCIwWVcP'"
2018-11-20 14:09:58,"b'RT @TheGeeksCore: NEW TRAILER: Keanu Reeves brings back his family to life in a new Sci-Fi movie, #Replicas  https://t.co/68jICj1bg4'"
2018-11-20 14:08:01,"b'RT @RottenTomatoes: ""Some humans are unstoppable"" New #Replicas poster recognizes the true power of Keanu. https://t.co/ot7YPKLJo3'"
2018-11-20 14:07:17,"b'RT @RottenTomatoes: ""Some humans are unstoppable"" New #Replicas poster recognizes the true power of Keanu. https://t.co/ot7YPKLJo3'"
2018-11-20 14:07:11,"b'RT @RottenTomatoes: ""Some humans are unstoppable"" New #Replicas poster recognizes the true power of Keanu. https://t.co/ot7YPKLJo3'"
2018-11-20 14:06:45,"b'RT @RottenTomatoes: ""Some humans are unstoppable"" New #Replicas poster recognizes the true power of Keanu. https://t.co/ot7YPKLJo3'"
2018-11-20 14:06:20,"b'RT @RottenTomatoes: ""Some humans are unstoppable"" New #Replicas poster recognizes the true power of Keanu. https://t.co/ot7YPKLJo3'"
2018-11-20 14:06:12,"b'RT @RottenTomatoes: ""Some humans are unstoppable"" New #Replicas poster recognizes the true power of Keanu. https://t.co/ot7YPKLJo3'"
2018-11-20 14:06:02,"b'RT @RottenTomatoes: ""Some humans are unstoppable"" New #Replicas poster recognizes the true power of Keanu. https://t.co/ot7YPKLJo3'"
2018-11-20 14:05:38,"b'RT @RottenTomatoes: ""Some humans are unstoppable"" New #Replicas poster recognizes the true power of Keanu. https://t.co/ot7YPKLJo3'"
2018-11-20 14:05:38,"b'RT @RottenTomatoes: ""Some humans are unstoppable"" New #Replicas poster recognizes the true power of Keanu. https://t.co/ot7YPKLJo3'"
2018-11-20 14:05:35,"b'RT @RottenTomatoes: ""Some humans are unstoppable"" New #Replicas poster recognizes the true power of Keanu. https://t.co/ot7YPKLJo3'"
2018-11-20 14:04:32,"b'""Some humans are unstoppable"" New #Replicas poster recognizes the true power of Keanu. https://t.co/7iGmEr8C65'"
2018-11-20 14:04:16,"b'RT @RottenTomatoes: ""Some humans are unstoppable"" New #Replicas poster recognizes the true power of Keanu. https://t.co/ot7YPKLJo3'"
2018-11-20 14:03:54,"b'RT @RottenTomatoes: ""Some humans are unstoppable"" New #Replicas poster recognizes the true power of Keanu. https://t.co/ot7YPKLJo3'"
2018-11-20 14:03:09,"b'RT @RottenTomatoes: ""Some humans are unstoppable"" New #Replicas poster recognizes the true power of Keanu. https://t.co/ot7YPKLJo3'"
2018-11-20 14:03:06,"b'RT @RottenTomatoes: ""Some humans are unstoppable"" New #Replicas poster recognizes the true power of Keanu. https://t.co/ot7YPKLJo3'"
2018-11-20 14:02:08,"b'""Some humans are unstoppable"" New #Replicas poster recognizes the true power of Keanu. https://t.co/ot7YPKLJo3'"
2018-11-20 13:39:42,b'RT @SciFiNow: Keanu Reeves meddles in human cloning in this new trailer for SF thriller #Replicas https://t.co/tiFzuscq45'
2018-11-20 13:35:13,b'RT @OnlyFilmMedia: The new poster for #ReplicasMovie is here!\n#KeanuReeves #Replicas. https://t.co/K9TVE7lCIu'
2018-11-20 13:21:55,b'RT @OnlyFilmMedia: The new poster for #ReplicasMovie is here!\n#KeanuReeves #Replicas. https://t.co/K9TVE7lCIu'
2018-11-20 13:19:43,"b'RT @TheGeeksCore: NEW TRAILER: Keanu Reeves brings back his family to life in a new Sci-Fi movie, #Replicas  https://t.co/68jICj1bg4'"
2018-11-20 13:14:17,b'RT @OnlyFilmMedia: The new poster for #ReplicasMovie is here!\n#KeanuReeves #Replicas. https://t.co/K9TVE7lCIu'
2018-11-20 13:14:12,b'RT @Live_for_Films: Watch Keanu Reeves in the new trailer for Replicas  https://t.co/WBSRT1rxTJ #Replicas #KeanuReeves #replicasmovie #Alic\xe2\x80\xa6'
2018-11-20 13:13:10,"b'RT @TheGeeksCore: NEW TRAILER: Keanu Reeves brings back his family to life in a new Sci-Fi movie, #Replicas  https://t.co/68jICj1bg4'"
2018-11-20 12:57:32,b'RT @Live_for_Films: Watch Keanu Reeves in the new trailer for Replicas  https://t.co/WBSRT1rxTJ #Replicas #KeanuReeves #replicasmovie #Alic\xe2\x80\xa6'
2018-11-20 12:53:43,"b'RT @Fandango: Keanu Reeves returns to sci-fi in the brand new trailer for #Replicas. \nDoes the trailer get a ""whoa""? https://t.co/kmnlvCvFJM'"
2018-11-20 12:38:21,b'RT @OnlyFilmMedia: The new poster for #ReplicasMovie is here!\n#KeanuReeves #Replicas. https://t.co/K9TVE7lCIu'
2018-11-20 12:33:13,b'Watch Keanu Reeves in the new trailer for Replicas  https://t.co/WBSRT1rxTJ #Replicas #KeanuReeves #replicasmovie\xe2\x80\xa6 https://t.co/u8OyOGx8kq'
2018-11-20 12:26:48,b'RT @SciFiNow: Keanu Reeves meddles in human cloning in this new trailer for SF thriller #Replicas https://t.co/tiFzuscq45'
2018-11-20 12:19:59,"b'RT @TheGeeksCore: NEW TRAILER: Keanu Reeves brings back his family to life in a new Sci-Fi movie, #Replicas  https://t.co/68jICj1bg4'"
2018-11-20 12:05:49,b'RT @JoserraMarcaida: #Replicas: Perspectives from the History of Art and Science &gt; Adam Lowe &amp; Simon Schaffer in conversation | 21 November\xe2\x80\xa6'
2018-11-20 11:45:47,"b'RT @TheGeeksCore: NEW TRAILER: Keanu Reeves brings back his family to life in a new Sci-Fi movie, #Replicas  https://t.co/68jICj1bg4'"
2018-11-20 11:43:22,b'RT @PoklukarJ: New Poster Replicas with Keanu Reeves https://t.co/oNyfCLfy0y \n#keanureeves #replicas https://t.co/LlH5KNy80B'
2018-11-20 11:41:51,"b'RT @TheGeeksCore: NEW TRAILER: Keanu Reeves brings back his family to life in a new Sci-Fi movie, #Replicas  https://t.co/68jICj1bg4'"
2018-11-20 11:35:38,"b'RT @TheGeeksCore: NEW TRAILER: Keanu Reeves brings back his family to life in a new Sci-Fi movie, #Replicas  https://t.co/68jICj1bg4'"
2018-11-20 11:33:18,"b'RT @TheGeeksCore: NEW TRAILER: Keanu Reeves brings back his family to life in a new Sci-Fi movie, #Replicas  https://t.co/68jICj1bg4'"
2018-11-20 11:30:39,b'Replicas\xe2\x80\x99 Trailer: Keanu Reeves Defies Every Law Of Nature To Get His Family Back #KeanuReeves #Replicas https://t.co/pMnDB4e5pb'
2018-11-20 11:28:58,b'RT @okka_nyan: \xe2\x80\x98Replicas\xe2\x80\x99 Trailer: Keanu Reeves Defies Every Law Of Nature To Get His Family Back \nhttps://t.co/UGSLealIi5 @deadline\n#Keanu\xe2\x80\xa6'
2018-11-20 11:27:45,b'\xe2\x80\x98Replicas\xe2\x80\x99 Trailer: Keanu Reeves Defies Every Law Of Nature To Get His Family Back \nhttps://t.co/UGSLealIi5\xe2\x80\xa6 https://t.co/JkpJamxjEr'
2018-11-20 11:23:58,b'RT @OnlyFilmMedia: The new poster for #ReplicasMovie is here!\n#KeanuReeves #Replicas. https://t.co/K9TVE7lCIu'
2018-11-20 11:13:21,b'RT @OnlyFilmMedia: The new poster for #ReplicasMovie is here!\n#KeanuReeves #Replicas. https://t.co/K9TVE7lCIu'
2018-11-20 11:04:17,b'RT @OnlyFilmMedia: The new poster for #ReplicasMovie is here!\n#KeanuReeves #Replicas. https://t.co/K9TVE7lCIu'
2018-11-20 11:02:21,b'RT @OnlyFilmMedia: The new poster for #ReplicasMovie is here!\n#KeanuReeves #Replicas. https://t.co/K9TVE7lCIu'
2018-11-20 11:01:30,b'RT @OnlyFilmMedia: The new poster for #ReplicasMovie is here!\n#KeanuReeves #Replicas. https://t.co/K9TVE7lCIu'
2018-11-20 11:00:20,b'RT @keanu__planet: \xf0\x9f\x8e\xacReplicas new trailer  \xe2\x9d\xa4\n#keanureeves\n#replicas\n#replicasmovie\nhttps://t.co/dx74Qft7ti\n\nAll trailers \xf0\x9f\x91\x87\nhttps://t.co/xIhk\xe2\x80\xa6'
2018-11-20 11:00:16,b'RT @OnlyFilmMedia: The new poster for #ReplicasMovie is here!\n#KeanuReeves #Replicas. https://t.co/K9TVE7lCIu'
2018-11-20 10:58:18,b'The new poster for #ReplicasMovie is here!\n#KeanuReeves #Replicas. https://t.co/K9TVE7lCIu'
2018-11-20 10:54:49,"b'RT @TheGeeksCore: NEW TRAILER: Keanu Reeves brings back his family to life in a new Sci-Fi movie, #Replicas  https://t.co/68jICj1bg4'"
2018-11-20 10:52:02,"b'RT @TheGeeksCore: NEW TRAILER: Keanu Reeves brings back his family to life in a new Sci-Fi movie, #Replicas  https://t.co/68jICj1bg4'"
2018-11-20 10:41:32,"b'RT @TheGeeksCore: NEW TRAILER: Keanu Reeves brings back his family to life in a new Sci-Fi movie, #Replicas  https://t.co/68jICj1bg4'"
2018-11-20 10:40:05,b'RT @SciFiNow: Keanu Reeves meddles in human cloning in this new trailer for SF thriller #Replicas https://t.co/tiFzuscq45'
2018-11-20 10:34:55,"b'RT @TheGeeksCore: NEW TRAILER: Keanu Reeves brings back his family to life in a new Sci-Fi movie, #Replicas  https://t.co/68jICj1bg4'"
2018-11-20 10:34:42,"b'RT @TheGeeksCore: NEW TRAILER: Keanu Reeves brings back his family to life in a new Sci-Fi movie, #Replicas  https://t.co/68jICj1bg4'"
2018-11-20 10:25:20,"b'RT @TheGeeksCore: NEW TRAILER: Keanu Reeves brings back his family to life in a new Sci-Fi movie, #Replicas  https://t.co/68jICj1bg4'"
2018-11-20 10:21:59,"b'RT @TheGeeksCore: NEW TRAILER: Keanu Reeves brings back his family to life in a new Sci-Fi movie, #Replicas  https://t.co/68jICj1bg4'"
2018-11-20 10:20:37,"b'RT @TheGeeksCore: NEW TRAILER: Keanu Reeves brings back his family to life in a new Sci-Fi movie, #Replicas  https://t.co/68jICj1bg4'"
2018-11-20 10:17:12,b'Here\xe2\x80\x99s the poster for Replicas starring Keanu Reeves. #TheHorrorReturnsPodcast #Horror #Replicas #KeanuReeves https://t.co/PWr6UXN1pY'
2018-11-20 10:16:49,"b'RT @TheGeeksCore: NEW TRAILER: Keanu Reeves brings back his family to life in a new Sci-Fi movie, #Replicas  https://t.co/68jICj1bg4'"
2018-11-20 10:05:00,b'Keanu Reeves Tackles Tough Life-And-Death Choices In \xe2\x80\x98Replicas\xe2\x80\x99 https://t.co/bPhMCu1xLx #KeanuReeves #Replicas\xe2\x80\xa6 https://t.co/WuxgfweLUG'
2018-11-20 10:02:54,"b'RT @TheGeeksCore: NEW TRAILER: Keanu Reeves brings back his family to life in a new Sci-Fi movie, #Replicas  https://t.co/68jICj1bg4'"
2018-11-20 09:55:07,"b'RT @TheGeeksCore: NEW TRAILER: Keanu Reeves brings back his family to life in a new Sci-Fi movie, #Replicas  https://t.co/68jICj1bg4'"
2018-11-20 09:50:53,"b'RT @TheGeeksCore: NEW TRAILER: Keanu Reeves brings back his family to life in a new Sci-Fi movie, #Replicas  https://t.co/68jICj1bg4'"
2018-11-20 09:50:19,b'Keanu Reeves meddles in human cloning in this new trailer for SF thriller #Replicas https://t.co/tiFzuscq45'
2018-11-20 09:47:09,"b'RT @Fandango: Keanu Reeves returns to sci-fi in the brand new trailer for #Replicas. \nDoes the trailer get a ""whoa""? https://t.co/kmnlvCvFJM'"
2018-11-20 09:44:35,"b'RT @TheGeeksCore: NEW TRAILER: Keanu Reeves brings back his family to life in a new Sci-Fi movie, #Replicas  https://t.co/68jICj1bg4'"
2018-11-20 09:41:55,"b'RT @TheGeeksCore: NEW TRAILER: Keanu Reeves brings back his family to life in a new Sci-Fi movie, #Replicas  https://t.co/68jICj1bg4'"
2018-11-20 09:40:12,"b'RT @TheGeeksCore: NEW TRAILER: Keanu Reeves brings back his family to life in a new Sci-Fi movie, #Replicas  https://t.co/68jICj1bg4'"
2018-11-20 09:38:35,"b'RT @TheGeeksCore: NEW TRAILER: Keanu Reeves brings back his family to life in a new Sci-Fi movie, #Replicas  https://t.co/68jICj1bg4'"
2018-11-20 09:25:01,"b'RT @TheGeeksCore: NEW TRAILER: Keanu Reeves brings back his family to life in a new Sci-Fi movie, #Replicas  https://t.co/68jICj1bg4'"
2018-11-20 09:24:30,"b'RT @TheGeeksCore: NEW TRAILER: Keanu Reeves brings back his family to life in a new Sci-Fi movie, #Replicas  https://t.co/68jICj1bg4'"
2018-11-20 09:22:18,"b'RT @TheGeeksCore: NEW TRAILER: Keanu Reeves brings back his family to life in a new Sci-Fi movie, #Replicas  https://t.co/68jICj1bg4'"
2018-11-20 09:17:13,"b'RT @TheGeeksCore: NEW TRAILER: Keanu Reeves brings back his family to life in a new Sci-Fi movie, #Replicas  https://t.co/68jICj1bg4'"
2018-11-20 09:10:52,"b'RT @TheGeeksCore: NEW TRAILER: Keanu Reeves brings back his family to life in a new Sci-Fi movie, #Replicas  https://t.co/68jICj1bg4'"
2018-11-20 08:52:50,"b'RT @TheGeeksCore: NEW TRAILER: Keanu Reeves brings back his family to life in a new Sci-Fi movie, #Replicas  https://t.co/68jICj1bg4'"
2018-11-20 08:48:44,"b'RT @TheGeeksCore: NEW TRAILER: Keanu Reeves brings back his family to life in a new Sci-Fi movie, #Replicas  https://t.co/68jICj1bg4'"
2018-11-20 08:48:38,"b'RT @TheGeeksCore: NEW TRAILER: Keanu Reeves brings back his family to life in a new Sci-Fi movie, #Replicas  https://t.co/68jICj1bg4'"
2018-11-20 08:43:10,"b'RT @TheGeeksCore: NEW TRAILER: Keanu Reeves brings back his family to life in a new Sci-Fi movie, #Replicas  https://t.co/68jICj1bg4'"
2018-11-20 08:42:55,"b'RT @TheGeeksCore: NEW TRAILER: Keanu Reeves brings back his family to life in a new Sci-Fi movie, #Replicas  https://t.co/68jICj1bg4'"
2018-11-20 08:35:42,"b'RT @TheGeeksCore: NEW TRAILER: Keanu Reeves brings back his family to life in a new Sci-Fi movie, #Replicas  https://t.co/68jICj1bg4'"
2018-11-20 08:28:56,"b'[Trailer] Keanu Reeves Brings His Family Back to Life in \xe2\x80\x98Replicas,\xe2\x80\x99 Releasing January 2019\nhttps://t.co/2KXNp9ta6h\xe2\x80\xa6 https://t.co/WBjkqRe2DM'"
2018-11-20 08:28:04,b'I was actually quite intrigued by the new trailer for #Replicas until this happened https://t.co/1TJ658GNYK'
2018-11-20 08:26:50,"b'RT @Fandango: Keanu Reeves returns to sci-fi in the brand new trailer for #Replicas. \nDoes the trailer get a ""whoa""? https://t.co/kmnlvCvFJM'"
2018-11-20 08:22:45,"b'RT @TheGeeksCore: NEW TRAILER: Keanu Reeves brings back his family to life in a new Sci-Fi movie, #Replicas  https://t.co/68jICj1bg4'"
2018-11-20 08:20:32,"b'RT @TheGeeksCore: NEW TRAILER: Keanu Reeves brings back his family to life in a new Sci-Fi movie, #Replicas  https://t.co/68jICj1bg4'"
2018-11-20 08:18:48,"b'RT @TheGeeksCore: NEW TRAILER: Keanu Reeves brings back his family to life in a new Sci-Fi movie, #Replicas  https://t.co/68jICj1bg4'"
2018-11-20 08:15:05,"b'RT @TheGeeksCore: NEW TRAILER: Keanu Reeves brings back his family to life in a new Sci-Fi movie, #Replicas  https://t.co/68jICj1bg4'"
2018-11-20 08:12:12,"b'RT @TheGeeksCore: NEW TRAILER: Keanu Reeves brings back his family to life in a new Sci-Fi movie, #Replicas  https://t.co/68jICj1bg4'"
2018-11-20 08:05:38,"b'#Replicas Trailer #2 (2019) | Movieclips Trailers https://t.co/vtqcetxqvf  #KeanuReeves, #AliceEve'"
2018-11-20 08:05:00,b'Keanu Reeves Tackles Tough Life-And-Death Choices In \xe2\x80\x98Replicas\xe2\x80\x99 https://t.co/bPhMCu1xLx  #KeanuReeves #Replicas\xe2\x80\xa6 https://t.co/lfXmYsuYOq'
2018-11-20 08:04:12,"b'RT @TheGeeksCore: NEW TRAILER: Keanu Reeves brings back his family to life in a new Sci-Fi movie, #Replicas  https://t.co/68jICj1bg4'"
2018-11-20 08:00:34,"b'#Replicas Trailer #1 (2017) | Movieclips Trailers https://t.co/z47pWC8Xfu #KeanuReeves, #AliceEve, and #ThomasMiddleditch'"
2018-11-20 07:55:22,"b'RT @TheGeeksCore: NEW TRAILER: Keanu Reeves brings back his family to life in a new Sci-Fi movie, #Replicas  https://t.co/68jICj1bg4'"
2018-11-20 07:53:37,"b'RT @TheGeeksCore: NEW TRAILER: Keanu Reeves brings back his family to life in a new Sci-Fi movie, #Replicas  https://t.co/68jICj1bg4'"
2018-11-20 07:52:47,"b'RT @TheGeeksCore: NEW TRAILER: Keanu Reeves brings back his family to life in a new Sci-Fi movie, #Replicas  https://t.co/68jICj1bg4'"
2018-11-20 07:52:08,"b'RT @TheGeeksCore: NEW TRAILER: Keanu Reeves brings back his family to life in a new Sci-Fi movie, #Replicas  https://t.co/68jICj1bg4'"
2018-11-20 07:47:58,"b'RT @TheGeeksCore: NEW TRAILER: Keanu Reeves brings back his family to life in a new Sci-Fi movie, #Replicas  https://t.co/68jICj1bg4'"
2018-11-20 07:46:14,"b'RT @TheGeeksCore: NEW TRAILER: Keanu Reeves brings back his family to life in a new Sci-Fi movie, #Replicas  https://t.co/68jICj1bg4'"
2018-11-20 07:44:14,"b'RT @TheGeeksCore: NEW TRAILER: Keanu Reeves brings back his family to life in a new Sci-Fi movie, #Replicas  https://t.co/68jICj1bg4'"
2018-11-20 07:43:59,"b'RT @Fandango: Keanu Reeves returns to sci-fi in the brand new trailer for #Replicas. \nDoes the trailer get a ""whoa""? https://t.co/kmnlvCvFJM'"
2018-11-20 07:42:12,"b'NEW TRAILER: Keanu Reeves brings back his family to life in a new Sci-Fi movie, #Replicas  https://t.co/68jICj1bg4'"
2018-11-20 07:14:53,"b""'Replicas': Keanu Reeves and Alice Eve's Sci Fi Thriller Gets A New Trailer!!! Check It Out!! #AliceEve, #JohnOrtiz\xe2\x80\xa6 https://t.co/AgeX3yOJZy"""
2018-11-20 07:14:50,"b""'Replicas': Keanu Reeves and Alice Eve's Sci Fi Thriller Gets A New Trailer!!! Check It Out!! #AliceEve, #JohnOrtiz\xe2\x80\xa6 https://t.co/oSQRyxL3VJ"""
2018-11-20 07:09:27,b'Keanu Reeves returns to sci-fi in new Replicas trailer https://t.co/CO9BpeFdgj #Replicas https://t.co/73Erw8OFX9'
2018-11-20 05:30:29,"b'RT @Fandango: Keanu Reeves returns to sci-fi in the brand new trailer for #Replicas. \nDoes the trailer get a ""whoa""? https://t.co/kmnlvCvFJM'"
2018-11-20 05:27:15,b'New poster from #replicas \xf0\x9f\xa4\x97\xf0\x9f\xa4\x97\xf0\x9f\xa4\x97 #keanureeves #keanucharlesreeves #most #beautiful #hybrid \xe2\x9d\xa4\xe2\x9d\xa4\xe2\x9d\xa4 https://t.co/0xtZV1GlZ8'
2018-11-20 05:10:03,b'KEANU REEVES\xe2\x80\x99 \xe2\x80\x98Replicas\xe2\x80\x99 Official Trailer and Poster #Replicas https://t.co/57kkHXQQHC'
2018-11-20 05:00:06,"b'#Replicas Official Trailer Starring Keanu Reeves In Theaters January 11, 2019!! https://t.co/3aqEQM72io'"
2018-11-20 04:37:37,"b'RT @Fandango: Keanu Reeves returns to sci-fi in the brand new trailer for #Replicas. \nDoes the trailer get a ""whoa""? https://t.co/kmnlvCvFJM'"
2018-11-20 03:23:17,b'Love these romantic earrings with 16th Century tiles from a church in Evora #atrio_azulejos #tiles #replicas\xe2\x80\xa6 https://t.co/9aHoFIL1c0'
2018-11-20 03:13:57,"b'RT @Fandango: Keanu Reeves returns to sci-fi in the brand new trailer for #Replicas. \nDoes the trailer get a ""whoa""? https://t.co/kmnlvCvFJM'"
2018-11-20 03:06:17,b'Get a chilling new look at #keanureeves new film #replicas. #actor #hollywoodstar #hollywoodactor #filmproject\xe2\x80\xa6 https://t.co/10rT9hG6WB'
2018-11-20 03:04:36,"b'RT @Fandango: Keanu Reeves returns to sci-fi in the brand new trailer for #Replicas. \nDoes the trailer get a ""whoa""? https://t.co/kmnlvCvFJM'"
2018-11-20 02:51:34,"b'RT @Fandango: Keanu Reeves returns to sci-fi in the brand new trailer for #Replicas. \nDoes the trailer get a ""whoa""? https://t.co/kmnlvCvFJM'"
2018-11-20 02:36:09,"b'RT @Fandango: Keanu Reeves returns to sci-fi in the brand new trailer for #Replicas. \nDoes the trailer get a ""whoa""? https://t.co/kmnlvCvFJM'"
2018-11-20 02:31:28,"b'RT @Fandango: Keanu Reeves returns to sci-fi in the brand new trailer for #Replicas. \nDoes the trailer get a ""whoa""? https://t.co/kmnlvCvFJM'"
2018-11-20 02:08:28,b'RT @maliya_karan: #Poster : New poster for the sci-fi movie #Replicas starring #KeanuReeves.\n#top #look #art #perfect #pretty #cool #love #\xe2\x80\xa6'
2018-11-20 01:59:47,b'Here is my reaction to the Sci Fi flick starring #KeanuReeves #Replicas Oh and it has #AliceEve too which... https://t.co/RpZzzWUOUs'
2018-11-20 01:59:45,"b""RT @mr_reeves_blog: Another New Trailer for Sci-Fi Film 'Replicas' Starring Keanu Reeves https://t.co/esqL6v3KHI via @firstshowing #Replica\xe2\x80\xa6"""
2018-11-20 01:54:13,b'RT @Keanuital: Thanks! #keanureeves #replicas https://t.co/uyWoa4NYCg'
2018-11-20 01:51:00,b'#Poster : New poster for the sci-fi movie #Replicas starring #KeanuReeves. https://t.co/ohiMGUpw6W'
2018-11-20 01:42:45,b'The mind is a dangerous thing to transfer... #MeetYourMaker #Replicas #Poster https://t.co/LWgbgpnnPk'
2018-11-20 01:36:37,"b'#FantasticBeasts: Worst #BoxOffice Debut in #HarryPotter History - On #ColliderMovieTalk, Mark Ellis, Mark Reilly a\xe2\x80\xa6 https://t.co/FBNlAfqYYu'"
2018-11-20 01:22:24,b'Testing CPD functionality #F16simulator #homebuild #replicas https://t.co/EdqXwB2BnW'
2018-11-20 01:09:41,"b""RT @firstshowing: Another New Trailer for Sci-Fi Film 'Replicas' Starring Keanu Reeves https://t.co/WPRcDqsAZs #scifi #Replicas #KeanuReeve\xe2\x80\xa6"""
2018-11-20 01:05:00,"b""'Replicas\xe2\x80\x99 Trailer: Keanu Reeves Defies Every Law Of Nature To Get His Family Back ttp://bit.ly/2QTiy4c #replicas\xe2\x80\xa6 https://t.co/0Iu76eyf9R"""
2018-11-20 00:50:54,"b""RT @mr_reeves_blog: Another New Trailer for Sci-Fi Film 'Replicas' Starring Keanu Reeves https://t.co/esqL6v3KHI via @firstshowing #Replica\xe2\x80\xa6"""
2018-11-20 00:34:24,b'Check the new trailer for #Replicas! \n\nhttps://t.co/TKuuVLylVu via @ThePlaylist'
2018-11-20 00:08:00,"b""RT @mr_reeves_blog: Another New Trailer for Sci-Fi Film 'Replicas' Starring Keanu Reeves https://t.co/esqL6v3KHI via @firstshowing #Replica\xe2\x80\xa6"""
2018-11-20 00:03:06,"b""Another New Trailer for Sci-Fi Film 'Replicas' Starring Keanu Reeves https://t.co/esqL6v3KHI via @firstshowing\xe2\x80\xa6 https://t.co/trXTZYOKlt"""
2018-11-19 23:50:57,b'RT @CircleK_Fans: Here Are REPLICAS New Trailer And New Poster with Keanu Reeves #KeanuReeves #Replicas #Movie https://t.co/X0tEW9F2wM http\xe2\x80\xa6'
2018-11-19 23:50:00,b'RT @keanu__planet: \xf0\x9f\x8e\xacReplicas new trailer  \xe2\x9d\xa4\n#keanureeves\n#replicas\n#replicasmovie\nhttps://t.co/dx74Qft7ti\n\nAll trailers \xf0\x9f\x91\x87\nhttps://t.co/xIhk\xe2\x80\xa6'
2018-11-19 23:48:56,b'RT @CircleK_Fans: Here Are REPLICAS New Trailer And New Poster with Keanu Reeves #KeanuReeves #Replicas #Movie https://t.co/X0tEW9F2wM http\xe2\x80\xa6'
2018-11-19 23:48:40,b'RT @keanu__planet: \xf0\x9f\x8e\xacReplicas new trailer  \xe2\x9d\xa4\n#keanureeves\n#replicas\n#replicasmovie\nhttps://t.co/dx74Qft7ti\n\nAll trailers \xf0\x9f\x91\x87\nhttps://t.co/xIhk\xe2\x80\xa6'
2018-11-19 23:36:09,"b'Replicas - movie trailer: https://t.co/VckfDPVPUy\n\nscience-fcition thriller movie starring Keanu Reeves, Alice Eve,\xe2\x80\xa6 https://t.co/JxaEcezHEs'"
2018-11-19 23:30:24,"b""RT @firstshowing: Another New Trailer for Sci-Fi Film 'Replicas' Starring Keanu Reeves https://t.co/WPRcDqsAZs #scifi #Replicas #KeanuReeve\xe2\x80\xa6"""
2018-11-19 23:25:55,"b""Another New Trailer for Sci-Fi Film 'Replicas' Starring Keanu Reeves https://t.co/WPRcDqsAZs #scifi #Replicas\xe2\x80\xa6 https://t.co/x5Mclf61Mc"""
2018-11-19 23:25:13,"b'RT @Fandango: Keanu Reeves returns to sci-fi in the brand new trailer for #Replicas. \nDoes the trailer get a ""whoa""? https://t.co/kmnlvCvFJM'"
2018-11-19 23:23:01,"b'RT @Fandango: Keanu Reeves returns to sci-fi in the brand new trailer for #Replicas. \nDoes the trailer get a ""whoa""? https://t.co/kmnlvCvFJM'"
2018-11-19 22:57:43,"b'RT @Fandango: Keanu Reeves returns to sci-fi in the brand new trailer for #Replicas. \nDoes the trailer get a ""whoa""? https://t.co/kmnlvCvFJM'"
2018-11-19 22:51:58,"b'RT @Fandango: Keanu Reeves returns to sci-fi in the brand new trailer for #Replicas. \nDoes the trailer get a ""whoa""? https://t.co/kmnlvCvFJM'"
2018-11-19 22:45:37,"b'\xf0\x9f\x91\x8f\xf0\x9f\x91\x8f\xf0\x9f\x91\x8f\xf0\x9f\x91\x8d\xf0\x9f\x8f\xbeRT @Fandango: Keanu Reeves returns to sci-fi in the brand new trailer for #Replicas. \nDoes the trailer get a ""\xe2\x80\xa6 https://t.co/40ZQAN1yLi'"
2018-11-19 22:42:15,"b'RT @Fandango: Keanu Reeves returns to sci-fi in the brand new trailer for #Replicas. \nDoes the trailer get a ""whoa""? https://t.co/kmnlvCvFJM'"
2018-11-19 22:38:07,"b'RT @Fandango: Keanu Reeves returns to sci-fi in the brand new trailer for #Replicas. \nDoes the trailer get a ""whoa""? https://t.co/kmnlvCvFJM'"
2018-11-19 22:27:23,"b'RT @Fandango: Keanu Reeves returns to sci-fi in the brand new trailer for #Replicas. \nDoes the trailer get a ""whoa""? https://t.co/kmnlvCvFJM'"
2018-11-19 22:24:27,"b'RT @Fandango: Keanu Reeves returns to sci-fi in the brand new trailer for #Replicas. \nDoes the trailer get a ""whoa""? https://t.co/kmnlvCvFJM'"
2018-11-19 22:23:35,"b'RT @Fandango: Keanu Reeves returns to sci-fi in the brand new trailer for #Replicas. \nDoes the trailer get a ""whoa""? https://t.co/kmnlvCvFJM'"
2018-11-19 22:19:19,"b'RT @Fandango: Keanu Reeves returns to sci-fi in the brand new trailer for #Replicas. \nDoes the trailer get a ""whoa""? https://t.co/kmnlvCvFJM'"
2018-11-19 22:19:06,"b'RT @Fandango: Keanu Reeves returns to sci-fi in the brand new trailer for #Replicas. \nDoes the trailer get a ""whoa""? https://t.co/kmnlvCvFJM'"
2018-11-19 22:17:06,"b'RT @Fandango: Keanu Reeves returns to sci-fi in the brand new trailer for #Replicas. \nDoes the trailer get a ""whoa""? https://t.co/kmnlvCvFJM'"
2018-11-19 22:16:51,"b'Keanu Reeves returns to sci-fi in the brand new trailer for #Replicas. \nDoes the trailer get a ""whoa""? https://t.co/kmnlvCvFJM'"
2018-11-19 21:51:30,b'\xf0\x9f\x8e\xacReplicas new trailer  \xe2\x9d\xa4\n#keanureeves\n#replicas\n#replicasmovie\nhttps://t.co/dx74Qft7ti\n\nAll trailers \xf0\x9f\x91\x87\nhttps://t.co/xIhkEfcZUq'
2018-11-19 21:38:38,b'RT @keanu__planet: Thanks \xe2\x9d\xa4\n\xf0\x9f\x8e\xacReplicas now released in Nicaragua \xf0\x9f\x87\xb3\xf0\x9f\x87\xae \xf0\x9f\x98\x80\xe2\x9d\xa4\n#keanureeves\n#replicasmovie \n#replicas https://t.co/Mm4DynfDp8'
2018-11-19 21:17:15,b'#Replicas Trailer: A Keanu Reeves sci-fi flick ripped straight from \xe2\x80\x9995 https://t.co/M7vhwYN07r https://t.co/NDuqPruiac'
2018-11-19 21:09:06,b'Here Are REPLICAS New Trailer And New Poster with Keanu Reeves #KeanuReeves #Replicas #Movie https://t.co/X0tEW9F2wM https://t.co/RgU4Icl2P8'
2018-11-19 20:42:23,b'RT @Keanuital: Thanks! #keanureeves #replicas https://t.co/uyWoa4NYCg'
2018-11-19 20:19:17,b'RT @PoklukarJ: New Poster Replicas with Keanu Reeves https://t.co/oNyfCLfy0y \n#keanureeves #replicas https://t.co/LlH5KNy80B'
2018-11-19 19:46:15,b'New Poster Replicas with Keanu Reeves https://t.co/oNyfCLfy0y \n#keanureeves #replicas https://t.co/LlH5KNy80B'
2018-11-19 19:16:38,"b'Don\'t miss the new trailer for the Keanu Reeves sci-fi action thriller ""Replicas"" from Entertainment Studios Motion\xe2\x80\xa6 https://t.co/JVwxAzZqFm'"
2018-11-19 19:10:18,b'RT @vitalthrillscom: Keanu Reeves brings back his dead family in the new Replicas trailer #Replicas https://t.co/0mS7sbIn18'
2018-11-19 19:03:48,b'Keanu Reeves brings back his dead family in the new Replicas trailer #Replicas https://t.co/0mS7sbIn18'
2018-11-19 18:50:40,b'RT @Royal_Armouries: 30% off selected lines of replica arms and armour all week with our special online #BlackFriday discount. Visit the on\xe2\x80\xa6'
2018-11-19 16:25:43,b'RT @Keanuital: Thanks! #keanureeves #replicas https://t.co/uyWoa4NYCg'
2018-11-19 16:18:46,b'Thanks! #keanureeves #replicas https://t.co/uyWoa4NYCg'
2018-11-19 15:41:27,b'RT @JoserraMarcaida: #Replicas: Perspectives from the History of Art and Science &gt; Adam Lowe &amp; Simon Schaffer in conversation | 21 November\xe2\x80\xa6'
2018-11-19 12:47:55,b'RT @JoserraMarcaida: #Replicas: Perspectives from the History of Art and Science &gt; Adam Lowe &amp; Simon Schaffer in conversation | 21 November\xe2\x80\xa6'
2018-11-19 12:17:41,b'RT @JoserraMarcaida: #Replicas: Perspectives from the History of Art and Science &gt; Adam Lowe &amp; Simon Schaffer in conversation | 21 November\xe2\x80\xa6'
2018-11-19 12:16:28,b'RT @JoserraMarcaida: #Replicas: Perspectives from the History of Art and Science &gt; Adam Lowe &amp; Simon Schaffer in conversation | 21 November\xe2\x80\xa6'
2018-11-19 12:11:08,b'#Replicas: Perspectives from the History of Art and Science &gt; Adam Lowe &amp; Simon Schaffer in conversation | 21 Novem\xe2\x80\xa6 https://t.co/v4kbnd3PpB'
2018-11-19 10:01:06,b'30% off selected lines of replica arms and armour all week with our special online #BlackFriday discount. Visit the\xe2\x80\xa6 https://t.co/B2crstVwPF'
2018-11-19 00:39:28,"b'#Replicas trailer starring Keanu Reeves, Alice Eve &amp; Thomas Middleditch https://t.co/a3C5DMgxUl'"
2018-11-18 19:52:41,b'\xf0\x9f\xa4\xa3\xf0\x9f\x98\x82\xf0\x9f\xa4\xa3\xf0\x9f\x98\x82\xf0\x9f\x98\xad\xf0\x9f\x98\x82 Seen many high end replicas in Sales.  \n#lol #highend #replicas #fake #knockoffs https://t.co/4WXNyAmGV6'
2018-11-18 19:25:08,b'RT @keanu__planet: Thanks \xe2\x9d\xa4\n\xf0\x9f\x8e\xacReplicas now released in Nicaragua \xf0\x9f\x87\xb3\xf0\x9f\x87\xae \xf0\x9f\x98\x80\xe2\x9d\xa4\n#keanureeves\n#replicasmovie \n#replicas https://t.co/Mm4DynfDp8'
2018-11-18 16:40:08,b'RT @AllthingsKeanu: \xf0\x9f\x8e\xac\xf0\x9f\x92\x98 New York! \xf0\x9f\x92\x98\xf0\x9f\x8e\xac\n\n#keanureeves #NewYork #comiccon \n#Replicas #Scifi #keanucharlesreeves https://t.co/LvBcyDWqzk'
2018-11-18 16:38:27,b'\xf0\x9f\x8e\xac\xf0\x9f\x92\x98 New York! \xf0\x9f\x92\x98\xf0\x9f\x8e\xac\n\n#keanureeves #NewYork #comiccon \n#Replicas #Scifi #keanucharlesreeves https://t.co/LvBcyDWqzk'
2018-11-18 12:11:51,b'RT @keanu__planet: Thanks \xe2\x9d\xa4\n\xf0\x9f\x8e\xacReplicas now released in Nicaragua \xf0\x9f\x87\xb3\xf0\x9f\x87\xae \xf0\x9f\x98\x80\xe2\x9d\xa4\n#keanureeves\n#replicasmovie \n#replicas https://t.co/Mm4DynfDp8'
2018-11-18 11:23:56,b'Thanks \xe2\x9d\xa4\n\xf0\x9f\x8e\xacReplicas now released in Nicaragua \xf0\x9f\x87\xb3\xf0\x9f\x87\xae \xf0\x9f\x98\x80\xe2\x9d\xa4\n#keanureeves\n#replicasmovie \n#replicas https://t.co/Mm4DynfDp8'
2018-11-18 09:23:56,"b'RT @StirHeritage: @ableminds_ is looking forward to chairing at this V&amp;A conference, now open for bookings I see #replicas #plastercasts #s\xe2\x80\xa6'"
2018-11-17 23:58:20,b'#KeanuReeves Cheats Death in #Replicas Trailer \xe2\x80\x94 Watch Now! | https://t.co/uB3LBREmtl https://t.co/nO8tZXjBFj'
2018-11-17 23:02:09,b'Progress on these two cuties going well!!! #Zombies #BO3 #Replicas https://t.co/yp4InaTDV7'
2018-11-17 21:48:51,"b'RT @StirHeritage: @ableminds_ is looking forward to chairing at this V&amp;A conference, now open for bookings I see #replicas #plastercasts #s\xe2\x80\xa6'"
2018-11-17 18:50:33,"b'@ableminds_ is looking forward to chairing at this V&amp;A conference, now open for bookings I see #replicas\xe2\x80\xa6 https://t.co/lRCBgTQJLO'"
2018-11-17 18:44:40,"b'@ableminds_ is looking forward to chairing at this V&amp;A conference, now open for bookings I see #replicas\xe2\x80\xa6 https://t.co/Ffji1mA8TI'"
2018-11-17 18:19:04,b'Custom #weddingdresses and #replicas of couture designs for less are available here. https://t.co/CrOeHs00jr'
2018-11-17 05:30:43,"b'Replicas | Keanu Reeves, Alice Eve | Official Trailer (2019) https://t.co/eM1v20bkuR\n\n#ign #replicas #keanureeves\xe2\x80\xa6 https://t.co/LKP2hqDDwr'"
2018-11-17 05:23:20,"b'Replicas | Keanu Reeves, Alice Eve | Official Trailer (2019) https://t.co/7g2LIiue3e\n\n#ign #replicas #keanureeves\xe2\x80\xa6 https://t.co/QiPDMmvWge'"
2018-11-17 00:37:52,"b'RT @mr_reeves_blog: Thanks IGN!  Replicas Trailer (2019) Keanu Reeves, Alice Eve  https://t.co/pTOkPXKwEp #Replicas #keanureeves'"
2018-11-16 23:03:23,b'RT @keanu__planet: New trailer for \xf0\x9f\x8e\xac Replicas \xe2\x9d\xa4\n\n#keanureeves\n#replicas\n#replicasmovie https://t.co/kmyHTxvOSR'
2018-11-16 19:23:09,"b'RT @mr_reeves_blog: Thanks IGN!  Replicas Trailer (2019) Keanu Reeves, Alice Eve  https://t.co/pTOkPXKwEp #Replicas #keanureeves'"
2018-11-16 18:25:51,b'RT @keanu__planet: New trailer for \xf0\x9f\x8e\xac Replicas \xe2\x9d\xa4\n\n#keanureeves\n#replicas\n#replicasmovie https://t.co/kmyHTxvOSR'
2018-11-16 17:23:47,b'(beate) John Wick 2077? \xf0\x9f\x99\x82\n\n#Replicas\n#KeanuReeves https://t.co/rJIDS8nB5F'
2018-11-16 16:48:06,b'John Wick needs this technology to clone his wife and dog #keanureeves #replicas https://t.co/kjhCOy2Z5g'
2018-11-16 16:13:16,b'Poster for the upcoming Keanue Reeves film #replicas https://t.co/q4WdDAWbov'
2018-11-16 10:52:22,b'RT @keanu__planet: \xf0\x9f\x8e\xac Replicas \xe2\x9d\xa4\nRelease dates so far \n(according to IMDB)\n#keanureeves\n#replicas\n#replicasmovie https://t.co/Hej5xx37Cy'
2018-11-16 10:30:20,b'RT @keanu__planet: New trailer for \xf0\x9f\x8e\xac Replicas \xe2\x9d\xa4\n\n#keanureeves\n#replicas\n#replicasmovie https://t.co/kmyHTxvOSR'
2018-11-16 10:04:09,"b'RT @mr_reeves_blog: Thanks IGN!  Replicas Trailer (2019) Keanu Reeves, Alice Eve  https://t.co/pTOkPXKwEp #Replicas #keanureeves'"
2018-11-16 10:04:03,b'RT @keanu__planet: New trailer for \xf0\x9f\x8e\xac Replicas \xe2\x9d\xa4\n\n#keanureeves\n#replicas\n#replicasmovie https://t.co/kmyHTxvOSR'
2018-11-16 09:49:06,"b'#Replicas Trailer (2019)\n#KeanuReeves, #AliceEve ...\n https://t.co/tuXIlhESrN'"
2018-11-16 09:10:41,b'RT @keanu__planet: New trailer for \xf0\x9f\x8e\xac Replicas \xe2\x9d\xa4\n\n#keanureeves\n#replicas\n#replicasmovie https://t.co/kmyHTxvOSR'
2018-11-16 09:01:32,b'RT @keanu__planet: New trailer for \xf0\x9f\x8e\xac Replicas \xe2\x9d\xa4\n\n#keanureeves\n#replicas\n#replicasmovie https://t.co/kmyHTxvOSR'
2018-11-16 08:58:05,b'RT @keanu__planet: \xf0\x9f\x8e\xac Replicas \xe2\x9d\xa4\nRelease dates so far \n(according to IMDB)\n#keanureeves\n#replicas\n#replicasmovie https://t.co/Hej5xx37Cy'
2018-11-16 08:56:31,b'\xf0\x9f\x8e\xac Replicas \xe2\x9d\xa4\nRelease dates so far \n(according to IMDB)\n#keanureeves\n#replicas\n#replicasmovie https://t.co/Hej5xx37Cy'
2018-11-16 08:51:10,b'New trailer for \xf0\x9f\x8e\xac Replicas \xe2\x9d\xa4\n\n#keanureeves\n#replicas\n#replicasmovie https://t.co/kmyHTxvOSR'
2018-11-16 08:17:21,b'Speechless. #replicas #stardustapp https://t.co/5o57rrf1T1'
2018-11-16 07:11:04,b'What would you do for your family?  How far would you go?  #replicas #keanureeves #aliceeve https://t.co/LU0ztvbuSk'
2018-11-16 06:58:31,"b'10,000% Keanu Reeves is also a Clone #Replicas'"
2018-11-16 05:47:23,"b'RT @mr_reeves_blog: Thanks IGN!  Replicas Trailer (2019) Keanu Reeves, Alice Eve  https://t.co/pTOkPXKwEp #Replicas #keanureeves'"
2018-11-16 04:06:24,b'RT @2018Darius: This ball gown style #bridal dress is perfect for a #Church #wedding. The off the shoulder short sleeve #style is #perfect\xe2\x80\xa6'
2018-11-16 03:55:02,b'This ball gown style #bridal dress is perfect for a #Church #wedding. The off the shoulder short sleeve #style is\xe2\x80\xa6 https://t.co/rPvxliXjfE'
2018-11-16 03:39:00,"b'Thanks IGN!  Replicas Trailer (2019) Keanu Reeves, Alice Eve  https://t.co/pTOkPXKwEp #Replicas #keanureeves'"
2018-11-16 02:33:40,"b""#Replicas with #Fortnite 's John Wick looks pretty cool."""
2018-11-15 22:32:26,b'RT @mr_reeves_blog: Gallery of 17 Replica stills - decent size - includes new ones from today &amp; Chinese poster https://t.co/Jm5bU2qcwL #Rep\xe2\x80\xa6'
2018-11-15 21:35:01,"b'RT @KeanuReeves_USA: Keanu Reeves fan, Chris Mabbitt shared a photo. \n#KeanuReeves #JohnWick #ParaBellum #Replicas #WednesdayMotivation \n#w\xe2\x80\xa6'"
2018-11-15 21:08:02,b'RT @CircleK_Fans: Keanu Reeves Sci-Fi Thriller \xe2\x80\x98Replicas\xe2\x80\x99 Gets Release Date \xe2\x80\x93 Deadline #keanureeves #replicas https://t.co/auvhfVkwre'
2018-11-15 10:07:43,b'RT @hollyoutbreak: Keanu Reeves Tackles Tough Life-And-Death Choices In \xe2\x80\x98Replicas\xe2\x80\x99 https://t.co/bPhMCuj9a7 #KeanuReeves #Replicas #Replicas\xe2\x80\xa6'
2018-11-15 09:21:02,b'RT @Royal_Armouries: From 19th \xe2\x80\x93 26th November 2018 the Royal Armouries online shop will be offering a special #BlackFriday discount of 30%\xe2\x80\xa6'
2018-11-15 08:31:14,"b'RT @KeanuReeves_USA: Keanu Reeves fan, Chris Mabbitt shared a photo. \n#KeanuReeves #JohnWick #ParaBellum #Replicas #WednesdayMotivation \n#w\xe2\x80\xa6'"
2018-11-15 08:07:43,b'Come and visit our showrooms and meet the team https://t.co/OWBXuJIZZU #classiccarshow #cobra #gt40 #etype\xe2\x80\xa6 https://t.co/AlbMJWRyMD'
2018-11-15 07:09:53,"b'RT @KeanuReeves_USA: Keanu Reeves fan, Chris Mabbitt shared a photo. \n#KeanuReeves #JohnWick #ParaBellum #Replicas #WednesdayMotivation \n#w\xe2\x80\xa6'"
2018-11-14 21:58:09,"b'RT @KeanuReeves_USA: Keanu Reeves fan, Chris Mabbitt shared a photo. \n#KeanuReeves #JohnWick #ParaBellum #Replicas #WednesdayMotivation \n#w\xe2\x80\xa6'"
2018-11-14 18:19:04,b'Get custom #ballgowns and #replicas of couture #weddingdresses here. https://t.co/CM6hN3sZku'
2018-11-14 14:51:03,b'RT @PoklukarJ: Gallery of Replicas\n#keanureeves #Replicas  https://t.co/yzSXQmF5Mu https://t.co/VrrhnBdzl3'
2018-11-14 14:46:19,"b'RT @KeanuReeves_USA: Keanu Reeves fan, Chris Mabbitt shared a photo. \n#KeanuReeves #JohnWick #ParaBellum #Replicas #WednesdayMotivation \n#w\xe2\x80\xa6'"
2018-11-14 13:38:23,"b'RT @KeanuReeves_USA: Keanu Reeves fan, Chris Mabbitt shared a photo. \n#KeanuReeves #JohnWick #ParaBellum #Replicas #WednesdayMotivation \n#w\xe2\x80\xa6'"
2018-11-14 13:20:11,"b'RT @KeanuReeves_USA: Keanu Reeves fan, Chris Mabbitt shared a photo. \n#KeanuReeves #JohnWick #ParaBellum #Replicas #WednesdayMotivation \n#w\xe2\x80\xa6'"
2018-11-14 13:13:36,b'RT @PoklukarJ: Gallery of Replicas\n#keanureeves #Replicas  https://t.co/yzSXQmF5Mu https://t.co/VrrhnBdzl3'
2018-11-14 13:13:14,b'RT @Royal_Armouries: From 19th \xe2\x80\x93 26th November 2018 the Royal Armouries online shop will be offering a special #BlackFriday discount of 30%\xe2\x80\xa6'
2018-11-14 13:12:07,"b'RT @KeanuReeves_USA: Keanu Reeves fan, Chris Mabbitt shared a photo. \n#KeanuReeves #JohnWick #ParaBellum #Replicas #WednesdayMotivation \n#w\xe2\x80\xa6'"
2018-11-14 13:02:20,"b'Keanu Reeves fan, Chris Mabbitt shared a photo. \n#KeanuReeves #JohnWick #ParaBellum #Replicas #WednesdayMotivation\xe2\x80\xa6 https://t.co/hAP4aeXh2G'"
2018-11-14 13:02:11,b'From 19th \xe2\x80\x93 26th November 2018 the Royal Armouries online shop will be offering a special #BlackFriday discount of\xe2\x80\xa6 https://t.co/eONP1dJAme'
2018-11-14 06:07:28,b'RT @CircleK_Fans: Keanu Reeves Tackles Tough Life-And-Death Choices In \xe2\x80\x98Replicas\xe2\x80\x99 #KeanuReeves #replicas https://t.co/SWVX0UFdSw'
2018-11-14 05:58:48,b'RT @hollyoutbreak: Keanu Reeves Tackles Tough Life-And-Death Choices In \xe2\x80\x98Replicas\xe2\x80\x99 https://t.co/bPhMCuj9a7 #KeanuReeves #Replicas #Replicas\xe2\x80\xa6'
2018-11-14 04:04:37,b'#Replicas\n\nSay what now? Didnt Keanu learn not to fuck with computers already?!'
2018-11-14 02:14:03,b'RT @PoklukarJ: Gallery of Replicas\n#keanureeves #Replicas  https://t.co/yzSXQmF5Mu https://t.co/VrrhnBdzl3'
2018-11-14 01:51:10,b'RT @mr_reeves_blog: Gallery of 17 Replica stills - decent size - includes new ones from today &amp; Chinese poster https://t.co/Jm5bU2qcwL #Rep\xe2\x80\xa6'
2018-11-14 01:04:01,b'RT @PoklukarJ: Gallery of Replicas\n#keanureeves #Replicas  https://t.co/yzSXQmF5Mu https://t.co/VrrhnBdzl3'
2018-11-14 00:08:45,"b""RT @ovationtv: You definitely won't find these #replicas in a #museum! #TrompeLoeil\nhttps://t.co/46AoiOWPI6"""
2018-11-13 23:57:05,"b""You definitely won't find these #replicas in a #museum! #TrompeLoeil\nhttps://t.co/46AoiOWPI6"""
2018-11-13 23:54:21,b'I wonder what this could be #T-51b #PowerArmorHelmet #Fallout76 #Cosplay #Replicas #BrotherhoodOfSteel #West-Tek\xe2\x80\xa6 https://t.co/FBeGf3JLSX'
2018-11-13 23:30:25,b'RT @mr_reeves_blog: Gallery of 17 Replica stills - decent size - includes new ones from today &amp; Chinese poster https://t.co/Jm5bU2qcwL #Rep\xe2\x80\xa6'
2018-11-13 22:16:43,b'RT @hollyoutbreak: Keanu Reeves Tackles Tough Life-And-Death Choices In \xe2\x80\x98Replicas\xe2\x80\x99 https://t.co/bPhMCuj9a7 #KeanuReeves #Replicas #Replicas\xe2\x80\xa6'
2018-11-13 22:10:35,b'RT @hollyoutbreak: Keanu Reeves Tackles Tough Life-And-Death Choices In \xe2\x80\x98Replicas\xe2\x80\x99 https://t.co/bPhMCuj9a7 #KeanuReeves #Replicas #Replicas\xe2\x80\xa6'
2018-11-13 21:34:49,b'RT @hollyoutbreak: Keanu Reeves Tackles Tough Life-And-Death Choices In \xe2\x80\x98Replicas\xe2\x80\x99 https://t.co/bPhMCuj9a7 #KeanuReeves #Replicas #Replicas\xe2\x80\xa6'
2018-11-13 21:14:15,b'RT @hollyoutbreak: Keanu Reeves Tackles Tough Life-And-Death Choices In \xe2\x80\x98Replicas\xe2\x80\x99 https://t.co/bPhMCuj9a7 #KeanuReeves #Replicas #Replicas\xe2\x80\xa6'
2018-11-13 20:54:44,b'RT @mr_reeves_blog: Gallery of 17 Replica stills - decent size - includes new ones from today &amp; Chinese poster https://t.co/Jm5bU2qcwL #Rep\xe2\x80\xa6'
2018-11-13 20:44:50,b'RT @CircleK_Fans: Keanu Reeves Tackles Tough Life-And-Death Choices In \xe2\x80\x98Replicas\xe2\x80\x99 #KeanuReeves #replicas https://t.co/SWVX0UFdSw'
2018-11-13 20:42:29,b'RT @keanu__planet: Thanks \xe2\x9d\xa4\n#keanureeves \n#replicas \n#replicasmovie https://t.co/dsMAJjaJzy'
2018-11-13 20:42:13,b'RT @PoklukarJ: Gallery of Replicas\n#keanureeves #Replicas  https://t.co/yzSXQmF5Mu https://t.co/VrrhnBdzl3'
2018-11-13 20:42:09,b'RT @mr_reeves_blog: Gallery of 17 Replica stills - decent size - includes new ones from today &amp; Chinese poster https://t.co/Jm5bU2qcwL #Rep\xe2\x80\xa6'
2018-11-13 20:41:38,b'RT @CircleK_Fans: Keanu Reeves Tackles Tough Life-And-Death Choices In \xe2\x80\x98Replicas\xe2\x80\x99 #KeanuReeves #replicas https://t.co/SWVX0UFdSw'
2018-11-13 20:28:14,b'RT @mr_reeves_blog: Gallery of 17 Replica stills - decent size - includes new ones from today &amp; Chinese poster https://t.co/Jm5bU2qcwL #Rep\xe2\x80\xa6'
2018-11-13 19:54:17,b'Thanks \xe2\x9d\xa4\n#keanureeves \n#replicas \n#replicasmovie https://t.co/dsMAJjaJzy'
2018-11-13 19:15:05,b'#Awesome Spanish #artist Julio Anaya Cabanding creates #replicas of #famous paintings in the most #beautiful\xe2\x80\xa6 https://t.co/soTahal0sA'
2018-11-13 19:01:07,b'#Awesome Spanish #artist Julio Anaya Cabanding creates #replicas of #famous paintings in the most #beautiful\xe2\x80\xa6 https://t.co/ecSO2zSPb8'
2018-11-13 18:28:11,b'RT @mr_reeves_blog: Gallery of 17 Replica stills - decent size - includes new ones from today &amp; Chinese poster https://t.co/Jm5bU2qcwL #Rep\xe2\x80\xa6'
2018-11-13 17:47:12,b'RT @mr_reeves_blog: Gallery of 17 Replica stills - decent size - includes new ones from today &amp; Chinese poster https://t.co/Jm5bU2qcwL #Rep\xe2\x80\xa6'
2018-11-13 16:29:17,b'RT @keanu__planet: Thanks \xe2\x9d\xa4\n#keanureeves\n#replicas\n#replicasmovie https://t.co/CUFnzMca9T'
2018-11-13 16:23:35,b'RT @mr_reeves_blog: Gallery of 17 Replica stills - decent size - includes new ones from today &amp; Chinese poster https://t.co/Jm5bU2qcwL #Rep\xe2\x80\xa6'
2018-11-13 15:33:47,b'RT @PoklukarJ: Gallery of Replicas\n#keanureeves #Replicas  https://t.co/yzSXQmF5Mu https://t.co/VrrhnBdzl3'
2018-11-13 15:27:08,b'Gallery of Replicas\n#keanureeves #Replicas  https://t.co/yzSXQmF5Mu https://t.co/VrrhnBdzl3'
2018-11-13 14:37:05,b'RT @mr_reeves_blog: Gallery of 17 Replica stills - decent size - includes new ones from today &amp; Chinese poster https://t.co/Jm5bU2qcwL #Rep\xe2\x80\xa6'
2018-11-13 14:34:45,b'Gallery of 17 Replica stills - decent size - includes new ones from today &amp; Chinese poster https://t.co/Jm5bU2qcwL\xe2\x80\xa6 https://t.co/0DG1Aizw1j'
2018-11-13 13:03:50,b'RT @CircleK_Fans: Keanu Reeves Tackles Tough Life-And-Death Choices In \xe2\x80\x98Replicas\xe2\x80\x99 #KeanuReeves #replicas https://t.co/SWVX0UFdSw'
2018-11-13 11:11:28,b'RT @CircleK_Fans: Keanu Reeves Tackles Tough Life-And-Death Choices In \xe2\x80\x98Replicas\xe2\x80\x99 #KeanuReeves #replicas https://t.co/SWVX0UFdSw'
2018-11-13 11:06:29,b'Keanu Reeves Tackles Tough Life-And-Death Choices In \xe2\x80\x98Replicas\xe2\x80\x99 #KeanuReeves #replicas https://t.co/SWVX0UFdSw'
