2018-11-24 08:04:10,b'RT @MiguelAmodio: @TheProdigy dropping a new album that I somehow completely missed! No Tourists is so dope! Lots of moments that remind me\xe2\x80\xa6'
2018-11-24 08:03:17,b'@TheProdigy dropping a new album that I somehow completely missed! No Tourists is so dope! Lots of moments that rem\xe2\x80\xa6 https://t.co/Yx5zDSb7UT'
2018-11-24 05:27:07,b'Two Prodigy tickets for sale. In hand. 1/2/2019 #Melbourne #TheProdigy $250 ono Lower Section Row M.'
2018-11-24 05:18:48,b'Now playing #TheProdigy - Mindfields on North Texas Radio'
2018-11-24 04:09:20,b'Saw #theprodigy movie trailer last night before the main feature and \xf0\x9f\x98\xb1\xf0\x9f\x98\xb1\xf0\x9f\x98\xb1. JUST WATCH. #whatswrongwithmiles https://t.co/hZB32xak8B'
2018-11-24 01:56:18,b'\xef\xbc\x83TheProdigy \n\nGet Your Fight On \n[Edge of Tomorrow](Video) \nhttps://t.co/AyTHQspBuT https://t.co/HEMQeX8ATL'
2018-11-23 22:50:36,"b'Listen, like, share ;-), and by the way, I love your hair ;-)\n#music #soundcloudartist #soundcloud #edm #dnb\xe2\x80\xa6 https://t.co/3vnSufi6Yf'"
2018-11-23 22:38:09,b'2 tickets The Prodigy @ Ziggo Dome 09/12/2018 #TheProdigy #ZiggoDome #Amsterdam  https://t.co/A55KH33Y6p'
2018-11-23 20:59:36,b'RT @the_kirkinator: Just received..... \xe2\x80\x98We Eat Rhythm - The Prodigy Story\xe2\x80\x99 by Martin James and it is fantastic. Thank you Martin. I am hono\xe2\x80\xa6'
2018-11-23 20:22:58,"b'""I\'ll take your brain to another dimension"" ""Pay close attention"" #theprodigy https://t.co/ATs7UXaUY0'"
2018-11-23 19:01:54,"b""I've just purchased Official #theprodigy Merchandise from https://t.co/xnpNFv9CgK! @tmstoresuk"""
2018-11-23 17:06:53,b'bored at work? wake everyone up with this up high!!:\n#music #SoundCloud #soundcloudartist #edm #dnb #distortion\xe2\x80\xa6 https://t.co/4U5bvaSoJj'
2018-11-23 15:18:58,b'I tip my hat @the_prodigy !!\nI have missed you guys. This is a furious album and you nailed it on this one! Love it\xe2\x80\xa6 https://t.co/5pHsPBz9xV'
2018-11-23 14:20:03,b'RT @WORLDMUSICAWARD: TOP 10 ALBUMS ON \xf0\x9f\x8c\x8e ITUNES TODAY\n1\xe2\x83\xa3BohemianRhapsody #Queen\n2\xe2\x83\xa3ThePlatinumCollection Queen\n3\xe2\x83\xa3AStarIsBorn #LadyGaga #Bradl\xe2\x80\xa6'
2018-11-23 14:14:50,b'Are you ready for your fifth wedding? Or at least the weekend?\n#willandgrace #willandgracequotes\xe2\x80\xa6 https://t.co/ajEIeJ6hW5'
2018-11-23 13:41:41,b'Just received..... \xe2\x80\x98We Eat Rhythm - The Prodigy Story\xe2\x80\x99 by Martin James and it is fantastic. Thank you Martin. I am\xe2\x80\xa6 https://t.co/QudktwyrEc'
2018-11-23 13:00:31,"b'My newest review of #TheProdigy @ #AllyPally #AlexandraPalace is live now on The Independent Voice, check it out! https://t.co/UkxxTeNm90'"
2018-11-23 12:15:25,b'RT @WORLDMUSICAWARD: TOP 10 ALBUMS ON \xf0\x9f\x8c\x8e ITUNES TODAY\n1\xe2\x83\xa3BohemianRhapsody #Queen\n2\xe2\x83\xa3ThePlatinumCollection Queen\n3\xe2\x83\xa3AStarIsBorn #LadyGaga #Bradl\xe2\x80\xa6'
2018-11-23 10:37:21,"b""I've just purchased Official #theprodigy Merchandise from https://t.co/yHMWOl2Unr! @tmstoresuk https://t.co/2Z4JsYARgr"""
2018-11-23 10:28:55,"b'RT @the_prodigy: Massive respect to all our fans who supported us and put this album at number 1 today in the UK, let the noise ring out lo\xe2\x80\xa6'"
2018-11-23 10:25:01,b'#tshirtdayocking Rocking The Prodigy. Keep it 6.#theprodigy https://t.co/ljN91PcDA6'
2018-11-23 10:19:37,"b'RT @downwinddog: Massive EDM tune! #music #SoundCloud #soundcloudartist #edm #dnb #distortion #theprodigy listen, like and share :-D\nhttps:\xe2\x80\xa6'"
2018-11-23 10:19:09,b'Representing @the_prodigy on #TShirtDay whilst feeling the burn from seeing @Pitchshifter last night. Play somethin\xe2\x80\xa6 https://t.co/HXD1CJPdsG'
2018-11-23 10:10:32,"b'Massive EDM tune! #music #SoundCloud #soundcloudartist #edm #dnb #distortion #theprodigy listen, like and share :-D\nhttps://t.co/1xNorpqBPY'"
2018-11-23 09:27:00,"b'Basically the main theme of \xe2\x80\x9cChampions of London\xe2\x80\x9d comes from \xe2\x80\x9cVoodoo People\xe2\x80\x9d intro, right? @the_prodigy \xf0\x9f\xa4\x9f\xf0\x9f\x8f\xbc #notourists #theprodigy @BMGuk'"
2018-11-22 22:25:40,"b'Listen, like, share ;-) By the way, I love your hair ;-)\n#music #soundcloudartist #soundcloud #edm #dnb #electronic\xe2\x80\xa6 https://t.co/SWWQYdzBde'"
2018-11-22 17:40:24,"b'I was once in a terrible cephalopod incident. This is that story, as music\n#music #soundcloud #soundcloudartist\xe2\x80\xa6 https://t.co/PHxysAmscu'"
2018-11-22 17:19:27,"b'RT @the_prodigy: Massive respect to all our fans who supported us and put this album at number 1 today in the UK, let the noise ring out lo\xe2\x80\xa6'"
2018-11-22 16:31:05,"b'Bloody hell, Champions Of London! #theprodigy'"
2018-11-22 16:11:51,b'RT @WORLDMUSICAWARD: TOP 10 ALBUMS ON \xf0\x9f\x8c\x8e ITUNES TODAY\n1\xe2\x83\xa3BohemianRhapsody #Queen\n2\xe2\x83\xa3DontMessUpMyTempo #EXO\n3\xe2\x83\xa3AStarIsBorn #LadyGaga #BradleyCoo\xe2\x80\xa6'
2018-11-22 15:14:48,"b'4:08 on the Weather Experience, every time. #theprodigy'"
2018-11-22 12:45:17,b'No tourists no ride is free\nNo tourists no sight to see\n#theprodigy #notourists https://t.co/EMpAhdIk52'
2018-11-22 10:10:25,b'RT @WORLDMUSICAWARD: TOP 10 \xf0\x9f\x92\xbf ON \xf0\x9f\x8c\x8e ITUNES TODAY \n1\xe2\x83\xa3DontMessUpMyTempo #EXO\n2\xe2\x83\xa3BohemianRhapsody #Queen\n3\xe2\x83\xa3AStarIsBorn #LadyGaga #BradleyCooper\xe2\x80\xa6'
2018-11-22 07:44:20,b'RT @CorianderStudio: Maxim from The Prodigy has produced this fantastic limited edition print \n- THE NEED TO SERVE edition of 30.\nFOR MORE\xe2\x80\xa6'
2018-11-22 03:39:03,b'RT @WORLDMUSICAWARD: TOP 10 \xf0\x9f\x92\xbf ON \xf0\x9f\x8c\x8e\xf0\x9f\x8e\xb5 \n1\xe2\x83\xa3DontMessUpMyTempo #EXO\n2\xe2\x83\xa3AStarIsBorn #LadyGaga #BradleyCooper\n3\xe2\x83\xa3NoTourists #TheProdigy\n4\xe2\x83\xa3BohemianRha\xe2\x80\xa6'
2018-11-21 23:52:42,"b""RT @GravityKillsSTL: This new track is slammin'! The Prodigy - We Live Forever (Official Audio) https://t.co/758jWB4gzd via @YouTube @the_p\xe2\x80\xa6"""
2018-11-21 23:21:38,b'Nothing like a little Breathe blasting through your speakers to start your Thursday. Thanks @triplej \xe2\x9d\xa4\xef\xb8\x8f #music #theprodigy'
2018-11-21 20:59:52,b'RT @WORLDMUSICAWARD: TOP 10 ALBUMS ON \xf0\x9f\x8c\x8e ITUNES TODAY\n1\xe2\x83\xa3BohemianRhapsody #Queen\n2\xe2\x83\xa3DontMessUpMyTempo #EXO\n3\xe2\x83\xa3AStarIsBorn #LadyGaga #BradleyCoo\xe2\x80\xa6'
2018-11-21 14:35:13,b'RT @WORLDMUSICAWARD: TOP 10 \xf0\x9f\x92\xbf ON \xf0\x9f\x8c\x8e\xf0\x9f\x8e\xb5 \n1\xe2\x83\xa3DontMessUpMyTempo #EXO\n2\xe2\x83\xa3AStarIsBorn #LadyGaga #BradleyCooper\n3\xe2\x83\xa3NoTourists #TheProdigy\n4\xe2\x83\xa3BohemianRha\xe2\x80\xa6'
2018-11-21 13:19:58,"b'#music #SoundCloud #edm #179bpm #180bpm #theprodigy #distortion\nmy latest track, take a listen and be the first to\xe2\x80\xa6 https://t.co/WUZSVjuodx'"
2018-11-21 12:47:36,b'@the_prodigy stormed London last week. Read about their second triumphant night at Alexandra Palace here:\xe2\x80\xa6 https://t.co/lpqJYRIyaM'
2018-11-20 23:20:44,b'@the_prodigy live at @yourallypally #allypally #alexandrapalace #theprodigy @ Alexandra Palace https://t.co/uE0S3NlUXy'
2018-11-20 21:11:44,b'RT @WORLDMUSICAWARD: TOP 10 ALBUMS ON \xf0\x9f\x8c\x8e ITUNES TODAY\n1\xe2\x83\xa3BohemianRhapsody #Queen\n2\xe2\x83\xa3DontMessUpMyTempo #EXO\n3\xe2\x83\xa3AStarIsBorn #LadyGaga #BradleyCoo\xe2\x80\xa6'
2018-11-20 20:29:33,"b'RT @evil_gnome: ""i\'m a firestarter, twisted firestarter""\nhttps://t.co/NAPh3Gef11\n#TheProdigy #Keith - heh heh heh'"
2018-11-20 20:27:42,b'#TheProdigy  #AllyPally\nEpic SAY NO More https://t.co/NARjTG7Vnf'
2018-11-20 20:09:14,"b""I'm such a geek but I love it! #oswear #TheProdigy made it using watch maker. https://t.co/dfhKRd4OQZ"""
2018-11-20 19:28:14,b'Get in touch if your interested in purchasing. #signed by all members of #theprodigyofficial #theprodigy\xe2\x80\xa6 https://t.co/0WYfnfkaVh'
2018-11-20 18:04:42,b'RT @WORLDMUSICAWARD: TOP 10 \xf0\x9f\x92\xbf ON \xf0\x9f\x8c\x8e\xf0\x9f\x8e\xb5 \n1\xe2\x83\xa3DontMessUpMyTempo #EXO\n2\xe2\x83\xa3AStarIsBorn #LadyGaga #BradleyCooper\n3\xe2\x83\xa3NoTourists #TheProdigy\n4\xe2\x83\xa3BohemianRha\xe2\x80\xa6'
2018-11-20 16:07:43,"b""RT @louderthanwar: The Prodigy: Alexandra Palace, London 'a masterclass in tribal techno by continually ground breaking band rapturously re\xe2\x80\xa6"""
2018-11-20 14:56:31,"b'""i\'m a firestarter, twisted firestarter""\nhttps://t.co/NAPh3Gef11\n#TheProdigy #Keith - heh heh heh'"
2018-11-20 13:33:24,b'#TheProdigy issue 59 of #RaygunMagazine with the Techno legends. Available via Etsy: https://t.co/l6NCVS65j7 \xe2\x80\xa6 \xe2\x80\xa6\xe2\x80\xa6 https://t.co/5zUtw1qSsy'
2018-11-20 13:26:57,b'RT @HustlerGallery: Custom Made C-type Archival prints of #KeithFlint #TheProdigy now available from our eBay store: https://t.co/8BGddAvVz\xe2\x80\xa6'
2018-11-20 12:14:23,b'Custom Made C-type Archival prints of #KeithFlint #TheProdigy now available from our eBay store:\xe2\x80\xa6 https://t.co/0frCdCbPWz'
2018-11-20 12:04:39,b'RT @SirAyoto: Thank you Lord \xf0\x9f\x92\x95 @HatawKM #TheProdigy https://t.co/VszEtwlvP2'
2018-11-20 11:37:29,"b'There\xe2\x80\x99s something wrong with Miles. \xf0\x9f\x91\x80 Watch the first trailer for #TheProdigy, coming to #VOXCinemas this February.\xe2\x80\xa6 https://t.co/RkPJZUngRR'"
2018-11-20 10:02:22,"b""The Prodigy: Alexandra Palace, London 'a masterclass in tribal techno by continually ground breaking band rapturous\xe2\x80\xa6 https://t.co/FzS2R0JULw"""
2018-11-20 09:34:36,b'#TheProdigy #SmackMyBitchUp Remix 2018 by #Sedoy https://t.co/3PW3FUscdu'
2018-11-20 08:50:34,b'Thank you Lord \xf0\x9f\x92\x95 @HatawKM #TheProdigy https://t.co/VszEtwlvP2'
2018-11-20 04:43:35,b'RT @kalirohm666: The Prodigy - Smack My Bitch Up\n(Major Lazer Remix)  #theprodigy\nhttps://t.co/ThdombkCRc'
2018-11-20 00:17:34,b'RT @kalirohm666: The Prodigy - Smack My Bitch Up\n(Major Lazer Remix)  #theprodigy\nhttps://t.co/ThdombkCRc'
2018-11-20 00:17:00,b'The Prodigy - Smack My Bitch Up\n(Major Lazer Remix)  #theprodigy\nhttps://t.co/ThdombkCRc'
2018-11-19 23:28:02,b'#NoTourists is a fun romp through the past. #TheProdigy https://t.co/GLuBxsTqih https://t.co/4m34tbLFlf'
2018-11-19 21:17:23,b'RT @RetroCharts: #RetroCharts TOP 10 #Albums w/e 18.11.18\n#CurrentSalesRetroArtists\n#NumberOne - @QueenWillRock #Queen\n#AledJones #RussellW\xe2\x80\xa6'
2018-11-19 12:08:14,b'Maxim from The Prodigy has produced this fantastic limited edition print \n- THE NEED TO SERVE edition of 30.\nFOR MO\xe2\x80\xa6 https://t.co/opyhG4AQXC'
2018-11-19 11:26:15,b'I\xe2\x80\x99ve been banned for 3 days on @facebook for sharing #TheProdigy\xe2\x80\x99s \xe2\x80\x9cInvaders Must Die\xe2\x80\x9d song because it\xe2\x80\x99s apparently\xe2\x80\xa6 https://t.co/YKrSQCmHm6'
2018-11-19 08:25:37,b'#RetroCharts TOP 10 #Albums w/e 18.11.18\n#CurrentSalesRetroArtists\n#NumberOne - @QueenWillRock #Queen\n#AledJones\xe2\x80\xa6 https://t.co/BsfJ4uXWCn'
2018-11-19 06:23:18,b'\xef\xbc\x83TheProdigy \n\nLight Up the Sky (Lyric Video)  \nhttps://t.co/8UOdFrFmqy https://t.co/rC2r8P7YfR'
2018-11-19 04:08:21,b'Maxim - \xf0\x9f\x93\xb7 by Andrew Ogilvy\n#theprodigy #maxim https://t.co/8FANk8NJMA'
2018-11-19 04:05:12,b'The Prodigy - Their Law (Live)\n#theprodigy\nhttps://t.co/9Qm6vl6sA1'
2018-11-19 03:07:34,b'RT @WORLDMUSICAWARD: TOP 10 ALBUMS ON \xf0\x9f\x8c\x8e ITUNES TODAY\n1\xe2\x83\xa3BohemianRhapsody #Queen\n2\xe2\x83\xa3ThePlatinumCollection Queen\n3\xe2\x83\xa3AStarIsBorn #LadyGaga #Bradl\xe2\x80\xa6'
2018-11-19 02:41:06,b'RT @WORLDMUSICAWARD: TOP 10 ALBUMS ON \xf0\x9f\x8c\x8e ITUNES TODAY\n1\xe2\x83\xa3BohemianRhapsody #Queen\n2\xe2\x83\xa3ThePlatinumCollection Queen\n3\xe2\x83\xa3AStarIsBorn #LadyGaga #Bradl\xe2\x80\xa6'
2018-11-19 02:24:28,b'Liam Howlett  #theprodigy https://t.co/oumFa3sIlj'
2018-11-19 01:52:02,b'The Prodigy - Voodoo People \n(Pendulum Mix)  #theprodigy\nhttps://t.co/c2xu22yDJr'
2018-11-19 00:48:37,"b""I've just watched the last in the series of #CelebJuice #CelebrityJuice with Keith Lemon dressed as the lead singer\xe2\x80\xa6 https://t.co/GafmD78Nao"""
2018-11-18 23:52:32,b'RT @WORLDMUSICAWARD: TOP 10 ALBUMS ON \xf0\x9f\x8c\x8e ITUNES TODAY\n1\xe2\x83\xa3BohemianRhapsody #Queen\n2\xe2\x83\xa3ThePlatinumCollection Queen\n3\xe2\x83\xa3AStarIsBorn #LadyGaga #Bradl\xe2\x80\xa6'
2018-11-18 19:46:48,b'RT @WORLDMUSICAWARD: TOP 10 ALBUMS ON \xf0\x9f\x8c\x8e ITUNES TODAY\n1\xe2\x83\xa3BohemianRhapsody #Queen\n2\xe2\x83\xa3ThePlatinumCollection Queen\n3\xe2\x83\xa3AStarIsBorn #LadyGaga #Bradl\xe2\x80\xa6'
2018-11-18 18:17:49,b'RT @WORLDMUSICAWARD: TOP 10 \xf0\x9f\x92\xbf ON \xf0\x9f\x8c\x8e ITUNES TODAY \n1\xe2\x83\xa3DontMessUpMyTempo #EXO\n2\xe2\x83\xa3BohemianRhapsody #Queen\n3\xe2\x83\xa3AStarIsBorn #LadyGaga #BradleyCooper\xe2\x80\xa6'
2018-11-18 18:09:22,b'RT @WORLDMUSICAWARD: TOP 10 ALBUMS ON \xf0\x9f\x8c\x8e ITUNES TODAY\n1\xe2\x83\xa3BohemianRhapsody #Queen\n2\xe2\x83\xa3ThePlatinumCollection Queen\n3\xe2\x83\xa3AStarIsBorn #LadyGaga #Bradl\xe2\x80\xa6'
2018-11-18 16:41:52,b'RT @DubDefenders: In the zone \xf0\x9f\x91\x81 \n#family #echoarenaliverpool #theprodigy #notourists #warmup #supportact https://t.co/WoISbwzULS'
2018-11-18 16:15:13,b'RT @WORLDMUSICAWARD: TOP 10 ALBUMS ON \xf0\x9f\x8c\x8e ITUNES TODAY\n1\xe2\x83\xa3BohemianRhapsody #Queen\n2\xe2\x83\xa3DontMessUpMyTempo #EXO\n3\xe2\x83\xa3AStarIsBorn #LadyGaga #BradleyCoo\xe2\x80\xa6'
2018-11-18 16:13:57,b'RT @WORLDMUSICAWARD: TOP 10 ALBUMS ON \xf0\x9f\x8c\x8e ITUNES TODAY\n1\xe2\x83\xa3BohemianRhapsody #Queen\n2\xe2\x83\xa3ThePlatinumCollection Queen\n3\xe2\x83\xa3AStarIsBorn #LadyGaga #Bradl\xe2\x80\xa6'
2018-11-18 16:12:35,b'New #theprodigy album #notourists is FIRE \xf0\x9f\x94\xa5\xf0\x9f\x94\xa5\xf0\x9f\x94\xa5\xf0\x9f\x94\xa5best one yet. I hope they will never stop making music!!!\xf0\x9f\xa4\x91\xf0\x9f\xa4\x91\xf0\x9f\xa4\x91 #prodigyisback'
2018-11-18 15:59:42,b'RT @WORLDMUSICAWARD: TOP 10 ALBUMS ON \xf0\x9f\x8c\x8e ITUNES TODAY\n1\xe2\x83\xa3BohemianRhapsody #Queen\n2\xe2\x83\xa3ThePlatinumCollection Queen\n3\xe2\x83\xa3AStarIsBorn #LadyGaga #Bradl\xe2\x80\xa6'
2018-11-18 15:06:14,b'RT @WORLDMUSICAWARD: TOP 10 ALBUMS ON \xf0\x9f\x8c\x8e ITUNES TODAY\n1\xe2\x83\xa3BohemianRhapsody #Queen\n2\xe2\x83\xa3ThePlatinumCollection Queen\n3\xe2\x83\xa3AStarIsBorn #LadyGaga #Bradl\xe2\x80\xa6'
2018-11-18 13:30:24,b'RT @WORLDMUSICAWARD: TOP 10 ALBUMS ON \xf0\x9f\x8c\x8e ITUNES TODAY\n1\xe2\x83\xa3BohemianRhapsody #Queen\n2\xe2\x83\xa3ThePlatinumCollection Queen\n3\xe2\x83\xa3AStarIsBorn #LadyGaga #Bradl\xe2\x80\xa6'
2018-11-18 13:03:28,b'RT @WORLDMUSICAWARD: TOP 10 ALBUMS ON \xf0\x9f\x8c\x8e ITUNES TODAY\n1\xe2\x83\xa3BohemianRhapsody #Queen\n2\xe2\x83\xa3ThePlatinumCollection Queen\n3\xe2\x83\xa3AStarIsBorn #LadyGaga #Bradl\xe2\x80\xa6'
2018-11-18 12:42:22,b'RT @WORLDMUSICAWARD: TOP 10 ALBUMS ON \xf0\x9f\x8c\x8e ITUNES TODAY\n1\xe2\x83\xa3BohemianRhapsody #Queen\n2\xe2\x83\xa3ThePlatinumCollection Queen\n3\xe2\x83\xa3AStarIsBorn #LadyGaga #Bradl\xe2\x80\xa6'
2018-11-18 12:32:04,b'LOVE this! #theprodigy #notourists\nhttps://t.co/xCYBN8U4qp'
2018-11-18 10:38:25,b'How good is this album. This song. Just this! #TheProdigy #NoTourists #WeLiveForever https://t.co/5PmJJxcllR'
2018-11-18 10:30:59,b'RT @WORLDMUSICAWARD: TOP 10 ALBUMS ON \xf0\x9f\x8c\x8e ITUNES TODAY\n1\xe2\x83\xa3BohemianRhapsody #Queen\n2\xe2\x83\xa3ThePlatinumCollection Queen\n3\xe2\x83\xa3AStarIsBorn #LadyGaga #Bradl\xe2\x80\xa6'
2018-11-18 10:21:42,b'RT @WORLDMUSICAWARD: TOP 10 ALBUMS ON \xf0\x9f\x8c\x8e ITUNES TODAY\n1\xe2\x83\xa3BohemianRhapsody #Queen\n2\xe2\x83\xa3ThePlatinumCollection Queen\n3\xe2\x83\xa3AStarIsBorn #LadyGaga #Bradl\xe2\x80\xa6'
2018-11-18 10:17:54,b'RT @WORLDMUSICAWARD: TOP 10 ALBUMS ON \xf0\x9f\x8c\x8e ITUNES TODAY\n1\xe2\x83\xa3BohemianRhapsody #Queen\n2\xe2\x83\xa3ThePlatinumCollection Queen\n3\xe2\x83\xa3AStarIsBorn #LadyGaga #Bradl\xe2\x80\xa6'
2018-11-18 10:15:26,b'RT @WORLDMUSICAWARD: TOP 10 ALBUMS ON \xf0\x9f\x8c\x8e ITUNES TODAY\n1\xe2\x83\xa3BohemianRhapsody #Queen\n2\xe2\x83\xa3ThePlatinumCollection Queen\n3\xe2\x83\xa3AStarIsBorn #LadyGaga #Bradl\xe2\x80\xa6'
2018-11-18 09:53:26,"b""RT @Rave_Generation: Some footage from last week's Prodigy gig in Cardiff - nothing too lengthy, just a taster \xf0\x9f\x98\x81\n\nhttps://t.co/8nMRiqAMW7 #\xe2\x80\xa6"""
2018-11-18 09:08:58,b'RT @kalirohm666: The Prodigy - Invaders Must Die\nLive @ Glastonbury 2009\n#theprodigy\nhttps://t.co/ljGI2z1pRy'
2018-11-18 09:02:37,b'Lady Gaga Vs The Prodigy Vs La Roux - Voodoo Applause  (Robin Skouteris ... https://t.co/CJEKSBVkL0 #ladygaga #theprodigy'
2018-11-18 08:59:50,b'The Prodigy - Invaders Must Die\nLive @ Glastonbury 2009\n#theprodigy\nhttps://t.co/ljGI2z1pRy'
2018-11-18 08:37:14,b'RT @WORLDMUSICAWARD: TOP 10 ALBUMS ON \xf0\x9f\x8c\x8e ITUNES TODAY\n1\xe2\x83\xa3BohemianRhapsody #Queen\n2\xe2\x83\xa3ThePlatinumCollection Queen\n3\xe2\x83\xa3AStarIsBorn #LadyGaga #Bradl\xe2\x80\xa6'
2018-11-18 08:33:03,b'RT @WORLDMUSICAWARD: TOP 10 ALBUMS ON \xf0\x9f\x8c\x8e ITUNES TODAY\n1\xe2\x83\xa3BohemianRhapsody #Queen\n2\xe2\x83\xa3ThePlatinumCollection Queen\n3\xe2\x83\xa3AStarIsBorn #LadyGaga #Bradl\xe2\x80\xa6'
2018-11-18 08:28:09,b'You will all fall to The Fallen #TheProdigy #Draven #JessicaBlac #WWE2K19  #PS4share https://t.co/BeW1N2FgUi'
2018-11-18 07:33:20,"b'Day 308 :: November 14th, 2018 :: The Fat of the Land by The Prodigy (1997) #365albumsayear #TheProdigy https://t.co/VhUGaIhuHj'"
2018-11-18 07:33:15,b'No.25 WE LIVE FOREVER/THE PRODIGY\n#lovefm #love40 #radiko #\xe3\x82\xb7\xe3\x82\xa7\xe3\x82\xa2\xe3\x83\xa9\xe3\x82\xb8\xe3\x82\xaa #theprodigy'
2018-11-18 07:20:58,b'RT @WORLDMUSICAWARD: TOP 10 ALBUMS ON \xf0\x9f\x8c\x8e ITUNES TODAY\n1\xe2\x83\xa3BohemianRhapsody #Queen\n2\xe2\x83\xa3ThePlatinumCollection Queen\n3\xe2\x83\xa3AStarIsBorn #LadyGaga #Bradl\xe2\x80\xa6'
2018-11-18 06:54:04,b'RT @WORLDMUSICAWARD: TOP 10 ALBUMS ON \xf0\x9f\x8c\x8e ITUNES TODAY\n1\xe2\x83\xa3BohemianRhapsody #Queen\n2\xe2\x83\xa3ThePlatinumCollection Queen\n3\xe2\x83\xa3AStarIsBorn #LadyGaga #Bradl\xe2\x80\xa6'
2018-11-18 06:23:53,b'RT @WORLDMUSICAWARD: TOP 10 ALBUMS ON \xf0\x9f\x8c\x8e ITUNES TODAY\n1\xe2\x83\xa3BohemianRhapsody #Queen\n2\xe2\x83\xa3ThePlatinumCollection Queen\n3\xe2\x83\xa3AStarIsBorn #LadyGaga #Bradl\xe2\x80\xa6'
2018-11-18 06:11:20,"b'RT @ultimateguitar: The sound of ""No Tourists"" sits at an inconvenient middle between being more of the same for @the_prodigy, with those r\xe2\x80\xa6'"
2018-11-18 05:39:48,b'RT @WORLDMUSICAWARD: TOP 10 ALBUMS ON \xf0\x9f\x8c\x8e ITUNES TODAY\n1\xe2\x83\xa3BohemianRhapsody #Queen\n2\xe2\x83\xa3ThePlatinumCollection Queen\n3\xe2\x83\xa3AStarIsBorn #LadyGaga #Bradl\xe2\x80\xa6'
2018-11-18 05:33:00,b'RT @WORLDMUSICAWARD: TOP 10 ALBUMS ON \xf0\x9f\x8c\x8e ITUNES TODAY\n1\xe2\x83\xa3BohemianRhapsody #Queen\n2\xe2\x83\xa3ThePlatinumCollection Queen\n3\xe2\x83\xa3AStarIsBorn #LadyGaga #Bradl\xe2\x80\xa6'
2018-11-18 05:29:17,b'RT @WORLDMUSICAWARD: TOP 10 ALBUMS ON \xf0\x9f\x8c\x8e ITUNES TODAY\n1\xe2\x83\xa3BohemianRhapsody #Queen\n2\xe2\x83\xa3ThePlatinumCollection Queen\n3\xe2\x83\xa3AStarIsBorn #LadyGaga #Bradl\xe2\x80\xa6'
2018-11-18 05:25:12,b'RT @WORLDMUSICAWARD: TOP 10 ALBUMS ON \xf0\x9f\x8c\x8e ITUNES TODAY\n1\xe2\x83\xa3BohemianRhapsody #Queen\n2\xe2\x83\xa3ThePlatinumCollection Queen\n3\xe2\x83\xa3AStarIsBorn #LadyGaga #Bradl\xe2\x80\xa6'
2018-11-18 05:24:39,b'RT @WORLDMUSICAWARD: TOP 10 ALBUMS ON \xf0\x9f\x8c\x8e ITUNES TODAY\n1\xe2\x83\xa3BohemianRhapsody #Queen\n2\xe2\x83\xa3ThePlatinumCollection Queen\n3\xe2\x83\xa3AStarIsBorn #LadyGaga #Bradl\xe2\x80\xa6'
2018-11-18 05:20:31,b'RT @WORLDMUSICAWARD: TOP 10 ALBUMS ON \xf0\x9f\x8c\x8e ITUNES TODAY\n1\xe2\x83\xa3BohemianRhapsody #Queen\n2\xe2\x83\xa3ThePlatinumCollection Queen\n3\xe2\x83\xa3AStarIsBorn #LadyGaga #Bradl\xe2\x80\xa6'
2018-11-18 05:17:10,b'RT @WORLDMUSICAWARD: TOP 10 ALBUMS ON \xf0\x9f\x8c\x8e ITUNES TODAY\n1\xe2\x83\xa3BohemianRhapsody #Queen\n2\xe2\x83\xa3ThePlatinumCollection Queen\n3\xe2\x83\xa3AStarIsBorn #LadyGaga #Bradl\xe2\x80\xa6'
2018-11-18 05:14:38,b'RT @WORLDMUSICAWARD: TOP 10 ALBUMS ON \xf0\x9f\x8c\x8e ITUNES TODAY\n1\xe2\x83\xa3BohemianRhapsody #Queen\n2\xe2\x83\xa3ThePlatinumCollection Queen\n3\xe2\x83\xa3AStarIsBorn #LadyGaga #Bradl\xe2\x80\xa6'
2018-11-18 05:12:55,b'RT @WORLDMUSICAWARD: TOP 10 ALBUMS ON \xf0\x9f\x8c\x8e ITUNES TODAY\n1\xe2\x83\xa3BohemianRhapsody #Queen\n2\xe2\x83\xa3ThePlatinumCollection Queen\n3\xe2\x83\xa3AStarIsBorn #LadyGaga #Bradl\xe2\x80\xa6'
2018-11-18 05:12:15,b'RT @WORLDMUSICAWARD: TOP 10 ALBUMS ON \xf0\x9f\x8c\x8e ITUNES TODAY\n1\xe2\x83\xa3BohemianRhapsody #Queen\n2\xe2\x83\xa3ThePlatinumCollection Queen\n3\xe2\x83\xa3AStarIsBorn #LadyGaga #Bradl\xe2\x80\xa6'
2018-11-18 05:11:00,b'RT @WORLDMUSICAWARD: TOP 10 ALBUMS ON \xf0\x9f\x8c\x8e ITUNES TODAY\n1\xe2\x83\xa3BohemianRhapsody #Queen\n2\xe2\x83\xa3ThePlatinumCollection Queen\n3\xe2\x83\xa3AStarIsBorn #LadyGaga #Bradl\xe2\x80\xa6'
2018-11-18 05:10:06,b'RT @WORLDMUSICAWARD: TOP 10 ALBUMS ON \xf0\x9f\x8c\x8e ITUNES TODAY\n1\xe2\x83\xa3BohemianRhapsody #Queen\n2\xe2\x83\xa3ThePlatinumCollection Queen\n3\xe2\x83\xa3AStarIsBorn #LadyGaga #Bradl\xe2\x80\xa6'
2018-11-18 05:08:15,b'RT @WORLDMUSICAWARD: TOP 10 ALBUMS ON \xf0\x9f\x8c\x8e ITUNES TODAY\n1\xe2\x83\xa3BohemianRhapsody #Queen\n2\xe2\x83\xa3ThePlatinumCollection Queen\n3\xe2\x83\xa3AStarIsBorn #LadyGaga #Bradl\xe2\x80\xa6'
2018-11-18 05:08:01,b'RT @WORLDMUSICAWARD: TOP 10 ALBUMS ON \xf0\x9f\x8c\x8e ITUNES TODAY\n1\xe2\x83\xa3BohemianRhapsody #Queen\n2\xe2\x83\xa3ThePlatinumCollection Queen\n3\xe2\x83\xa3AStarIsBorn #LadyGaga #Bradl\xe2\x80\xa6'
2018-11-18 05:07:32,b'RT @WORLDMUSICAWARD: TOP 10 ALBUMS ON \xf0\x9f\x8c\x8e ITUNES TODAY\n1\xe2\x83\xa3BohemianRhapsody #Queen\n2\xe2\x83\xa3ThePlatinumCollection Queen\n3\xe2\x83\xa3AStarIsBorn #LadyGaga #Bradl\xe2\x80\xa6'
2018-11-18 05:07:09,b'RT @WORLDMUSICAWARD: TOP 10 ALBUMS ON \xf0\x9f\x8c\x8e ITUNES TODAY\n1\xe2\x83\xa3BohemianRhapsody #Queen\n2\xe2\x83\xa3ThePlatinumCollection Queen\n3\xe2\x83\xa3AStarIsBorn #LadyGaga #Bradl\xe2\x80\xa6'
2018-11-18 05:06:04,b'RT @WORLDMUSICAWARD: TOP 10 ALBUMS ON \xf0\x9f\x8c\x8e ITUNES TODAY\n1\xe2\x83\xa3BohemianRhapsody #Queen\n2\xe2\x83\xa3ThePlatinumCollection Queen\n3\xe2\x83\xa3AStarIsBorn #LadyGaga #Bradl\xe2\x80\xa6'
2018-11-18 05:06:03,b'RT @WORLDMUSICAWARD: TOP 10 ALBUMS ON \xf0\x9f\x8c\x8e ITUNES TODAY\n1\xe2\x83\xa3BohemianRhapsody #Queen\n2\xe2\x83\xa3ThePlatinumCollection Queen\n3\xe2\x83\xa3AStarIsBorn #LadyGaga #Bradl\xe2\x80\xa6'
2018-11-18 05:04:24,b'RT @WORLDMUSICAWARD: TOP 10 ALBUMS ON \xf0\x9f\x8c\x8e ITUNES TODAY\n1\xe2\x83\xa3BohemianRhapsody #Queen\n2\xe2\x83\xa3ThePlatinumCollection Queen\n3\xe2\x83\xa3AStarIsBorn #LadyGaga #Bradl\xe2\x80\xa6'
2018-11-18 05:04:20,b'RT @WORLDMUSICAWARD: TOP 10 ALBUMS ON \xf0\x9f\x8c\x8e ITUNES TODAY\n1\xe2\x83\xa3BohemianRhapsody #Queen\n2\xe2\x83\xa3ThePlatinumCollection Queen\n3\xe2\x83\xa3AStarIsBorn #LadyGaga #Bradl\xe2\x80\xa6'
2018-11-18 05:03:14,b'RT @WORLDMUSICAWARD: TOP 10 ALBUMS ON \xf0\x9f\x8c\x8e ITUNES TODAY\n1\xe2\x83\xa3BohemianRhapsody #Queen\n2\xe2\x83\xa3ThePlatinumCollection Queen\n3\xe2\x83\xa3AStarIsBorn #LadyGaga #Bradl\xe2\x80\xa6'
2018-11-18 05:03:13,b'RT @WORLDMUSICAWARD: TOP 10 ALBUMS ON \xf0\x9f\x8c\x8e ITUNES TODAY\n1\xe2\x83\xa3BohemianRhapsody #Queen\n2\xe2\x83\xa3ThePlatinumCollection Queen\n3\xe2\x83\xa3AStarIsBorn #LadyGaga #Bradl\xe2\x80\xa6'
2018-11-18 05:02:50,b'RT @WORLDMUSICAWARD: TOP 10 ALBUMS ON \xf0\x9f\x8c\x8e ITUNES TODAY\n1\xe2\x83\xa3BohemianRhapsody #Queen\n2\xe2\x83\xa3ThePlatinumCollection Queen\n3\xe2\x83\xa3AStarIsBorn #LadyGaga #Bradl\xe2\x80\xa6'
2018-11-18 05:02:43,b'RT @WORLDMUSICAWARD: TOP 10 ALBUMS ON \xf0\x9f\x8c\x8e ITUNES TODAY\n1\xe2\x83\xa3BohemianRhapsody #Queen\n2\xe2\x83\xa3ThePlatinumCollection Queen\n3\xe2\x83\xa3AStarIsBorn #LadyGaga #Bradl\xe2\x80\xa6'
2018-11-18 05:02:00,b'RT @WORLDMUSICAWARD: TOP 10 ALBUMS ON \xf0\x9f\x8c\x8e ITUNES TODAY\n1\xe2\x83\xa3BohemianRhapsody #Queen\n2\xe2\x83\xa3ThePlatinumCollection Queen\n3\xe2\x83\xa3AStarIsBorn #LadyGaga #Bradl\xe2\x80\xa6'
2018-11-18 02:37:46,"b'RT @the_prodigy: Massive respect to all our fans who supported us and put this album at number 1 today in the UK, let the noise ring out lo\xe2\x80\xa6'"
2018-11-17 19:05:41,b'RT @MahirDuezer9: #TheProdigy - Babys Got A Temper + Making Off https://t.co/k8HQpaWtP3 via @YouTube'
2018-11-17 19:04:56,b'#TheProdigy - Babys Got A Temper + Making Off https://t.co/k8HQpaWtP3 via @YouTube'
2018-11-17 17:18:57,"b'RT @MyelomaUK: #TheProdigy have recently auctioned off one of a kind memorabilia and raised almost \xc2\xa35,000 for Myeloma UK! \n\nAs well as the\xe2\x80\xa6'"
2018-11-17 15:33:03,"b""Can't get enough of #FightFireWithFire by #TheProdigy. Currently on repeat... much to the dismay of my neighbours I\xe2\x80\xa6 https://t.co/kpKihdTCWZ"""
2018-11-17 13:11:15,"b""RT @Rave_Generation: Some footage from last week's Prodigy gig in Cardiff - nothing too lengthy, just a taster \xf0\x9f\x98\x81\n\nhttps://t.co/8nMRiqAMW7 #\xe2\x80\xa6"""
2018-11-17 12:50:27,"b""Some footage from last week's Prodigy gig in Cardiff - nothing too lengthy, just a taster \xf0\x9f\x98\x81\n\nhttps://t.co/8nMRiqAMW7 #TheProdigy #notourists"""
2018-11-17 11:37:47,b'Follow The Fallen #WWE2K19 #TheProdigy #Draven #JessicaBlac #PS4share https://t.co/9uyX0YvgKO'
2018-11-17 10:24:49,b'The Prodigy - Timebomb Zone https://t.co/yceiU4bl9P via @YouTube #TimmysFavTrack #NoTourists #theprodigy'
2018-11-17 09:56:50,b'#theprodigy time for https://t.co/qbfp1QwL1b'
2018-11-17 09:11:12,b'#Weekend #Soundtrack Gerzinio Purple Haze Sessions #Bonus #Oldskool #MiniMix #THEPRODIGY #EXPERIENCE #PODCAST\xe2\x80\xa6 https://t.co/q48FLlQMQ2'
2018-11-17 08:51:17,b'RT @Prodigy_Fanboy: On our Instagram! #theprodigy #notourists https://t.co/jiXTJSqkmd https://t.co/b5vHIB8sdk'
2018-11-17 06:13:53,"b'#nowplaying ""The Prodigy - Shoot Down (Fujikato Remix)"" from the album [Always Outsiders Never Outdone] #theprodigy'"
2018-11-17 06:08:07,"b'#nowplaying ""The Prodigy - The Way It Is (Elektric Cowboy)"" from the album [Always Outsiders Never Outdone] #theprodigy'"
2018-11-17 06:02:48,"b'#nowplaying ""The Prodigy - You Will Be Under My Satanic Wheels (Act Of Dog)"" from the album [Always Outsiders Never Outdone] #theprodigy'"
2018-11-17 05:57:42,"b'#nowplaying ""The Prodigy - Phoenus (Pop Razors)"" from the album [Always Outsiders Never Outdone] #theprodigy'"
2018-11-17 05:55:05,"b'#nowplaying ""The Prodigy - Medusa Bitch (https://t.co/rWriaQu9S3.console)"" from the album [Always Outsiders Never Outdone] #theprodigy'"
2018-11-17 05:47:22,"b'#nowplaying ""The Prodigy - Action Radar (FakeID Mix)"" from the album [Always Outsiders Never Outdone] #theprodigy'"
2018-11-17 05:42:53,"b'#nowplaying ""The Prodigy - Been Up Long (Falsedawn)"" from the album [Always Outsiders Never Outdone] #theprodigy'"
2018-11-17 05:39:39,"b'#nowplaying ""The Prodigy - Hotride (Poj Mix)"" from the album [Always Outsiders Never Outdone] #theprodigy'"
2018-11-17 05:35:18,"b'#nowplaying ""The Prodigy - Get Up Get Off (Fujikato+Dancingdiscoduke remix)"" from the album [Always Outsiders Never Outdone] #theprodigy'"
2018-11-17 05:30:47,"b'#nowplaying ""The Prodigy - Jungle Bells (Dunproofin Mix)"" from the album [Always Outsiders Never Outdone] #theprodigy'"
2018-11-17 05:25:35,"b'#nowplaying ""The Prodigy - Girls (idiotech Remix)"" from the album [Always Outsiders Never Outdone] #theprodigy'"
2018-11-17 05:19:02,"b'#nowplaying ""The Prodigy - Spitfire (FakeIDs Evolution)"" from the album [Always Outsiders Never Outdone] #theprodigy'"
2018-11-17 04:28:03,b'The Prodigy (@the_prodigy) - Timebomb Zone [2018]\n\nhttps://t.co/uTgn40uMSU\n\n#NowPlaying #TheProdigy\n\nAudio: https://t.co/JARUWpAL9I'
2018-11-17 04:20:07,b'On our Instagram! #theprodigy #notourists https://t.co/jiXTJSqkmd https://t.co/b5vHIB8sdk'
2018-11-17 03:57:16,b'Omen de #TheProdigy\nhttps://t.co/52Ngtj9c9C'
2018-11-17 02:36:33,b'Vunny Vlogs -The prodigy \n\n#shalomkolontarov #shalomkolo #theprodigy #horror #scary #spooky #creepy #supernatural\xe2\x80\xa6 https://t.co/phbBWSUiEw'
2018-11-17 02:32:11,"b'If you want to be transported back to the 1990\xe2\x80\x99s but still feel like you\xe2\x80\x99re in 2018, I suggest getting Prodigy\xe2\x80\x99s new album. #theprodigy'"
2018-11-17 01:33:31,b'RT @TheConArdist: Yesssss been waiting for new music! Forgot about Ho99o9 but they are insane...in a good way. #ho99o9 #TheProdigy https://\xe2\x80\xa6'
2018-11-16 21:42:11,b'Yesssss been waiting for new music! Forgot about Ho99o9 but they are insane...in a good way. #ho99o9 #TheProdigy https://t.co/AwpklqjGVt'
2018-11-16 21:06:36,"b'#TheProdigy #NoTourists and signed set list! \xf0\x9f\x91\x8d Ordered while on hols in the states, paid in dollars from a UK compa\xe2\x80\xa6 https://t.co/Nm3lddq8nu'"
2018-11-16 21:01:18,b'RT @uselinksde: The Prodigy - No Tourists #TheProdigy https://t.co/CvZ99b6G7L'
2018-11-16 19:54:06,b'The Prodigy - No Tourists #TheProdigy https://t.co/CvZ99b6G7L'
2018-11-16 19:15:03,b'The new album by #TheProdigy is a banger of the highest order. #NoTourists'
2018-11-16 19:06:15,"b'Champions Of London! @the_prodigy #Tour \xe2\x9c\x8a\xf0\x9f\x94\xa5 #theprodigy #notourists\n#championsoflondon en London, United Kingdom https://t.co/xJz2KEDyKF'"
2018-11-16 17:59:30,"b""I've just purchased Official #theprodigy Merchandise from https://t.co/AbMnmCNR76! @tmstoresuk \xf0\x9f\x90\x9c\xf0\x9f\x90\x9c\xf0\x9f\x90\x9c"""
2018-11-16 17:53:05,b'RT @mtaylorfilm: @ReprezentRadio @the_prodigy @vin_dakoo @CrossTheDj @loukidan @DubDefenders @djjimbob @bengriffithsham @djhifunctioning @r\xe2\x80\xa6'
2018-11-16 17:50:30,"b'I must admit, I wasn\xe2\x80\x99t nervous about this gig. I was nervous about what follows. Nows the time to deliver\xe2\x80\xa6 https://t.co/cAHg7ITqFN'"
2018-11-16 16:15:06,b'Relieving our youth #theprodigy #theprodigyofficial @ Alexandra Palace https://t.co/zyuIgAeCWF'
2018-11-16 15:37:57,b'Remind us not to wear new shoes in a mosh pit next time \xf0\x9f\x98\xaa\n@ayesha89 \n#TheProdigy #Prodigy #Moshpit #trampled #fail\xe2\x80\xa6 https://t.co/ETB933Wnj2'
2018-11-16 15:36:23,"b'I\xe2\x80\x99m still not over how good @the_prodigy were last night!!! \nStill my childhood sweet hearts, still rock as hard as\xe2\x80\xa6 https://t.co/imTTb6UY8k'"
2018-11-16 15:27:33,"b'RT @FABeventsltd: First night of The Prodigy at Ally Pally done and dusted! \xf0\x9f\x90\x9c Bring on tonight, the last night of the UK tour \n#tour #tourl\xe2\x80\xa6'"
2018-11-16 15:01:13,b'Absolutely MENTAL gig at @Yourallypally for @the_prodigy last night... #NoTourists #TheProdigy #WeLiveForTheBeats\xe2\x80\xa6 https://t.co/zKsyv04yAG'
2018-11-16 14:45:26,"b'God bless The Prodigy, mental show! #TheProdigy #AllyPally https://t.co/q3Sv3X8txd'"
2018-11-16 14:11:48,b'The PRODIGY! Thank you! Ass thoroughly danced off! \n\n#theprodigy #theprodigyofficial #\xf0\x9f\x90\x9c #\xf0\x9f\xa4\x98\xf0\x9f\x8f\xbb#\xf0\x9f\x92\x83\xf0\x9f\x8f\xbb\xf0\x9f\x95\xba #dance @ Alexandra\xe2\x80\xa6 https://t.co/6aZsBgRYLw'
2018-11-16 14:10:52,b'@ReprezentRadio @the_prodigy @vin_dakoo @CrossTheDj @loukidan @DubDefenders @djjimbob @bengriffithsham\xe2\x80\xa6 https://t.co/pKb2TxlZif'
2018-11-16 14:08:59,b'Went a little bit offfffffeeeeee last night #fuckingawesome #TheProdigy #AllyPally https://t.co/sdJEhQ1237'
2018-11-16 13:14:10,b'\xf0\x9f\x90\x9c\xf0\x9f\xa4\xa1epic night prodigy party up #noturists allypally!!! Awsome old school rave up!!! \xf0\x9f\x90\x9c\xf0\x9f\x92\x80\xf0\x9f\x92\xaa\xf0\x9f\x92\xaa\xf0\x9f\x92\xaa #theprodigy #allypally\xe2\x80\xa6 https://t.co/mZkfHsCqrS'
2018-11-16 13:02:33,b'RT @Paul_Linney_DJ: THE PRODIGY last night in the mosh pit #TheProdigy https://t.co/Yivjv3lEwY'
2018-11-16 12:23:55,"b'Ears still ringing after the Prodigy absolutely killed it last night. One of the best gigs of the year, as always.\xe2\x80\xa6 https://t.co/kUVQa9E6sp'"
2018-11-16 12:21:59,"b'#TheProdigy at Ally Pally, what a show. https://t.co/pPmR95VJeC'"
2018-11-16 11:11:00,b'No Tourists at Alexandra Palace https://t.co/EGJZSLc2Z4 #theprodigy #prodigy #notourists #alexandrapalace #porkpie\xe2\x80\xa6 https://t.co/1o05LeDgfP'
2018-11-16 10:57:19,b'THE PRODIGY last night in the mosh pit #TheProdigy https://t.co/Yivjv3lEwY'
2018-11-16 10:34:11,"b""Can't beat a bit of old school #theprodigy #alexandrapalace https://t.co/oANt6nAM1p"""
2018-11-16 10:22:15,b'Still my total high light of last night #oneofmyalltimefavoitetracks #bucketlist #wanttoditagain #theprodigy @ Alex\xe2\x80\xa6 https://t.co/1mjYu2eIzc'
2018-11-16 10:20:15,"b""I've just purchased Official #theprodigy Merchandise from https://t.co/JQ7oFqIxXo! @tmstoresuk"""
2018-11-16 09:39:35,b'The Prodigy\nOut of Space\nWhat an epic night \xf0\x9f\x98\x88\n-\n-\n@the_prodigy @yourallypally rave #rave #dance #party #classic\xe2\x80\xa6 https://t.co/ZXfOfRboDY'
2018-11-16 08:50:05,b'@the_prodigy @Yourallypally @kellpak cracking tune to start the session. #TheProdigy #AlexandraPalace\xe2\x80\xa6 https://t.co/MEqiHHq6rG'
2018-11-16 07:58:42,b'If anyone was wondering... they were amazing. #TheProdigy #NoTourists @ Alexandra Palace https://t.co/vq97H1AD7J'
2018-11-16 06:56:39,b'@ChrisHawkinsUK #lightupthesky myself and wife were at #AllyPally for #theprodigy it was ace! https://t.co/M08QpKjuuM'
2018-11-16 06:54:35,b'Akneealation to his face. #TheProdigy #DeathAngel #AustinChase #WWE2K19 https://t.co/qglgipan8h'
2018-11-16 06:35:47,"b""RT @danhendo: Gotta' love hanging with @BJPennDotCom.\n#TheProdigy https://t.co/n68W1mu3No"""
2018-11-16 05:54:20,"b""RT @danhendo: Gotta' love hanging with @BJPennDotCom.\n#TheProdigy https://t.co/n68W1mu3No"""
2018-11-16 01:48:27,b'Just a taste of the evening. #ooft #theprodigy #notourists #nuts \xf0\x9f\xa4\xaa\xf0\x9f\xa4\x98\xf0\x9f\x91\xbe @ Alexandra Palace https://t.co/BLVCPnAo4d'
2018-11-16 01:15:16,"b'Fuck me @yourallypally, another bloody glorious night #theprodigy #allypally #bloodyglorious\xe2\x80\xa6 https://t.co/GA3a4KmF9f'"
2018-11-16 00:34:34,b'Smack My Bitch Up @the_prodigy \xf0\x9f\x90\x9c\xf0\x9f\x94\x8a\xf0\x9f\x94\xa5 #theprodigy #allypally #music https://t.co/LETte2SdRA'
2018-11-16 00:15:42,"b""On the way home from @the_prodigy and although I didn't get great pics it was still an insane performance. Glad the\xe2\x80\xa6 https://t.co/u0tU6pIp16"""
2018-11-16 00:09:49,b'Let\xe2\x80\x99s GO!!! #TheProdigy #AllyPally \xf0\x9f\x94\x89\xf0\x9f\x94\x89\xf0\x9f\x94\x89\xf0\x9f\x90\x9c\xf0\x9f\x90\x9c https://t.co/yLwYzpaTdI'
2018-11-15 23:46:17,b'Dommes night off @TiffanyNaylorxx #theprodigy #prodigy #smackmybitchup https://t.co/vQGVfvdhq8'
2018-11-15 23:46:01,"b""It's an omen... Carnage  @the_prodigy #allypally @yourallypally #alexandrapalace #theprodigy #omen @ Alexandra Pala\xe2\x80\xa6 https://t.co/rF6JtS3274"""
2018-11-15 23:08:38,b'If you lost these at #theprodigy @the_prodigy gig at alexanderpalace tonight I handed them in. \xf0\x9f\x91\x8a\xf0\x9f\x8f\xbc https://t.co/LiqHyVLrRk'
2018-11-15 22:43:40,b'Keith\xe2\x80\x99s outfit is on point tonight \xf0\x9f\x91\x8c\xf0\x9f\x8f\xbb#CelebJuice #TheProdigy'
2018-11-15 22:24:30,b'Missing my night at The Prodigy \xf0\x9f\x98\xa9 #theprodigy #niabirmingham https://t.co/wIjqy67ykv'
2018-11-15 22:23:21,"b""A few snaps from last night's #theprodigy gig @yourallypally . What a gig! That bass on SMBU was something else!\xe2\x80\xa6 https://t.co/iwAMQoJwmM"""
2018-11-15 22:07:50,b'Almost 13 years to the day - The Prodigy live \n#theprodigy #livemusic #Newcastle #throwbackthursday #tbt\xe2\x80\xa6 https://t.co/GWF1ubgQdE'
2018-11-15 22:05:12,b'#TheProdigy #NoTourists #electropunks Boom boom tap fuck you! @ First Direct Arena https://t.co/2Qijq9WGb2'
2018-11-15 21:42:49,"b""So #djslipmatt went to see #theprodigy last night and I CAN'T EVEN!!! Why didn't they ask him to play a set first??\xe2\x80\xa6 https://t.co/XTmzpXB5wR"""
2018-11-15 21:18:40,b'RT @gerzinio: #TheProdigy #Experience + B-Sides MiniMix \xf0\x9f\x94\xa5\xf0\x9f\x94\xa5 https://t.co/mMUMo7GRaF \xf0\x9f\x94\xa5\xf0\x9f\x94\xa5 1992 crew @zebeavs @Oldskoolalan  @oldskoolpool @olds\xe2\x80\xa6'
2018-11-15 21:17:38,b'Feeling fifteen again... \xe2\x9c\x8c\xf0\x9f\x8f\xbb\xf0\x9f\x91\x85\xf0\x9f\x8e\xa4 #theprodigy #selfie #punk #electro #allypally @ Alexandra Palace https://t.co/c49waKrixg'
2018-11-15 21:14:14,b'#TheProdigy fun fun fun https://t.co/D1EJ3EJKqG'
2018-11-15 21:12:59,b'Awaiting the Prodigy at Alexandra Palace with @mtstride1 @yourallypally #theprodigy #notourists https://t.co/qIYV4VNmlf'
2018-11-15 21:01:09,b'Alexandra Palace let\xe2\x80\x99s do this #theprodigy https://t.co/2g7gp2LQYe'
2018-11-15 21:00:26,b'They playing #FightThePower by #publicenemy at this #theprodigy gig.... Just me rapping along though! @ Alexandra P\xe2\x80\xa6 https://t.co/hi865mXzQr'
2018-11-15 20:55:29,b'Birthday gig! #TheProdigy #NoTourists #AllyPally @the_prodigy https://t.co/wtZDvTOeM5'
2018-11-15 20:51:55,b'The Prodigy @ ally pally @the_prodigy #synthjam #theprodigy https://t.co/6zVD1eJAAx'
2018-11-15 20:11:38,b'Waiting for Keith... #TheProdigy #NoTourists @ Alexandra Palace https://t.co/pdTiv8aiV7'
2018-11-15 19:55:24,"b'An original acrylic on Timber frame. 48""x36"" Large Format Painting. The Prodigy were always there and always will.\xe2\x80\xa6 https://t.co/0Vl2YyUvMN'"
2018-11-15 19:44:20,"b""RT @danhendo: Gotta' love hanging with @BJPennDotCom.\n#TheProdigy https://t.co/n68W1mu3No"""
2018-11-15 19:28:22,b'@the_prodigy live at Warrior Dance 2010. Little did I know 8 years later I would be opening up for the band and\xe2\x80\xa6 https://t.co/twUwvInfP6'
2018-11-15 19:23:01,b'Supposedly... this is a fish! \xf0\x9f\x98\x82\xf0\x9f\x90\x9f\xf0\x9f\x90\xa0\xf0\x9f\x90\xa1 Check out my mixtape that I created for The Prodigy x Reprezent Radio. It\xe2\x80\x99s a sh\xe2\x80\xa6 https://t.co/dPKW2duhWS'
2018-11-15 19:11:03,"b""RT @danhendo: Gotta' love hanging with @BJPennDotCom.\n#TheProdigy https://t.co/n68W1mu3No"""
2018-11-15 18:58:51,b'Can\xe2\x80\x99t stand Stormzy! What a dreadful choice as a @GlastoFest headliner. I won\xe2\x80\x99t be happy if that\xe2\x80\x99s true unless the\xe2\x80\xa6 https://t.co/dwQHtQUDmf'
2018-11-15 18:41:16,"b'@mcbazza I\xe2\x80\x99m with you on that\xe2\x80\xa6....unless they play Out of Space , then I\xe2\x80\x99m going off my nut.  #theprodigy #allypally #raving'"
2018-11-15 18:35:34,"b'RT @feinbeezy: #Repost @the_prodigy\n\xe3\x83\xbb\xe3\x83\xbb\xe3\x83\xbb\nMassive respect goes out to #ho99o9 who are onstage before us tonight in London, -Alexandra palace\xe2\x80\xa6'"
2018-11-15 18:29:46,"b'#Repost @the_prodigy\n\xe3\x83\xbb\xe3\x83\xbb\xe3\x83\xbb\nMassive respect goes out to #ho99o9 who are onstage before us tonight in London, -Alexandr\xe2\x80\xa6 https://t.co/BwqBhOCEqc'"
2018-11-15 18:00:55,b'RT @TomRowlett: Have x1 spare tickets for The Prodigy tonight @ Alexandra Palace \xc2\xa330 each \nCan meet at the venue \n#TheProdigy #tickets'
2018-11-15 17:30:04,b'RT @sammiesamseal: woah that was a dirty gig \xf0\x9f\x92\xa5\xf0\x9f\xa4\xaa #TheProdigy #NoTourists @the_prodigy #AllyPally https://t.co/w65MfA4uhU'
2018-11-15 17:17:56,b'Have x1 spare tickets for The Prodigy tonight @ Alexandra Palace \xc2\xa330 each \nCan meet at the venue \n#TheProdigy #tickets'
2018-11-15 17:17:44,"b'The sound of ""No Tourists"" sits at an inconvenient middle between being more of the same for @the_prodigy, with tho\xe2\x80\xa6 https://t.co/s8oWr83LnS'"
2018-11-15 17:10:45,b'RT @ahamilton306: @CarriganNigel @CarriganCian @WH_Irwins I still think Cian should enter Eurovision and do a Niamh Kavanagh or Eimear Quin\xe2\x80\xa6'
2018-11-15 16:54:04,b'@the_prodigy @Yourallypally Any chance you can tell the audience tonight to NOT USE THEIR MOBILE PHONES WHILST THE\xe2\x80\xa6 https://t.co/tKPyCpSNnW'
2018-11-15 16:41:55,b'@CarriganNigel @CarriganCian @WH_Irwins I still think Cian should enter Eurovision and do a Niamh Kavanagh or Eimea\xe2\x80\xa6 https://t.co/OdWnTSVT6n'
2018-11-15 16:38:54,b'RT @GradwellJason: Ticket still going ffs #TheProdigy #AllyPally'
2018-11-15 16:36:54,b'#TheProdigy #AllyPally   Got ticket for tonight. \xc2\xa340 https://t.co/JzOvm9zsPv'
2018-11-15 16:17:47,b'We have a spare ticket for @the_prodigy at Ally Pally tonight. Fave value. \xc2\xa352.40. Holler if you fancy it... #theprodigy #prodigy'
2018-11-15 16:06:42,b'Set times tonight for @the_prodigy @Yourallypally ? \xf0\x9f\x94\xa5\n#notourists #theprodigy'
2018-11-15 15:27:02,b'RT @GradwellJason: Ticket still going ffs #TheProdigy #AllyPally'
2018-11-15 15:21:59,b'RT @GradwellJason: I\xe2\x80\x99ve got a spare ticket for tonight #AllyPally #TheProdigy \xc2\xa340 https://t.co/wSGYCuWWqD'
2018-11-15 15:19:52,b'@the_prodigy ninas_art_volos #theprodigy #notourists #pebble #art\n#pebbleart\nLight Up The Sky!!! @ Ypsonas https://t.co/tmuOekjxB9'
2018-11-15 15:18:22,b'Ticket still going ffs #TheProdigy #AllyPally'
2018-11-15 15:16:31,b'Have x2 spare tickets for The Prodigy tonight @ Alexandra Palace \xc2\xa330 each \nCan meet at the venue \n#TheProdigy #tickets'
2018-11-15 15:13:53,"b'The time has come!! #theprodigy\xe2\x80\x99s #notourists concert tonight in #london \n#concert\n#livemusic en London, United Kin\xe2\x80\xa6 https://t.co/k5ax3cVh5b'"
2018-11-15 15:00:28,b'You\xe2\x80\x99re no good for me I don\xe2\x80\x99t need nobody #TheProdigy #7thtime #voodoovoodoowhatyougonnado'
2018-11-15 14:52:02,b'RT @GradwellJason: I\xe2\x80\x99ve got a spare ticket for tonight #AllyPally #TheProdigy \xc2\xa340 https://t.co/wSGYCuWWqD'
2018-11-15 14:07:31,b'RT @GradwellJason: I\xe2\x80\x99ve got a spare ticket for tonight #AllyPally #TheProdigy \xc2\xa340 https://t.co/wSGYCuWWqD'
2018-11-15 13:53:53,b'I\xe2\x80\x99ve got a spare ticket for tonight #AllyPally #TheProdigy \xc2\xa340 https://t.co/wSGYCuWWqD'
2018-11-15 12:56:47,"b'First night of The Prodigy at Ally Pally done and dusted! \xf0\x9f\x90\x9c Bring on tonight, the last night of the UK tour \n#tour\xe2\x80\xa6 https://t.co/gLPY36hCXK'"
2018-11-15 12:05:09,b'I have been sampling music all my life and this is certainly the biggest sampling sensation for me as a Czech citiz\xe2\x80\xa6 https://t.co/ob6ULLXgv9'
2018-11-15 10:38:29,b'Probably one of the BEST gigs I have ever been to!!!! \xf0\x9f\xa4\xa9 The Prodigy at AllyPally last night were insane!!! Plus whe\xe2\x80\xa6 https://t.co/awyPUMTaxa'
2018-11-15 10:34:11,b'Love this girl \xe2\x9d\xa4\xef\xb8\x8f charlottepavitt_sw #cousins #theprodigy #alexandrapalace #allypally @ Alexandra Palace https://t.co/XTgawuG9DR'
2018-11-15 10:24:23,b'RT @TheProdigyDaily: Ant logos. #TheProdigy #theprodigy blue or pink?!) https://t.co/xo4OMNetha'
2018-11-15 10:23:42,"b""Probably the best gig I've been to this year, @the_prodigy were on another level last night\xf0\x9f\xa4\x99\xf0\x9f\x8f\xbb #theprodigy\xe2\x80\xa6 https://t.co/DAOKyhlTzz"""
2018-11-15 10:20:52,b'@the_prodigy were amazing at Ally Pally last night! Had such a good time! #theprodigy #alexandrapalace #notourists\xe2\x80\xa6 https://t.co/wZr9tSzHd3'
2018-11-15 09:37:28,"b'RT @the_prodigy: Massive respect to all our fans who supported us and put this album at number 1 today in the UK, let the noise ring out lo\xe2\x80\xa6'"
2018-11-15 09:16:51,"b""RT @danhendo: Gotta' love hanging with @BJPennDotCom.\n#TheProdigy https://t.co/n68W1mu3No"""
2018-11-15 08:59:47,b'Who was the opening DJ before Friction and The Prodigy last night at Alexandra Palace?@Yourallypally @the_prodigy\xe2\x80\xa6 https://t.co/7lmXAtKjss'
2018-11-15 08:27:50,"b""If any of you are having a bad day today just remember that your dad probably isn't going to see The Prodigy with h\xe2\x80\xa6 https://t.co/3SoskkDjFY"""
2018-11-15 08:21:41,b'Keith Flint onstage at Alexandra Palace last night. #TheProdigy @the_prodigy https://t.co/oNc9CBi53R'
2018-11-15 08:13:33,b'My ears are still recovering this morning.  Amazing live performance! #TheProdigy #AlexandraPalace #AllyPally\xe2\x80\xa6 https://t.co/EgwWOMgPrs'
2018-11-15 08:13:18,b'#TBT Gerzinio Purple Haze Sessions #Bonus #Oldskool #MiniMix #THEPRODIGY #EXPERIENCE #PODCAST #NOWPLAYING #RAVE\xe2\x80\xa6 https://t.co/NwLiixIhKi'
2018-11-15 08:03:20,"b""RT @BettyMacs1957: It's taken a day for my senses to recover from the incredible live experience that is\xc2\xa0@the_prodigy \xf0\x9f\x98\xb1\xf0\x9f\x98\x8e @fdarena #Leeds\xc2\xa0la\xe2\x80\xa6"""
2018-11-15 07:52:30,b'Finally arrived from the UK. YES! @theprodigyfanboy @theprodigyofficial #theprodigy #notourists #australia\xe2\x80\xa6 https://t.co/iaXhSzj2WH'
2018-11-15 07:07:27,"b""RT @BettyMacs1957: It's taken a day for my senses to recover from the incredible live experience that is\xc2\xa0@the_prodigy \xf0\x9f\x98\xb1\xf0\x9f\x98\x8e @fdarena #Leeds\xc2\xa0la\xe2\x80\xa6"""
2018-11-15 06:44:41,b'RT @WORLDMUSICAWARD: TOP 10 \xf0\x9f\x92\xbf ON \xf0\x9f\x8c\x8e\xf0\x9f\x8e\xb5 \n1\xe2\x83\xa3DontMessUpMyTempo #EXO\n2\xe2\x83\xa3AStarIsBorn #LadyGaga #BradleyCooper\n3\xe2\x83\xa3NoTourists #TheProdigy\n4\xe2\x83\xa3BohemianRha\xe2\x80\xa6'
2018-11-15 04:32:19,"b""RT @danhendo: Gotta' love hanging with @BJPennDotCom.\n#TheProdigy https://t.co/n68W1mu3No"""
2018-11-15 03:04:06,"b""RT @danhendo: Gotta' love hanging with @BJPennDotCom.\n#TheProdigy https://t.co/n68W1mu3No"""
2018-11-15 02:42:12,"b""RT @dickielynch: Every bit of me hurts..... I'm deaf in one ear, they are ringing hard. I have a black eye, fat lip, can't walk properly an\xe2\x80\xa6"""
2018-11-15 02:11:27,"b'RT @the_prodigy: Massive respect to all our fans who supported us and put this album at number 1 today in the UK, let the noise ring out lo\xe2\x80\xa6'"
2018-11-15 02:05:46,b'Insane production levels at @the_prodigy tonight at @yourallypally #alexandrapalace #theprodigy #allypally @ Alexan\xe2\x80\xa6 https://t.co/f7XMFa3Uoo'
2018-11-15 01:52:25,"b""RT @danhendo: Gotta' love hanging with @BJPennDotCom.\n#TheProdigy https://t.co/n68W1mu3No"""
2018-11-15 01:44:52,"b""#theprodigy at #allypally  From a cassette in '97 to a gig in 2018. Amazing https://t.co/C1w46wajJq"""
2018-11-15 01:32:56,b'Well that was exhilarating for a 42 year old pit bloke #TheProdigy'
2018-11-15 00:52:14,b'Tonight @yourallypally the amazing @theprodigyofficial I felt I was 16 again raving it up. Great night out with\xe2\x80\xa6 https://t.co/xO4MNqSFZD'
2018-11-15 00:43:31,"b""RT @danhendo: Gotta' love hanging with @BJPennDotCom.\n#TheProdigy https://t.co/n68W1mu3No"""
2018-11-15 00:29:10,b'Best live band ever #Alexandrapalace #AllyPally #TheProdigy #livemusic #prodigy #prodigylive #keithflint #maxim https://t.co/hAj6c3mC0C'
2018-11-15 00:23:49,b'RT @sammiesamseal: woah that was a dirty gig \xf0\x9f\x92\xa5\xf0\x9f\xa4\xaa #TheProdigy #NoTourists @the_prodigy #AllyPally https://t.co/w65MfA4uhU'
2018-11-15 00:21:12,"b""RT @danhendo: Gotta' love hanging with @BJPennDotCom.\n#TheProdigy https://t.co/n68W1mu3No"""
2018-11-15 00:21:09,b'woah that was a dirty gig \xf0\x9f\x92\xa5\xf0\x9f\xa4\xaa #TheProdigy #NoTourists @the_prodigy #AllyPally https://t.co/w65MfA4uhU'
2018-11-15 00:17:13,b'#theprodigy pretty amazing @ Alexandra Palace https://t.co/Pp27lpBF5A'
2018-11-15 00:15:44,b'The Prodigy @ Ally Pally\n\n#theprodigy #prodigy #allypally #alexandrapalace #concert #gig https://t.co/JYTThcH5cF'
2018-11-14 23:50:13,"b'Dance warriors ""The Prodigy"" have released their second album in 3 years with ""No Tourists"" following ""The Day Is M\xe2\x80\xa6 https://t.co/rl7m7wLHkS'"
2018-11-14 23:39:37,"b""RT @danhendo: Gotta' love hanging with @BJPennDotCom.\n#TheProdigy https://t.co/n68W1mu3No"""
2018-11-14 23:24:06,"b""Danced my feet off at #TheProdigy at #AlexandraPalace tonight. Perhaps unwise as I'm standing at ROH tomorrow night\xe2\x80\xa6 https://t.co/aubSo60Mwg"""
2018-11-14 23:16:27,"b""RT @danhendo: Gotta' love hanging with @BJPennDotCom.\n#TheProdigy https://t.co/n68W1mu3No"""
2018-11-14 23:10:00,"b'Well, that was fun! #TheProdigy #AllyPally #london #concerts #raving https://t.co/NAstohnGfk'"
2018-11-14 23:01:31,"b""FFS WHAT'S CHANGED.. 12..50  jd on it's own .@Yourallypally let's goooooo... Double please.. ...\n\n,#theprodigy ,#whoever"""
2018-11-14 22:55:39,"b""RT @danhendo: Gotta' love hanging with @BJPennDotCom.\n#TheProdigy https://t.co/n68W1mu3No"""
2018-11-14 22:49:38,"b""RT @BettyMacs1957: It's taken a day for my senses to recover from the incredible live experience that is\xc2\xa0@the_prodigy \xf0\x9f\x98\xb1\xf0\x9f\x98\x8e @fdarena #Leeds\xc2\xa0la\xe2\x80\xa6"""
2018-11-14 22:47:32,b'RT @Davewhite1994: @the_prodigy were insane tonight at @yourallypally #alexandrapalace #allypally #smackmybitchup #theprodigy #london #musi\xe2\x80\xa6'
2018-11-14 22:45:24,b'@the_prodigy were insane tonight at @yourallypally #alexandrapalace #allypally #smackmybitchup #theprodigy #london\xe2\x80\xa6 https://t.co/xIyFVUlHxQ'
2018-11-14 22:31:52,"b""RT @danhendo: Gotta' love hanging with @BJPennDotCom.\n#TheProdigy https://t.co/n68W1mu3No"""
2018-11-14 22:29:08,"b""RT @danhendo: Gotta' love hanging with @BJPennDotCom.\n#TheProdigy https://t.co/n68W1mu3No"""
2018-11-14 22:25:01,"b""RT @danhendo: Gotta' love hanging with @BJPennDotCom.\n#TheProdigy https://t.co/n68W1mu3No"""
2018-11-14 22:19:49,"b""RT @danhendo: Gotta' love hanging with @BJPennDotCom.\n#TheProdigy https://t.co/n68W1mu3No"""
2018-11-14 22:05:07,"b""RT @danhendo: Gotta' love hanging with @BJPennDotCom.\n#TheProdigy https://t.co/n68W1mu3No"""
2018-11-14 22:01:36,"b""RT @danhendo: Gotta' love hanging with @BJPennDotCom.\n#TheProdigy https://t.co/n68W1mu3No"""
2018-11-14 22:01:27,"b""RT @danhendo: Gotta' love hanging with @BJPennDotCom.\n#TheProdigy https://t.co/n68W1mu3No"""
2018-11-14 21:52:21,b'RT @gerzinio: #TheProdigy #Experience + B-Sides MiniMix \xf0\x9f\x94\xa5\xf0\x9f\x94\xa5 https://t.co/mMUMo7GRaF \xf0\x9f\x94\xa5\xf0\x9f\x94\xa5 1992 crew @zebeavs @Oldskoolalan  @oldskoolpool @olds\xe2\x80\xa6'
2018-11-14 21:52:20,b'RT @gerzinio: #TheProdigy #Experience + B-Sides MiniMix \xf0\x9f\x94\xa5\xf0\x9f\x94\xa5 https://t.co/mMUMo7GRaF \xf0\x9f\x94\xa5\xf0\x9f\x94\xa5 1992 crew @zebeavs @Oldskoolalan  @oldskoolpool @olds\xe2\x80\xa6'
2018-11-14 21:49:31,b'#TheProdigy #Experience + B-Sides MiniMix \xf0\x9f\x94\xa5\xf0\x9f\x94\xa5 https://t.co/mMUMo7GRaF \xf0\x9f\x94\xa5\xf0\x9f\x94\xa5 1992 crew @zebeavs @Oldskoolalan\xe2\x80\xa6 https://t.co/tbxGicmKF1'
2018-11-14 21:40:05,b'RT @TheProdigyDaily: Ant logos. #TheProdigy #theprodigy blue or pink?!) https://t.co/xo4OMNetha'
2018-11-14 21:31:57,"b""RT @danhendo: Gotta' love hanging with @BJPennDotCom.\n#TheProdigy https://t.co/n68W1mu3No"""
2018-11-14 21:13:02,"b""RT @danhendo: Gotta' love hanging with @BJPennDotCom.\n#TheProdigy https://t.co/n68W1mu3No"""
2018-11-14 21:07:10,"b""RT @BettyMacs1957: It's taken a day for my senses to recover from the incredible live experience that is\xc2\xa0@the_prodigy \xf0\x9f\x98\xb1\xf0\x9f\x98\x8e @fdarena #Leeds\xc2\xa0la\xe2\x80\xa6"""
2018-11-14 21:06:21,b'exciting! @the_prodigy @Yourallypally #theProdigy https://t.co/oy4pjxHnah'
2018-11-14 21:05:01,"b""It's taken a day for my senses to recover from the incredible live experience that is\xc2\xa0@the_prodigy \xf0\x9f\x98\xb1\xf0\x9f\x98\x8e @fdarena\xe2\x80\xa6 https://t.co/87vfpEhwpL"""
2018-11-14 20:55:26,"b""Bring on #theprodigy don't whether to laugh or cry https://t.co/Xh8j5frdhN"""
2018-11-14 20:51:24,"b""RT @danhendo: Gotta' love hanging with @BJPennDotCom.\n#TheProdigy https://t.co/n68W1mu3No"""
2018-11-14 20:39:50,"b""RT @danhendo: Gotta' love hanging with @BJPennDotCom.\n#TheProdigy https://t.co/n68W1mu3No"""
2018-11-14 20:37:29,"b""RT @danhendo: Gotta' love hanging with @BJPennDotCom.\n#TheProdigy https://t.co/n68W1mu3No"""
2018-11-14 20:37:17,"b""RT @danhendo: Gotta' love hanging with @BJPennDotCom.\n#TheProdigy https://t.co/n68W1mu3No"""
2018-11-14 20:35:51,"b""RT @danhendo: Gotta' love hanging with @BJPennDotCom.\n#TheProdigy https://t.co/n68W1mu3No"""
2018-11-14 20:33:47,"b""RT @danhendo: Gotta' love hanging with @BJPennDotCom.\n#TheProdigy https://t.co/n68W1mu3No"""
2018-11-14 20:30:57,"b'RT @the_prodigy: Massive respect to all our fans who supported us and put this album at number 1 today in the UK, let the noise ring out lo\xe2\x80\xa6'"
2018-11-14 20:30:07,"b""RT @danhendo: Gotta' love hanging with @BJPennDotCom.\n#TheProdigy https://t.co/n68W1mu3No"""
2018-11-14 20:29:42,"b""Gotta' love hanging with @BJPennDotCom.\n#TheProdigy https://t.co/n68W1mu3No"""
2018-11-14 20:20:46,b'@friction sounding huge supporting @the_prodigy at @yourallypally #friction #fatboyslim #righthererightnow\xe2\x80\xa6 https://t.co/WP5PXENKAI'
2018-11-14 20:15:36,"b""The Prodigy - 'Breathe' https://t.co/X6enK1SYzV via @YouTube Always remember to breathe. \xf0\x9f\x99\x8f\xf0\x9f\x8f\xbd #theprodigy #breathe #Mindfulness"""
2018-11-14 19:36:00,b'Liam Howlett\n#theprodigy https://t.co/WUD73o5lSf'
2018-11-14 19:16:49,b'Matt - don\xe2\x80\x99t take my picture! I\xe2\x80\x99m havin\xe2\x80\x99 me beer. \xf0\x9f\xa4\xa3 #TanoshiiLife #Gig #AlexanderPalace #Beer #MattAndHisBeer\xe2\x80\xa6 https://t.co/Bo5wwRp3Pt'
2018-11-14 18:53:41,b'RT @TheProdigyDaily: Liam Howlett. 9/11/18 Motorpoint Arena Cardiff. #TheProdigy #theprodigy @the_prodigy https://t.co/rgCLhsatUp'
2018-11-14 18:53:35,b'RT @TheProdigyDaily: Ant logos. #TheProdigy #theprodigy blue or pink?!) https://t.co/xo4OMNetha'
2018-11-14 18:12:13,"b""RT @click_for_tix: Tickets available for tonight's gig in London selling for \xc2\xa350 each can meet at venue from 6.30pm please call me on 07504\xe2\x80\xa6"""
2018-11-14 18:08:15,b'The Prodigy live please. #music #theprodigy #mood'
2018-11-14 17:47:59,"b'RT @the_prodigy: Massive respect to all our fans who supported us and put this album at number 1 today in the UK, let the noise ring out lo\xe2\x80\xa6'"
2018-11-14 17:38:24,b'The new album from The Prodigy is a banger. Get it. #TheProdigy rules.\nhttps://t.co/TvKPmFpxxc'
2018-11-14 17:32:53,b'A celebration...so hyped \xf0\x9f\x99\x8c\n\n#Repost from @the_prodigy with https://t.co/ywcCqYxXF3 \n ... \n\nLondon Town - Alexandra\xe2\x80\xa6 https://t.co/Q8p63tuop8'
2018-11-14 17:32:49,"b""RT @click_for_tix: Tickets available for tonight's gig in London selling for \xc2\xa350 each can meet at venue from 6.30pm please call me on 07504\xe2\x80\xa6"""
2018-11-14 17:19:47,b'Off to see these legends tonight @the_prodigy #raveheroes #ryca #resin #art #toys #ryancallanan #prodigy #gold\xe2\x80\xa6 https://t.co/hyNIO2fp4I'
2018-11-14 17:10:57,"b'RT @the_prodigy: Massive respect to all our fans who supported us and put this album at number 1 today in the UK, let the noise ring out lo\xe2\x80\xa6'"
2018-11-14 16:58:53,b'New T is cool A.F. \xf0\x9f\x90\x9c\xf0\x9f\x90\x9c @the_prodigy #theprodigy \xf0\x9f\x94\xa5\xf0\x9f\x94\xa5 https://t.co/v05Gm9glHO'
2018-11-14 16:48:29,"b""The transcendent @the_prodigy lighting up Leeds last night ... \n\nCourtesy of my sister's superior phone and camera\xe2\x80\xa6 https://t.co/AE5noDHY37"""
2018-11-14 16:27:56,"b'Available 2 tickets for #TheProdigy tonight @ Alexandra palace , London 50 pounds per ticket. Tickets to be picked\xe2\x80\xa6 https://t.co/1P5meqOXwr'"
2018-11-14 16:15:08,"b""@the_prodigy new album #NoTourists is pure gold! Holy shit, this must be one of the most incredible things I've eve\xe2\x80\xa6 https://t.co/HzHH42wrZF"""
2018-11-14 16:02:59,b'RT @WORLDMUSICAWARD: TOP 10 ALBUMS ON \xf0\x9f\x8c\x8e ITUNES TODAY\n1\xe2\x83\xa3BohemianRhapsody #Queen\n2\xe2\x83\xa3ThePlatinumCollection Queen\n3\xe2\x83\xa3AStarIsBorn #LadyGaga #Bradl\xe2\x80\xa6'
2018-11-14 15:54:36,b'RT @WORLDMUSICAWARD: TOP 10 ALBUMS ON \xf0\x9f\x8c\x8e ITUNES TODAY\n1\xe2\x83\xa3BohemianRhapsody #Queen\n2\xe2\x83\xa3ThePlatinumCollection Queen\n3\xe2\x83\xa3AStarIsBorn #LadyGaga #Bradl\xe2\x80\xa6'
2018-11-14 15:40:12,b'x1 spare for The Prodigy tonight at Ally Pally \xc2\xa345. Meet at venue. #alexandrapalace #TheProdigy'
2018-11-14 15:30:41,b'RT @TheProdigyDaily: Keef Flint. 9/11/18 Motorpoint Arena Cardiff. #TheProdigy #theprodigy @the_prodigy https://t.co/X9Dgdpye4V'
2018-11-14 15:24:42,b'Just bringing myself down a few maturity rungs on the evolutionary ladder \xf0\x9f\x91\xbd #TheProdigy\xe2\x80\xa6 https://t.co/1skXKvAmRh'
2018-11-14 15:05:40,"b""Tickets available for tonight's gig in London selling for \xc2\xa350 each can meet at venue from 6.30pm please call me on\xe2\x80\xa6 https://t.co/tAUTEHAU9c"""
2018-11-14 14:40:20,b'Feelin a little smack my bitch up this morning \xf0\x9f\x99\x8c#theprodigy'
2018-11-14 14:38:07,b'RT @TheProdigyDaily: Liam Howlett. 9/11/18 Motorpoint Arena Cardiff. #TheProdigy #theprodigy @the_prodigy https://t.co/rgCLhsatUp'
2018-11-14 14:37:07,b'RT @TheProdigyDaily: Keef Flint. 9/11/18 Motorpoint Arena Cardiff. #TheProdigy #theprodigy @the_prodigy https://t.co/X9Dgdpye4V'
2018-11-14 14:36:58,b'RT @TheProdigyDaily: Leo and Olly. 9/11/18 Motorpoint Arena Cardiff. #TheProdigy #theprodigy @the_prodigy https://t.co/UQJkaxIvx7'
2018-11-14 14:36:34,b'RT @TheProdigyDaily: Maxim. 9/11/18 Motorpoint Arena Cardiff. #TheProdigy #theprodigy @the_prodigy https://t.co/nWsvMj38ch'
2018-11-14 14:35:19,"b'RT @Prodigy_Fanboy: Setlist from Leeds, amazing! Credit: @Dickybeat - #theprodigy #notourists https://t.co/jiXTJSHVdL https://t.co/H0dTbX8Z\xe2\x80\xa6'"
2018-11-14 14:31:26,b'RT @TheProdigyDaily: Ant logos. #TheProdigy #theprodigy blue or pink?!) https://t.co/xo4OMNetha'
2018-11-14 14:24:22,b'RT @R7Photography: The Prodigy at Leeds Arena.\n.\n.\n.\n#theprodigy #gigphotographer #gig #livemusicphotography #livemusicphoto #livemusic #co\xe2\x80\xa6'
2018-11-14 13:24:38,b'RT @R7Photography: The Prodigy at Leeds Arena.\n.\n.\n.\n#theprodigy #gigphotographer #gig #livemusicphotography #livemusicphoto #livemusic #co\xe2\x80\xa6'
2018-11-14 12:29:57,"b'RT @1GoodLeg: Part 2/2 @the_prodigy live at #Leeds tonight brought this auld man to life..... Fan flipping, ear bashing, eye blinding, foot\xe2\x80\xa6'"
2018-11-14 12:25:46,b'RT @cb4747: Selling 2 tickets for the prodigy tomorrow night #theprodigy #london #tickets'
2018-11-14 12:22:02,"b'Part 2/2 @the_prodigy live at #Leeds tonight brought this auld man to life..... Fan flipping, ear bashing, eye blin\xe2\x80\xa6 https://t.co/SbOKeYsvTY'"
2018-11-14 12:19:39,b'RT @Prodigy_Fanboy: Head over to our Instagram to enter! #Theprodigy #notourists https://t.co/jiXTJSHVdL https://t.co/97EyiX7EGq'
2018-11-14 12:17:00,b'Prodigy were VERY fucking good #theprodigy #firstdirectarenaleeds #datenight @ First Direct Arena https://t.co/SajG3RXW1q'
2018-11-14 12:04:20,b'Selling 2 tickets for the prodigy tomorrow night #theprodigy #london #tickets'
2018-11-14 11:51:51,b'RT @TheProdigyDaily: Keef Flint. 9/11/18 Motorpoint Arena Cardiff. #TheProdigy #theprodigy @the_prodigy https://t.co/X9Dgdpye4V'
2018-11-14 11:34:05,b'Are you going to see The Prodigy at Alexandra Palace tonight or tomorrow? Firestarter your evening with us! \xf0\x9f\x94\xa5\xe2\x80\xa6 https://t.co/kwQyZKAHWa'
2018-11-14 11:17:39,b'Going to #theprodigy gig tonight in London ! Check my mixtape for their contest with radio #reprezent ! #dreams\xe2\x80\xa6 https://t.co/2JqileP30q'
2018-11-14 10:53:43,b'RT @TheProdigyDaily: Maxim. 9/11/18 Motorpoint Arena Cardiff. #TheProdigy #theprodigy @the_prodigy https://t.co/nWsvMj38ch'
2018-11-14 10:46:29,b'RT @TheProdigyDaily: Ant logos. #TheProdigy #theprodigy blue or pink?!) https://t.co/xo4OMNetha'
2018-11-14 10:18:09,"b'Setlist from Leeds, amazing! Credit: @Dickybeat - #theprodigy #notourists https://t.co/jiXTJSHVdL https://t.co/H0dTbX8Zmx'"
2018-11-14 10:10:39,b'RT @TheProdigyDaily: Liam Howlett. 9/11/18 Motorpoint Arena Cardiff. #TheProdigy #theprodigy @the_prodigy https://t.co/rgCLhsatUp'
2018-11-14 10:10:36,b'RT @TheProdigyDaily: Keef Flint. 9/11/18 Motorpoint Arena Cardiff. #TheProdigy #theprodigy @the_prodigy https://t.co/X9Dgdpye4V'
2018-11-14 10:10:32,b'RT @TheProdigyDaily: Maxim. 9/11/18 Motorpoint Arena Cardiff. #TheProdigy #theprodigy @the_prodigy https://t.co/nWsvMj38ch'
2018-11-14 10:10:26,b'RT @TheProdigyDaily: Ant logos. #TheProdigy #theprodigy blue or pink?!) https://t.co/xo4OMNetha'
2018-11-14 10:10:18,b'RT @TheProdigyDaily: Leo and Olly. 9/11/18 Motorpoint Arena Cardiff. #TheProdigy #theprodigy @the_prodigy https://t.co/UQJkaxIvx7'
2018-11-14 10:07:19,b'Ant logos. #TheProdigy #theprodigy blue or pink?!) https://t.co/xo4OMNetha'
2018-11-14 10:03:41,b'Leo and Olly. 9/11/18 Motorpoint Arena Cardiff. #TheProdigy #theprodigy @the_prodigy https://t.co/UQJkaxIvx7'
2018-11-14 10:01:33,b'Maxim. 9/11/18 Motorpoint Arena Cardiff. #TheProdigy #theprodigy @the_prodigy https://t.co/nWsvMj38ch'
2018-11-14 10:00:45,b'Keef Flint. 9/11/18 Motorpoint Arena Cardiff. #TheProdigy #theprodigy @the_prodigy https://t.co/X9Dgdpye4V'
2018-11-14 09:59:47,b'Liam Howlett. 9/11/18 Motorpoint Arena Cardiff. #TheProdigy #theprodigy @the_prodigy https://t.co/rgCLhsatUp'
2018-11-14 09:54:42,b'RT @AmbersConnor: What an absolutely amazing gig tonight @fdarena  from @the_prodigy Non-stop energy absolutely LOVED IT! Didn\xe2\x80\x99t want it to\xe2\x80\xa6'
2018-11-14 09:48:25,b'RT @TheProdigyDaily: REVIEW: The Prodigy at Motorpoint Arena Cardiff https://t.co/PqW0GijqS0 #TheProdigy @the_prodigy'
2018-11-14 09:47:21,b'Head over to our Instagram to enter! #Theprodigy #notourists https://t.co/jiXTJSHVdL https://t.co/97EyiX7EGq'
2018-11-14 09:22:39,b'Good luck to our clients @the_prodigy playing tonight in Leeds.\n\xe2\x81\xa3\nSuch a humble set of guys to work with! \xe2\x81\xa3\n\xe2\x81\xa3\n\xe2\x81\xa3\xe2\x80\xa6 https://t.co/fdCndqgtou'
2018-11-14 09:18:21,"b'RT @1GoodLeg: @the_prodigy live at #Leeds tonight brought this auld man to life..... Fan flipping, ear bashing, eye blinding, foot tapping,\xe2\x80\xa6'"
2018-11-14 09:16:19,b'REVIEW: The Prodigy at Motorpoint Arena Cardiff https://t.co/PqW0GijqS0 #TheProdigy @the_prodigy'
2018-11-14 09:14:14,b'#TheProdigy tickets for sale https://t.co/I0HlSpFxxV'
2018-11-14 08:59:26,b'RT @AmbersConnor: What an absolutely amazing gig tonight @fdarena  from @the_prodigy Non-stop energy absolutely LOVED IT! Didn\xe2\x80\x99t want it to\xe2\x80\xa6'
2018-11-14 08:55:34,b'Really looking forward to seeing @the_prodigy tonight at Alexandria Palace with richardgowenphotography #theprodigy\xe2\x80\xa6 https://t.co/kMIHM6mReC'
2018-11-14 08:29:26,b'RT @AmbersConnor: What an absolutely amazing gig tonight @fdarena  from @the_prodigy Non-stop energy absolutely LOVED IT! Didn\xe2\x80\x99t want it to\xe2\x80\xa6'
2018-11-14 08:28:49,"b'RT @1GoodLeg: @the_prodigy live at #Leeds tonight brought this auld man to life..... Fan flipping, ear bashing, eye blinding, foot tapping,\xe2\x80\xa6'"
2018-11-14 08:27:29,b'RT @AmbersConnor: What an absolutely amazing gig tonight @fdarena  from @the_prodigy Non-stop energy absolutely LOVED IT! Didn\xe2\x80\x99t want it to\xe2\x80\xa6'
2018-11-14 08:19:14,b'RT @heartlesssangel: SMACK MY BITCH UP!!! #theprodigy #leeds https://t.co/QrHTOpsH0L'
2018-11-14 08:08:43,b'RT @heartlesssangel: SMACK MY BITCH UP!!! #theprodigy #leeds https://t.co/QrHTOpsH0L'
2018-11-14 08:01:18,b'The Prodigy....No good....\xf0\x9f\x99\x8c\xf0\x9f\x8f\xbb #theprodigy #birminghamarena #oldskool #tune #90s #wild #strobes #raving @ Arena Birmi\xe2\x80\xa6 https://t.co/MVikCVfEVE'
2018-11-14 07:59:43,b'The Prodigy....Everybody in the place....\xe2\x80\x99let\xe2\x80\x99s go\xe2\x80\x99 woop tuuuuunnnnneeeee....\xf0\x9f\x99\x8c\xf0\x9f\x8f\xbb #theprodigy #amazing #wild\xe2\x80\xa6 https://t.co/29vGh7pD1K'
2018-11-14 07:57:52,b'The Prodigy.....Breathe.....\xf0\x9f\x99\x8c\xf0\x9f\x8f\xbb #theprodigy #birminghamarena #90s #yes #oldskool @ Arena Birmingham https://t.co/gi2jG1fQjm'
2018-11-14 07:48:45,"b'RT @1GoodLeg: @the_prodigy live at #Leeds tonight brought this auld man to life..... Fan flipping, ear bashing, eye blinding, foot tapping,\xe2\x80\xa6'"
2018-11-14 07:47:35,b'RT @LewisHemingway: @the_prodigy that show was insane. Thank you! #leeds #TheProdigy #tour https://t.co/3ROfyDZGIX'
2018-11-14 07:37:41,"b'RT @the_prodigy: Massive respect to all our fans who supported us and put this album at number 1 today in the UK, let the noise ring out lo\xe2\x80\xa6'"
2018-11-14 07:37:21,"b'RT @1GoodLeg: @the_prodigy live at #Leeds tonight brought this auld man to life..... Fan flipping, ear bashing, eye blinding, foot tapping,\xe2\x80\xa6'"
